Actual,Predicted,Default_Probability
1,1,0.62306464
1,0,0.23629354
0,0,0.11224197
0,0,0.13276653
0,0,0.09264917
0,0,0.13171054
0,0,0.07307795
0,0,0.13852867
0,0,0.22152884
0,0,0.15585084
0,0,0.16800274
0,0,0.07005856
0,0,0.0557397
1,0,0.3456252
0,0,0.060474303
0,0,0.19006717
1,1,0.55470526
0,0,0.10525447
0,0,0.3918947
0,0,0.3039012
0,0,0.09324029
1,0,0.28088063
1,1,0.7685224
1,0,0.10968754
0,0,0.09598452
0,0,0.14309579
1,0,0.2930839
0,0,0.13325523
0,0,0.14722663
0,0,0.1534192
0,0,0.0541187
1,1,0.6142015
0,0,0.096014164
0,0,0.03990057
0,0,0.041616
0,0,0.120243035
0,0,0.09118196
0,0,0.17094459
1,0,0.25021705
0,0,0.15149139
0,0,0.10767413
0,0,0.12285701
0,0,0.19165722
0,0,0.10089123
0,0,0.21083422
1,0,0.2511448
1,0,0.31148002
1,0,0.225418
0,0,0.031597327
0,0,0.17204838
1,0,0.392262
0,0,0.11183767
0,0,0.049488887
0,0,0.13513148
0,1,0.56310797
0,0,0.12260621
0,0,0.06408788
0,0,0.10075837
0,0,0.3891241
0,0,0.099507764
1,0,0.06337567
0,0,0.11545056
1,1,0.7393614
1,0,0.14596345
0,0,0.24706501
1,0,0.27169272
1,1,0.61172706
0,0,0.34549537
0,0,0.14615622
0,1,0.61160874
0,0,0.2638018
1,1,0.72639495
0,0,0.089138955
0,0,0.2625924
0,0,0.0702874
0,0,0.32438803
0,0,0.16465674
0,0,0.2308851
1,0,0.16421425
1,0,0.31536534
0,0,0.061514806
0,0,0.05094204
1,0,0.15427187
0,0,0.15868303
0,0,0.15049163
0,0,0.07962792
1,0,0.35823432
0,0,0.118531674
0,0,0.077383846
0,1,0.739656
1,1,0.6668463
0,0,0.18959537
0,0,0.13289884
0,0,0.14263073
0,0,0.1512241
0,0,0.11284111
0,0,0.061670247
0,0,0.07348532
0,0,0.15408409
1,0,0.16300027
0,0,0.16161862
0,0,0.13665166
0,0,0.18019609
1,0,0.14479344
0,1,0.6346587
0,0,0.16727373
0,0,0.13051207
0,0,0.12027438
0,0,0.13132088
0,0,0.4682799
0,0,0.13258758
0,0,0.2547261
0,1,0.6009215
0,0,0.09245668
0,0,0.14719914
1,0,0.35924718
0,0,0.18372972
1,1,0.6421995
0,0,0.04077445
0,0,0.07084452
1,1,0.73456335
1,0,0.37252456
0,0,0.34301862
1,1,0.74847263
0,0,0.166065
0,0,0.40305236
0,0,0.08604573
1,0,0.0998827
1,0,0.17732109
0,1,0.6163455
0,0,0.14362383
0,0,0.24875434
0,0,0.09759252
0,0,0.13678668
0,0,0.17623742
0,0,0.27370265
0,0,0.07000718
0,0,0.1245871
1,0,0.21441363
0,0,0.12633675
1,0,0.33334228
0,0,0.22029737
0,0,0.34466556
0,0,0.046030752
0,0,0.17698997
0,0,0.21976818
1,0,0.101239555
0,0,0.1484644
0,0,0.43928394
0,0,0.28109902
0,0,0.18499836
0,0,0.085430615
0,0,0.18906316
0,0,0.08987207
0,0,0.188748
0,0,0.076725155
0,0,0.07727897
0,0,0.09693064
1,1,0.6785394
0,1,0.6142059
0,1,0.7032143
0,0,0.40792674
0,0,0.21012196
0,0,0.20978685
0,0,0.13753065
0,0,0.093133815
0,0,0.052139264
0,0,0.22889923
0,0,0.12751687
0,0,0.14446141
0,0,0.05074179
0,0,0.11406173
0,0,0.14031036
1,0,0.46407098
0,0,0.32926783
1,0,0.3989543
0,0,0.15315834
0,0,0.24923639
0,0,0.17183323
0,0,0.18705258
0,0,0.12556177
0,0,0.07615302
0,0,0.026106177
1,0,0.13942686
0,0,0.19269219
1,0,0.2768421
0,0,0.086373605
1,1,0.7196324
0,0,0.14836717
0,0,0.40642133
0,0,0.046468258
1,1,0.689367
0,0,0.090411074
0,0,0.1513741
0,0,0.11628643
1,0,0.43112928
0,0,0.2146507
0,0,0.15746923
0,0,0.11490083
1,0,0.3218466
0,0,0.23857288
0,0,0.18433313
0,0,0.071052484
0,0,0.093477435
0,0,0.08729312
0,0,0.2040099
0,0,0.23329274
1,0,0.15208827
1,0,0.10840434
0,0,0.084766306
0,0,0.07639874
1,0,0.22334567
0,0,0.1625295
0,0,0.22711799
0,1,0.6913076
0,0,0.31914464
1,0,0.2607325
0,1,0.6359531
0,0,0.09491199
0,0,0.15876211
1,1,0.6304443
0,0,0.21801458
0,0,0.1461799
0,0,0.03586972
1,0,0.2860822
0,0,0.07546771
0,0,0.12179938
0,0,0.17118329
1,1,0.63696444
0,0,0.20833154
0,0,0.13230841
1,0,0.27601096
0,0,0.13556895
1,1,0.6979869
0,0,0.14355722
0,0,0.11695005
0,0,0.08186137
0,0,0.10592049
1,0,0.119991615
1,0,0.09461075
0,0,0.28058663
0,0,0.13653697
0,0,0.12515539
0,0,0.34669858
0,0,0.4888121
0,0,0.17727196
0,0,0.07341119
0,0,0.10107796
0,0,0.09833953
0,0,0.13956799
0,0,0.27778438
0,0,0.14379266
1,0,0.09346372
0,0,0.07797513
0,0,0.06708408
0,0,0.14635226
0,0,0.14007102
0,0,0.09631193
0,0,0.14634283
1,1,0.6525518
0,0,0.023304349
0,0,0.13106355
0,0,0.18002148
0,0,0.117170244
0,0,0.13749601
0,0,0.20788506
0,0,0.25893492
1,0,0.117880784
0,0,0.17922573
1,1,0.66595006
0,0,0.10400236
0,0,0.29064733
1,0,0.44677156
0,0,0.08540646
1,0,0.27936134
0,0,0.09710569
1,0,0.4093144
0,0,0.25419748
0,0,0.13750803
0,0,0.064872466
0,0,0.19064888
0,0,0.07174479
0,0,0.086041056
0,0,0.09008818
0,0,0.080795474
0,0,0.065612555
0,1,0.6047336
0,0,0.06507695
1,1,0.6155204
0,0,0.09566972
1,0,0.15416458
1,0,0.3074807
0,1,0.76026046
1,0,0.36179724
0,0,0.26951048
0,0,0.09616969
0,0,0.15913439
0,0,0.091349244
0,0,0.061291803
1,0,0.29525846
0,0,0.10392092
0,0,0.2694815
0,0,0.13996527
1,0,0.31690696
0,0,0.12849632
0,0,0.17479841
0,0,0.057818558
0,0,0.21712314
1,1,0.7249061
0,0,0.09329225
0,0,0.10797386
0,0,0.08651856
0,0,0.29363525
1,0,0.2565565
0,0,0.124760136
1,0,0.13539045
0,0,0.09658361
0,0,0.23201817
0,1,0.6369955
0,0,0.28384268
1,0,0.26505837
0,0,0.07668078
0,0,0.1530368
1,0,0.063213706
0,0,0.04414726
0,0,0.15466745
1,0,0.27920753
1,1,0.7148187
0,0,0.040374212
0,1,0.7300198
1,0,0.15719107
1,0,0.25081196
0,0,0.20886503
0,0,0.24460568
0,0,0.15413652
0,0,0.08431315
0,0,0.0886091
0,0,0.22738053
1,0,0.13128532
0,0,0.1197253
0,0,0.17947848
0,0,0.21598391
0,0,0.12806587
0,0,0.07684497
0,0,0.08993598
0,0,0.11525137
0,0,0.13371882
1,0,0.13623406
0,0,0.101469934
1,0,0.15757237
0,0,0.11500191
0,0,0.32887122
1,0,0.35489303
0,0,0.09990365
0,1,0.68048984
1,0,0.09163131
0,0,0.08132473
0,0,0.039959855
0,0,0.09494212
0,0,0.050685205
1,1,0.85182464
0,0,0.051843885
0,1,0.64673406
1,0,0.33246467
0,0,0.15598303
0,0,0.18595934
0,0,0.11057518
0,1,0.5719889
0,0,0.3429416
1,1,0.6264567
1,1,0.5864606
0,0,0.070482306
0,0,0.28479615
0,0,0.15747246
0,0,0.10570873
0,0,0.13075209
0,0,0.2566498
0,0,0.09224825
0,0,0.06462267
1,0,0.13363737
0,0,0.09901248
1,1,0.63001055
0,0,0.06115994
1,0,0.30662933
0,0,0.10976554
0,0,0.13818468
0,0,0.20657504
1,0,0.42172772
0,0,0.09258902
1,0,0.21220979
0,0,0.3658415
1,0,0.10730791
0,0,0.059994735
0,0,0.08394404
0,0,0.083024494
0,0,0.09890922
0,0,0.116493575
0,0,0.14716965
0,0,0.068942726
0,1,0.7301529
0,0,0.08305523
0,0,0.14395034
1,0,0.16662706
0,0,0.15015288
1,1,0.73449177
0,0,0.10123873
0,0,0.11273968
0,0,0.1628607
0,0,0.045594722
0,0,0.08573628
1,0,0.4057298
0,0,0.21624246
0,0,0.1959403
1,0,0.17654167
0,0,0.025905915
0,0,0.14284028
0,0,0.1104291
0,0,0.20861077
0,0,0.12810387
1,0,0.31721497
0,1,0.7065266
0,0,0.061711207
0,0,0.10087572
1,1,0.6829292
0,0,0.05859509
0,0,0.16677435
1,1,0.7446617
1,0,0.24418567
0,0,0.15087254
0,0,0.09413166
0,0,0.099423625
1,0,0.15980773
0,0,0.09337509
0,0,0.05757444
0,0,0.053326596
1,1,0.57890993
0,0,0.20699884
0,0,0.10158287
0,0,0.13257454
1,0,0.11411142
0,0,0.1247729
0,0,0.22444446
0,0,0.26366657
0,0,0.07753885
1,0,0.12367675
0,0,0.08737921
0,0,0.08977204
0,0,0.09111509
0,0,0.066244796
0,0,0.16959801
1,0,0.3918947
1,1,0.653501
0,0,0.09869398
0,0,0.09375177
0,0,0.06294895
0,0,0.16924103
0,0,0.42756703
0,0,0.122819796
0,0,0.06628602
1,0,0.13471965
0,0,0.089358866
0,0,0.11585994
0,0,0.040305212
0,0,0.0576978
0,0,0.37373954
1,0,0.15373941
1,0,0.12553702
0,0,0.0935056
0,0,0.043174703
0,0,0.14114329
1,0,0.113576084
0,0,0.12831022
0,0,0.12980321
0,0,0.3475887
0,0,0.15423994
0,0,0.1451954
0,0,0.14289661
0,0,0.1931039
0,0,0.24250753
0,0,0.2511448
0,0,0.06200102
1,0,0.40616882
0,0,0.15305507
0,0,0.42850086
0,0,0.15594898
0,0,0.096527316
0,0,0.08031206
0,0,0.066716835
1,0,0.27903736
0,0,0.060798306
0,0,0.19309984
0,1,0.6952532
0,0,0.11372449
0,0,0.08300574
1,0,0.16259937
0,0,0.20335652
0,0,0.10929466
0,0,0.29747984
0,0,0.26487845
0,0,0.40235642
0,0,0.34451947
0,0,0.43362144
0,0,0.120479465
1,0,0.118430145
0,0,0.21601462
0,0,0.24566422
0,0,0.12904878
0,0,0.08811532
0,0,0.14510661
0,0,0.16447875
0,0,0.21654789
1,0,0.26519567
0,0,0.0445657
1,1,0.7365477
0,0,0.29051077
0,0,0.069871835
0,0,0.12236882
0,0,0.13039874
0,0,0.23878841
0,0,0.05395758
0,0,0.16618316
0,0,0.08363983
1,0,0.15873004
1,0,0.09359458
0,0,0.06320803
0,0,0.120127454
0,0,0.28352997
1,1,0.5665276
0,0,0.20631176
0,0,0.2248238
0,0,0.12711754
0,0,0.1421062
1,1,0.5488196
1,1,0.72963893
0,0,0.09678426
0,0,0.19167843
0,0,0.12651025
0,0,0.10125528
0,0,0.17648423
0,0,0.39642763
0,0,0.2539314
0,0,0.29876637
1,1,0.6662197
0,0,0.10473075
0,0,0.054496665
0,0,0.04540359
1,0,0.26675868
0,0,0.246107
0,0,0.09842296
0,0,0.07922827
1,0,0.40801227
1,0,0.07634929
1,0,0.13455924
0,0,0.21424253
0,0,0.11588769
0,0,0.040698763
0,0,0.08972683
0,0,0.28244984
0,0,0.17135441
0,0,0.07433241
0,0,0.067115195
0,0,0.0810061
0,0,0.21832614
0,0,0.06063243
0,0,0.25027186
0,0,0.0551446
1,0,0.13152182
0,0,0.064593896
0,0,0.13898298
0,0,0.09548231
0,0,0.09676118
0,0,0.13043799
0,0,0.09900595
1,0,0.12274977
0,0,0.076107346
1,1,0.76488775
0,0,0.0921846
0,0,0.2420102
0,0,0.17618175
0,0,0.104555875
1,0,0.29876834
0,0,0.078485236
0,0,0.094549835
0,0,0.10140114
0,0,0.13095914
0,0,0.25961396
1,0,0.31536534
1,0,0.13882118
0,0,0.098179124
0,0,0.046533417
0,0,0.051737234
0,0,0.07089988
0,0,0.14524403
0,0,0.10973503
0,0,0.08477067
0,0,0.091680855
0,0,0.10123704
0,0,0.3039012
0,1,0.5912809
1,0,0.25302923
0,0,0.07639782
1,0,0.30408126
0,0,0.11405508
0,1,0.6894024
0,0,0.26904437
0,0,0.46055806
0,0,0.16657592
0,0,0.18199936
0,0,0.06666352
0,0,0.24911696
0,0,0.047939733
1,0,0.1969353
0,0,0.13711116
0,1,0.61486155
0,0,0.44196907
0,0,0.07941865
0,0,0.22113536
0,0,0.07400377
0,0,0.1378985
0,0,0.070251465
0,0,0.06860153
0,0,0.25872362
0,0,0.1783875
0,0,0.2134555
0,0,0.24207719
0,0,0.30831248
0,0,0.1330093
0,0,0.22397384
0,0,0.15797673
0,0,0.07398421
0,0,0.22593236
0,0,0.19415845
0,0,0.16757701
0,0,0.27751246
0,0,0.09445403
0,0,0.28513297
0,0,0.16372852
0,0,0.1513399
0,0,0.052190445
0,0,0.056724895
0,0,0.07842309
0,0,0.1170258
0,0,0.0558123
0,0,0.06546183
0,0,0.2767879
0,0,0.19488814
1,1,0.53596777
0,0,0.1015824
1,1,0.68452424
0,1,0.6607042
0,0,0.237734
0,0,0.07133069
0,0,0.16543928
1,0,0.26617473
0,0,0.18895301
1,0,0.0756337
0,0,0.10776277
1,0,0.071081795
0,0,0.09850605
0,0,0.15291052
0,0,0.0516121
1,0,0.10602559
0,0,0.19582884
0,0,0.17302619
0,0,0.3806317
0,0,0.11446294
0,0,0.17165338
0,0,0.16729127
0,0,0.47972217
1,1,0.6970267
0,0,0.42437196
1,0,0.19242576
1,1,0.6293689
1,1,0.69373524
0,0,0.060345564
1,1,0.74601066
1,1,0.7174067
0,0,0.0357111
0,0,0.11811547
0,0,0.08413516
0,0,0.10353166
0,0,0.2511448
0,0,0.1626714
0,0,0.049501304
0,0,0.117704295
0,0,0.094890736
1,0,0.29162958
0,0,0.09014224
0,0,0.10425125
0,0,0.106716156
0,0,0.049406677
0,0,0.32155323
1,1,0.5944684
0,0,0.25830287
0,0,0.057678033
0,0,0.2511448
0,0,0.12050352
0,0,0.2823118
0,0,0.032435697
0,0,0.11449936
0,0,0.16593619
0,0,0.10409366
1,0,0.23090747
1,0,0.33426243
0,0,0.39897943
1,0,0.15470831
0,0,0.16103712
0,1,0.5766522
0,0,0.3455229
0,0,0.18509205
0,0,0.13581899
0,0,0.18083002
0,0,0.14388376
0,0,0.21410106
0,0,0.13137826
0,0,0.1316371
0,0,0.070441775
1,0,0.11439031
0,0,0.3131718
0,0,0.1012361
0,0,0.24210942
1,0,0.20193808
0,0,0.122290105
0,0,0.07569196
0,0,0.32803518
1,0,0.34433338
0,0,0.05243889
0,0,0.1607108
0,0,0.044419773
1,0,0.29499018
0,0,0.16189599
0,0,0.100511834
0,0,0.23752138
0,0,0.23402856
0,0,0.09162327
0,0,0.09545038
0,0,0.07438458
0,0,0.052148845
0,0,0.100354664
1,1,0.67890304
0,0,0.06991316
0,0,0.17461883
0,0,0.09308485
0,0,0.21193282
0,0,0.04178231
0,0,0.0746147
0,0,0.14345384
1,0,0.122591406
1,0,0.1979092
1,1,0.6375603
0,0,0.18088311
0,1,0.53664154
1,0,0.1523596
0,0,0.05814691
0,0,0.17085147
0,0,0.06450555
0,0,0.07193115
1,0,0.4550237
0,0,0.05866021
0,0,0.15184222
1,0,0.25662762
0,0,0.2235336
0,0,0.0730759
0,0,0.10907612
0,0,0.09324366
0,0,0.12001668
0,0,0.10458766
0,0,0.07225782
0,0,0.22789879
0,0,0.10070483
0,0,0.038698573
0,0,0.26005813
0,0,0.19718711
0,0,0.093477435
0,0,0.09002424
0,0,0.19557585
0,0,0.062157203
0,0,0.20272934
1,1,0.55472696
0,0,0.24083573
0,0,0.25613493
0,0,0.3091614
1,1,0.7220755
1,0,0.33324152
1,0,0.12883279
0,0,0.13562696
0,0,0.13716237
0,0,0.073600106
0,0,0.13314909
0,0,0.14489652
0,0,0.33091533
0,0,0.25343555
0,0,0.14938425
0,0,0.22396486
0,0,0.13882576
0,0,0.09880651
0,0,0.2511448
0,0,0.1495702
0,1,0.6917508
0,0,0.070909716
0,0,0.14077917
1,1,0.65574425
0,0,0.12737659
0,0,0.14008497
0,0,0.092242844
0,0,0.08160884
0,0,0.2246762
1,0,0.49214005
0,0,0.08910268
0,0,0.121370606
0,0,0.20043011
0,0,0.050365355
0,0,0.25052333
0,0,0.09443292
1,0,0.38635716
0,0,0.25255606
1,1,0.62440705
0,0,0.2041456
0,0,0.096335255
0,0,0.07509858
0,0,0.26704633
1,0,0.17146058
0,0,0.1265046
0,0,0.17650273
1,0,0.18489042
0,0,0.22183059
0,0,0.24864453
0,0,0.36866304
0,0,0.11389004
0,0,0.0645626
0,0,0.11012321
0,1,0.64180756
1,0,0.078974515
0,0,0.12269161
0,0,0.16969825
1,0,0.20161393
0,1,0.71999246
0,0,0.1284539
0,0,0.04219968
1,0,0.37252456
0,0,0.16646361
0,0,0.05743956
0,0,0.090351984
1,0,0.3081709
0,0,0.05931237
0,0,0.06383735
0,0,0.106679484
1,1,0.6738077
1,1,0.6963957
0,0,0.26674694
0,0,0.37498835
0,0,0.31087825
0,0,0.14632231
0,0,0.09314461
0,0,0.15313695
0,0,0.09286436
1,0,0.47592694
1,1,0.7271313
0,0,0.10400058
0,0,0.20513527
0,0,0.21374364
0,0,0.06484901
1,1,0.71823543
0,0,0.14441814
0,0,0.07091264
0,0,0.17298807
0,0,0.11715053
0,0,0.13667034
0,0,0.10193545
0,0,0.18582618
0,0,0.20667028
0,0,0.11085625
0,0,0.041309305
0,0,0.09428062
0,0,0.28558615
0,0,0.21565929
0,0,0.057405036
0,0,0.0799533
0,0,0.11575388
0,1,0.75179845
0,0,0.1047896
1,0,0.33334228
0,0,0.112514056
0,0,0.123834334
1,0,0.14271992
0,0,0.11961879
0,0,0.10277395
0,0,0.071624435
0,0,0.17263252
0,0,0.05425717
0,0,0.23448361
0,0,0.19259918
0,0,0.1128364
0,0,0.074564576
1,0,0.25790638
0,0,0.15216647
1,1,0.5627052
1,1,0.70410603
1,0,0.2416817
0,0,0.121465616
0,0,0.18350679
0,0,0.17316101
0,0,0.09255285
0,0,0.1726899
0,1,0.75970227
0,0,0.362851
1,1,0.7117147
0,0,0.0999207
0,0,0.15591769
0,0,0.03217665
0,1,0.6106116
0,0,0.11600816
0,0,0.09507946
0,0,0.28030896
0,0,0.13604957
0,0,0.21817927
0,0,0.06171734
1,0,0.31133226
0,0,0.07323736
0,0,0.09045666
0,0,0.23246682
0,0,0.2138141
0,0,0.08530173
0,0,0.32073453
0,0,0.14722079
1,0,0.36633518
0,0,0.25234228
0,0,0.1267488
0,0,0.043539897
0,0,0.0895212
0,0,0.060779434
1,0,0.07745022
1,0,0.40709287
1,1,0.8020222
0,0,0.15722097
0,0,0.14134778
0,0,0.09370815
0,0,0.126345
1,0,0.39207706
0,0,0.06411543
0,0,0.18907252
0,0,0.1833563
0,0,0.12628818
1,1,0.66901094
0,0,0.093353316
0,0,0.065635055
0,0,0.10857199
0,0,0.12015553
0,0,0.04778982
0,0,0.15547185
1,0,0.16239074
0,0,0.099423625
0,0,0.03651802
0,0,0.10526549
0,0,0.08681894
0,0,0.1193115
0,0,0.08070935
1,0,0.19903311
0,0,0.066985846
1,0,0.14001927
1,0,0.25571898
0,0,0.2863505
0,0,0.06527856
0,0,0.19237494
0,0,0.12488426
0,0,0.05299254
0,0,0.2948286
0,0,0.14335358
0,0,0.12461434
0,0,0.09091703
1,0,0.045993526
0,0,0.10438499
1,1,0.73154056
0,0,0.10585341
1,0,0.10487221
0,0,0.12626198
1,0,0.40287095
0,0,0.14195192
1,0,0.14403524
0,0,0.18903485
0,0,0.12285701
0,1,0.6489555
1,0,0.03422435
0,0,0.12810387
0,0,0.11528233
1,0,0.09514126
0,0,0.12918346
0,0,0.33945638
0,1,0.6750656
0,0,0.29589495
0,0,0.1664377
1,0,0.2946595
0,0,0.10481007
1,0,0.095098
1,0,0.30787832
0,0,0.07999535
0,0,0.23562647
1,0,0.37252456
1,0,0.28157026
0,1,0.6123357
0,0,0.17192963
0,0,0.05564305
0,0,0.1466941
1,0,0.3701484
1,0,0.09873182
0,0,0.14132234
0,0,0.1725065
0,0,0.102464534
0,0,0.3957199
0,0,0.13517737
0,0,0.09705167
0,0,0.22430827
0,0,0.039704975
0,0,0.10268286
0,0,0.06452333
0,0,0.106450625
1,0,0.1331608
1,1,0.58510065
0,0,0.15453275
0,0,0.20325771
0,0,0.11648952
0,0,0.09241608
0,0,0.09764469
0,0,0.12859774
0,0,0.0899961
0,0,0.13205576
0,0,0.07159461
0,0,0.02967261
0,0,0.23792972
1,1,0.6928439
0,0,0.12173796
0,0,0.14852995
1,0,0.2690861
0,0,0.07045444
0,0,0.1710251
1,0,0.29035154
0,0,0.05573838
1,0,0.09947107
0,0,0.12818578
0,0,0.13357003
0,0,0.21145044
1,1,0.63764805
0,0,0.105762675
0,0,0.11006752
1,1,0.7184015
0,0,0.14603272
1,0,0.163495
1,0,0.34377962
0,0,0.10525126
0,0,0.19247982
0,1,0.5450669
0,0,0.084583946
0,0,0.14320387
0,0,0.12712929
0,0,0.46278727
0,0,0.14180827
0,0,0.17850214
0,0,0.14785863
0,0,0.07797565
1,1,0.589016
1,0,0.27074748
0,0,0.13550685
1,0,0.095918424
0,0,0.07133301
1,1,0.5819864
0,0,0.068608575
0,0,0.09418364
1,0,0.2516566
0,0,0.10739078
0,0,0.26308292
0,0,0.117256224
1,0,0.06946874
0,0,0.0907218
0,0,0.056037832
0,0,0.15390088
0,0,0.10599539
0,0,0.059305947
0,0,0.05794643
0,0,0.29285026
0,0,0.10980478
0,0,0.091159046
0,1,0.50778484
0,1,0.7164786
1,0,0.4249289
0,0,0.12555923
0,0,0.2348587
1,0,0.08342648
0,0,0.2611768
0,0,0.1658297
0,0,0.054500144
0,0,0.13730788
0,0,0.09050259
0,0,0.1858159
1,0,0.37252456
0,0,0.25994852
0,0,0.083471246
0,0,0.10510933
0,0,0.24804711
0,0,0.26476842
0,0,0.09666085
1,0,0.1729281
1,0,0.45072025
0,0,0.21128702
0,0,0.09197781
1,1,0.5013327
0,0,0.11600565
0,0,0.1209311
0,0,0.16369262
1,0,0.10125448
0,0,0.2045699
0,0,0.36311647
0,0,0.17364202
0,0,0.0913074
0,0,0.101867005
0,0,0.14277846
0,0,0.07680893
1,0,0.0804357
0,0,0.2995851
1,1,0.5019818
0,0,0.14719228
1,1,0.6458742
1,0,0.41622794
0,0,0.15694058
0,0,0.09722985
0,0,0.103743106
0,0,0.22689575
0,0,0.027312849
0,0,0.07369693
0,0,0.3039012
1,0,0.32677156
1,0,0.108304374
0,0,0.18180628
0,1,0.58016676
0,1,0.7218367
0,0,0.44144955
0,0,0.22160244
0,0,0.13637432
0,0,0.15690152
0,0,0.12397408
0,0,0.09108302
0,0,0.1409104
0,0,0.36164534
0,0,0.088109426
0,0,0.14872031
1,1,0.70873004
1,1,0.6502323
1,1,0.7017247
0,0,0.17029391
0,0,0.19322553
0,0,0.2837634
0,0,0.26713583
0,0,0.2535049
1,1,0.7381562
0,0,0.08857371
0,0,0.2948714
0,0,0.054126706
0,0,0.088339165
0,0,0.32393765
0,0,0.23124763
0,0,0.3791878
0,0,0.14046362
0,0,0.07599701
0,0,0.07447038
0,0,0.05756072
0,0,0.2721545
0,0,0.45160422
0,0,0.084458105
0,0,0.11738584
0,0,0.1560395
0,0,0.17772657
1,0,0.20424883
0,0,0.12277697
0,0,0.06613447
0,0,0.21220264
1,0,0.07777032
1,1,0.6737053
0,0,0.16439004
0,0,0.06915132
0,0,0.15311022
0,0,0.1453525
0,0,0.23582302
0,1,0.62477064
1,1,0.6069343
0,0,0.1044703
0,0,0.12560111
0,0,0.21677966
1,0,0.29299948
0,0,0.20997044
0,0,0.05365892
0,0,0.09787203
0,0,0.10794439
0,0,0.076247305
1,0,0.09729198
0,0,0.044308897
0,0,0.095937565
0,0,0.12162148
0,0,0.10165096
0,0,0.15041962
1,0,0.076616175
0,0,0.2027936
0,0,0.091752075
0,0,0.096084595
0,0,0.1172993
0,0,0.4198558
0,0,0.07474136
1,0,0.08794738
1,1,0.7498428
0,0,0.11077676
1,0,0.06257283
1,0,0.22671686
0,0,0.094604224
0,0,0.25497216
1,0,0.13041994
0,0,0.10959102
0,0,0.106510006
0,0,0.08377751
0,0,0.08244251
0,0,0.075778075
0,0,0.18113527
0,0,0.061151985
0,0,0.10340693
0,0,0.1547885
0,0,0.15365574
1,0,0.10225808
0,0,0.12775096
1,0,0.16700602
0,0,0.149783
0,0,0.035338
1,0,0.1259671
0,0,0.13236882
1,0,0.13498272
0,0,0.051203366
0,0,0.41616425
0,0,0.28258356
0,0,0.13550194
1,0,0.15720576
1,1,0.5750901
0,0,0.08787864
1,0,0.10029149
0,0,0.13113147
0,0,0.19571385
0,0,0.47616932
0,0,0.15993945
1,0,0.4747833
0,0,0.23888241
0,0,0.11795024
1,1,0.6865089
0,0,0.15613931
0,0,0.060327586
1,1,0.7052031
0,0,0.079766124
1,0,0.07434352
0,0,0.15989618
0,0,0.09136162
0,0,0.09153181
0,0,0.18945217
0,0,0.18331571
0,0,0.08350868
0,0,0.2366021
0,1,0.60498345
0,0,0.06850378
1,0,0.11131302
0,0,0.14623635
1,0,0.33095425
0,0,0.06799863
0,0,0.10825444
0,0,0.092585795
0,0,0.40327573
1,0,0.16146454
0,0,0.051582284
0,0,0.1346597
0,0,0.21298255
0,0,0.04321618
0,0,0.20685326
0,0,0.089274324
1,0,0.29308593
0,0,0.046781838
0,0,0.22253783
0,0,0.06972719
0,0,0.072117135
0,0,0.06270854
0,0,0.30436033
0,0,0.11646887
0,0,0.07515032
0,0,0.052030053
0,0,0.05764347
0,0,0.06255389
0,0,0.035134662
1,1,0.57462376
0,0,0.066595666
0,0,0.18830922
0,0,0.19174355
0,0,0.12460639
1,0,0.08520372
0,0,0.0743895
0,0,0.055479582
0,0,0.4046786
0,0,0.08893621
1,0,0.13296504
1,0,0.13803169
0,1,0.6146472
1,0,0.33640373
0,0,0.23417196
1,1,0.6009965
0,0,0.21872415
0,0,0.097723685
0,0,0.17657217
0,0,0.22486152
0,0,0.25777668
0,0,0.0979491
1,1,0.6066372
0,1,0.6429863
0,0,0.05065149
0,0,0.038932692
0,1,0.6930978
1,0,0.30734563
0,0,0.049808566
0,0,0.10886162
0,0,0.35319248
0,0,0.050763637
0,0,0.05170607
0,0,0.1010733
0,0,0.038431533
0,0,0.23650967
0,0,0.1065327
0,1,0.5503699
0,0,0.091680855
0,0,0.2294353
0,0,0.094823934
0,0,0.16895637
0,0,0.24658562
0,0,0.14522536
1,0,0.31536534
0,0,0.116214424
1,0,0.13376859
0,0,0.14251244
1,1,0.73229617
0,0,0.12282112
0,0,0.13942428
1,0,0.40938464
0,0,0.04563248
0,0,0.064760566
1,0,0.1618222
0,1,0.5759429
1,0,0.10360648
0,0,0.17948285
0,0,0.10179671
0,0,0.1277962
0,0,0.04981758
1,0,0.4227837
0,0,0.3132528
1,0,0.1234374
0,0,0.16718754
0,0,0.21452041
0,0,0.14065407
0,0,0.12907417
0,0,0.10122134
1,1,0.636307
0,0,0.12646376
0,0,0.0657406
0,0,0.12611043
0,0,0.14480896
1,1,0.71979576
0,0,0.12986793
0,0,0.38534087
0,0,0.19811176
0,0,0.2145632
1,0,0.13771217
0,1,0.6461614
0,0,0.26438108
0,0,0.041370884
0,0,0.077705674
0,1,0.66296756
0,0,0.13037655
0,0,0.10451177
0,0,0.16632327
0,0,0.16049309
0,0,0.12636112
0,0,0.100408986
0,0,0.36903226
0,0,0.3197206
0,0,0.24883187
0,0,0.090764605
0,0,0.0502853
0,0,0.12843053
0,0,0.074530594
0,0,0.0584131
0,0,0.33015653
0,0,0.06603091
0,0,0.39500493
1,1,0.67572206
0,0,0.14955318
0,0,0.07960883
0,0,0.16699861
0,0,0.085309595
0,0,0.0975748
1,0,0.4163259
0,0,0.10851211
0,1,0.64971316
0,0,0.17265143
0,0,0.0932514
0,1,0.61185664
1,0,0.15801272
0,0,0.089895986
0,0,0.11597534
1,0,0.104711525
0,0,0.08281168
0,0,0.067365095
1,0,0.093323596
0,0,0.098914154
0,0,0.15383512
0,0,0.057112698
0,0,0.2181867
0,0,0.07033094
0,0,0.042468887
0,0,0.13128316
0,0,0.15112953
0,0,0.24375404
0,0,0.1361538
0,0,0.04275256
0,0,0.08956826
0,0,0.05290302
0,0,0.101700775
0,0,0.29876637
0,0,0.106685966
0,0,0.15146115
0,0,0.10691624
0,1,0.7046165
1,1,0.7224652
0,0,0.10044841
0,0,0.13302128
1,1,0.74956286
1,1,0.7195777
0,0,0.19775565
0,0,0.18638302
1,1,0.7300938
1,0,0.14180572
0,0,0.097851336
0,0,0.21174343
0,0,0.103171654
0,0,0.36601105
0,0,0.07785908
1,0,0.2720408
0,0,0.09457966
1,0,0.2991063
0,1,0.68343186
1,0,0.1983156
0,0,0.17080335
0,0,0.19214754
1,0,0.12830716
0,0,0.19668175
1,0,0.19461957
0,0,0.11348031
0,0,0.33338282
0,0,0.16646107
0,0,0.22983399
0,0,0.15058658
1,0,0.27673844
1,0,0.17317027
0,0,0.18412186
1,1,0.70052737
0,0,0.21266852
0,0,0.087484896
0,0,0.06524235
0,0,0.09194968
0,0,0.10404002
1,0,0.2987226
0,0,0.21297534
0,0,0.1492529
1,0,0.22446546
0,0,0.109202065
1,0,0.21645097
0,0,0.034330603
0,0,0.27016902
1,0,0.093477435
0,0,0.08612342
0,0,0.10119924
0,0,0.14751741
1,0,0.23580293
0,0,0.1600132
0,0,0.050733928
0,0,0.19643357
0,0,0.079615586
0,0,0.099811584
0,0,0.13240923
1,1,0.7205098
0,0,0.03649925
0,0,0.1198254
1,1,0.6673863
1,0,0.47038937
0,0,0.091777235
0,0,0.10239765
0,1,0.63795656
0,0,0.0929283
0,0,0.073118754
0,1,0.5526863
1,1,0.8471417
0,0,0.17456597
0,0,0.14159162
0,0,0.25589406
0,0,0.1091603
0,0,0.3039012
0,0,0.26136604
0,0,0.13974573
0,0,0.08684548
0,0,0.05834647
0,0,0.239466
0,0,0.096775
0,0,0.14231199
1,1,0.6996635
0,0,0.098115586
0,1,0.63362813
0,0,0.12530649
1,0,0.16013001
0,0,0.17905508
0,0,0.13731214
0,0,0.17810625
1,1,0.74207103
0,1,0.6146924
0,0,0.06090732
0,1,0.6584073
0,1,0.74249405
0,0,0.109574415
1,1,0.73544854
0,0,0.14947009
0,1,0.55874354
1,0,0.104866326
0,0,0.11839907
0,0,0.271159
0,0,0.14843257
0,0,0.10199577
0,0,0.03909176
0,0,0.49937683
0,0,0.06327451
0,0,0.12946324
0,0,0.16775301
0,0,0.19857062
0,0,0.45401135
1,0,0.18826135
0,0,0.20604885
1,0,0.23710644
0,0,0.3074807
0,0,0.10675278
0,0,0.13361064
1,0,0.2609487
1,0,0.083098285
0,0,0.09597949
0,0,0.2408207
1,0,0.1307929
0,0,0.09948557
1,0,0.082326286
0,0,0.069784634
0,0,0.21006866
0,0,0.28916198
0,0,0.18245465
1,0,0.030819202
0,0,0.13814636
0,0,0.15068173
1,0,0.41734838
1,0,0.16821551
0,0,0.18620388
0,0,0.26635596
0,0,0.10296442
0,0,0.34805435
1,0,0.058807075
0,0,0.1902033
0,0,0.063057914
0,0,0.10368335
0,0,0.17700654
1,0,0.20575988
0,0,0.12989064
0,0,0.28168726
0,0,0.19424048
1,0,0.12597331
0,0,0.24422258
0,0,0.08582053
0,0,0.13056533
0,0,0.15806778
0,0,0.13616821
0,0,0.12793224
0,0,0.06714684
0,0,0.16767238
0,0,0.18702212
0,1,0.524139
0,0,0.11657365
0,0,0.10768726
0,0,0.10300579
0,0,0.05214282
0,0,0.055254046
0,0,0.109271266
0,0,0.1569011
0,0,0.28582755
0,0,0.069396466
0,0,0.038935866
0,0,0.22259249
0,0,0.07651378
0,0,0.23846447
0,0,0.12827948
0,0,0.07665838
1,0,0.14910258
0,0,0.1297724
0,0,0.3039012
0,0,0.09613233
0,0,0.17939384
0,0,0.061331898
0,0,0.14580102
1,1,0.6451834
1,0,0.11340277
0,0,0.13729781
0,0,0.13678573
0,0,0.23789701
0,0,0.04635924
0,0,0.0689525
1,0,0.23259258
0,0,0.14085844
1,0,0.1508564
1,0,0.4321302
0,0,0.09541679
0,0,0.097348236
1,0,0.09479746
0,0,0.20061079
0,0,0.09821496
0,0,0.19577323
0,0,0.08780772
0,0,0.061968386
1,1,0.6154747
0,0,0.1501472
1,0,0.16033947
0,1,0.718929
0,0,0.22608095
0,0,0.045793857
0,0,0.046914414
0,0,0.059308954
0,0,0.0941064
0,0,0.10701962
0,0,0.10910653
0,0,0.13505135
0,1,0.6729088
1,0,0.31114218
0,0,0.21650615
0,0,0.14699958
0,0,0.13447273
1,0,0.17965935
0,0,0.1991527
1,1,0.72542995
1,0,0.12587406
1,0,0.4450121
0,0,0.099796414
0,0,0.1715633
0,0,0.123403884
0,0,0.2443504
0,0,0.08650208
0,0,0.2141982
1,0,0.3429416
0,0,0.12049484
0,0,0.110505015
1,0,0.15499514
0,0,0.13497007
0,0,0.18231225
0,0,0.1918606
0,0,0.41968867
1,0,0.26892474
0,0,0.24749637
1,0,0.29857287
0,0,0.07976474
0,0,0.15555185
0,1,0.7387268
1,0,0.24585119
0,0,0.14455897
0,1,0.59771734
0,0,0.10931548
0,0,0.20085692
0,0,0.07669631
0,0,0.120274834
0,0,0.07045714
1,0,0.13895138
0,0,0.066816114
0,0,0.0750325
0,0,0.20590633
0,0,0.14429988
1,0,0.11171022
0,0,0.123463646
0,0,0.1393871
0,0,0.24492355
0,0,0.117897555
0,0,0.11861977
0,0,0.088030934
0,0,0.15449113
0,0,0.24400589
1,0,0.3346417
0,0,0.055417676
0,0,0.1606878
0,0,0.18835983
0,0,0.09620694
1,0,0.10564336
0,0,0.10769984
1,0,0.31468534
0,0,0.2638278
0,0,0.19503081
0,0,0.07774379
0,0,0.13071732
0,0,0.14184041
1,0,0.14806494
0,0,0.3790617
0,0,0.14817984
1,1,0.51982814
0,1,0.68115526
0,0,0.04955985
0,0,0.17485565
0,0,0.05369242
1,0,0.15265146
0,0,0.25547296
1,1,0.7373968
0,0,0.06539323
0,0,0.24262916
0,0,0.13779655
0,0,0.11371293
1,0,0.14609595
0,0,0.0861499
1,1,0.59625274
0,0,0.07966658
0,0,0.2689322
1,1,0.65318346
0,0,0.0744538
0,0,0.048483856
0,0,0.05727556
0,0,0.21030816
1,1,0.5676792
0,0,0.24495144
0,0,0.4164689
1,0,0.14681873
1,0,0.07775346
0,0,0.09668261
0,0,0.09057874
0,0,0.13415027
0,0,0.13626218
1,1,0.6352801
0,0,0.28964078
1,0,0.17537351
0,0,0.330366
1,0,0.13048865
0,0,0.14270139
0,0,0.1544637
0,0,0.14562477
0,0,0.07748404
0,0,0.12918495
0,0,0.17008828
0,0,0.062189415
0,0,0.13033131
0,0,0.095963165
0,0,0.1110042
1,1,0.7145366
0,0,0.06495559
0,0,0.0955466
0,0,0.15586974
0,0,0.21320201
0,0,0.10948458
0,0,0.30492315
0,0,0.10730362
0,0,0.3074807
0,0,0.124820225
0,0,0.15660606
0,0,0.16466597
0,0,0.058246788
0,0,0.4205589
1,0,0.16484371
1,1,0.65055907
0,0,0.10667233
0,0,0.08643029
1,0,0.16987622
0,0,0.17352587
0,0,0.123771116
0,0,0.08925339
1,1,0.72808766
0,0,0.1354287
1,1,0.789931
0,0,0.11386605
1,0,0.17922573
0,0,0.13280763
0,0,0.10729889
0,0,0.19999635
0,0,0.15255307
0,0,0.18914452
0,0,0.11151266
0,0,0.0515607
1,0,0.13436502
1,0,0.4902789
0,0,0.059724573
0,0,0.14068347
0,0,0.08299326
0,0,0.0940258
0,0,0.08273562
0,0,0.049819835
0,0,0.11658822
1,0,0.21842715
0,0,0.35020542
0,0,0.080802985
0,0,0.06795935
0,0,0.045100965
0,0,0.09700085
1,0,0.20674238
0,0,0.19248009
0,0,0.22902456
0,0,0.099908814
1,0,0.059864458
0,0,0.04059207
0,0,0.09575197
0,0,0.07035986
0,0,0.100832574
0,0,0.026858367
0,0,0.21391822
0,0,0.15768057
1,0,0.100245915
0,1,0.6084382
0,0,0.0748044
0,0,0.2431582
0,0,0.14708209
0,0,0.18608196
0,0,0.038199026
0,0,0.06919891
1,0,0.22943309
0,0,0.09632805
0,0,0.15175155
0,0,0.09452352
0,0,0.2248281
0,0,0.09252894
1,0,0.21652424
0,0,0.1320174
0,0,0.064932354
0,0,0.3306098
1,0,0.19791208
0,0,0.03700045
0,0,0.10453718
0,0,0.21083185
0,0,0.049519278
1,1,0.5156329
0,0,0.14907967
1,0,0.10630348
0,0,0.10665051
1,1,0.7814836
0,0,0.13259928
1,0,0.21554121
0,0,0.10504025
1,0,0.15398325
0,0,0.23156828
1,1,0.51042336
0,0,0.13289124
1,0,0.45138383
0,0,0.08154513
1,0,0.32413602
0,0,0.18348323
0,0,0.0775308
0,0,0.07761802
0,0,0.04962098
0,0,0.07729228
0,0,0.13217603
0,0,0.12511832
0,0,0.08546514
0,0,0.06520947
0,0,0.4061719
0,0,0.23776822
1,1,0.6035982
0,0,0.11917083
0,0,0.14371492
0,0,0.034693666
0,0,0.13219549
0,0,0.16556351
0,0,0.12687549
1,1,0.7034196
1,1,0.72470015
0,0,0.0993966
0,0,0.15271239
0,0,0.067719966
0,0,0.18445995
1,0,0.2704847
0,0,0.14290711
0,0,0.13809428
0,0,0.035835024
0,0,0.17315628
1,1,0.72785646
0,0,0.11182387
1,1,0.6249831
0,0,0.10207276
0,0,0.09384574
1,0,0.21584325
0,0,0.22695757
0,0,0.09837991
0,0,0.053063534
0,0,0.42559826
1,0,0.16598421
0,0,0.13183795
0,0,0.16365868
0,0,0.26707596
1,0,0.12438987
1,0,0.37775362
0,0,0.06464188
0,0,0.10305186
0,0,0.033666536
0,0,0.06224643
0,0,0.12949733
0,0,0.15952305
0,0,0.17653947
0,0,0.053370632
0,0,0.054672077
0,0,0.060994297
0,0,0.111806534
0,0,0.040565804
0,0,0.106972955
0,1,0.73514867
0,0,0.10620835
1,0,0.24602734
0,0,0.11518206
0,0,0.18051977
0,0,0.08701737
0,0,0.16649225
0,0,0.070249066
0,0,0.15321624
0,0,0.09088679
0,0,0.06991692
0,0,0.13457344
1,0,0.40017617
0,0,0.16615379
1,0,0.22596405
0,0,0.055541582
1,0,0.101288095
0,0,0.061210483
0,0,0.14759362
0,0,0.10488235
0,0,0.12503123
0,0,0.06559623
0,0,0.08196502
1,1,0.5722959
0,0,0.09191222
0,0,0.2579353
1,1,0.64315397
0,0,0.12873738
1,0,0.3490716
1,0,0.084479325
0,0,0.06354769
0,0,0.084391244
0,0,0.12979518
0,0,0.33945638
0,0,0.11865356
0,0,0.089770034
1,1,0.5741276
1,0,0.2879935
0,0,0.06356358
0,0,0.08060132
0,0,0.112780616
0,0,0.0652938
0,0,0.101766534
0,0,0.08375795
0,0,0.15737084
1,0,0.22720794
0,0,0.06860376
0,0,0.4880109
1,1,0.8206587
0,0,0.1070411
0,0,0.070012145
0,0,0.12135928
1,1,0.6382697
0,0,0.0539835
0,0,0.09815867
0,0,0.112564534
1,0,0.31536534
0,0,0.1999919
0,0,0.16791423
0,0,0.09609921
1,1,0.6335693
0,0,0.12620892
0,0,0.07870143
1,0,0.30400813
0,0,0.06853706
0,0,0.246107
1,1,0.5028479
0,0,0.18446381
0,0,0.12002208
0,0,0.113467015
0,0,0.1670583
1,0,0.05321579
1,0,0.31536534
1,1,0.7459568
0,0,0.05721201
1,0,0.324503
0,0,0.05446014
1,1,0.5085323
0,0,0.064139366
0,0,0.43803808
0,1,0.67267716
1,0,0.1526729
0,0,0.07646063
1,1,0.59266156
0,0,0.4801448
0,0,0.037254453
0,0,0.29148915
0,0,0.047013596
0,0,0.15480757
0,0,0.20072143
0,0,0.16367008
0,0,0.09217942
1,0,0.20466729
0,0,0.17816165
0,0,0.17029376
1,1,0.6341913
0,0,0.061541237
0,0,0.096138634
0,0,0.1390482
0,0,0.10225401
1,0,0.33405638
0,0,0.3309596
0,0,0.3560858
0,0,0.18868062
1,1,0.7443763
0,0,0.34171566
0,0,0.18272857
1,0,0.2916793
1,1,0.51000917
1,0,0.06792261
0,0,0.1062795
1,1,0.64906526
0,0,0.10104249
0,0,0.083579324
0,0,0.10018526
0,0,0.04234219
0,0,0.111741
1,1,0.68151593
0,0,0.09869636
0,0,0.07977765
1,0,0.22746362
1,1,0.61940634
0,0,0.0904925
0,0,0.22623174
0,0,0.02595467
0,0,0.14714175
0,0,0.23051037
0,0,0.11677936
0,0,0.05631841
0,0,0.07277319
0,0,0.20173904
0,0,0.08510041
0,0,0.25698984
0,0,0.27318707
0,0,0.18643227
1,0,0.14645265
0,0,0.13497442
1,1,0.71484697
0,0,0.27526522
0,0,0.11136409
0,0,0.21637358
0,0,0.09351247
0,0,0.43162578
0,1,0.69263005
0,0,0.31655735
0,1,0.7050735
0,0,0.1457838
1,0,0.16339669
1,0,0.25619695
0,0,0.22688317
0,0,0.37839907
0,0,0.047698006
0,0,0.19808125
0,0,0.16727547
0,0,0.1371017
0,0,0.097524844
1,0,0.2638994
0,0,0.13272958
0,0,0.31942368
0,0,0.117986076
1,0,0.17396167
0,0,0.09787449
0,0,0.09755795
0,1,0.69235903
0,0,0.13442577
0,0,0.10368202
0,0,0.06432819
0,0,0.20076402
0,0,0.31157362
1,0,0.29991835
0,0,0.074966006
0,0,0.398445
0,0,0.12564433
0,0,0.109497465
0,0,0.32673818
0,0,0.2169854
0,0,0.074927
0,0,0.29876637
1,1,0.7335641
0,0,0.06215388
0,0,0.18376525
1,1,0.7418575
0,0,0.33394575
0,0,0.28158596
0,0,0.20925985
0,0,0.18336923
0,1,0.6628693
0,0,0.13936134
1,0,0.33154762
0,0,0.09938277
0,0,0.05808329
1,1,0.6607522
0,0,0.07763613
0,1,0.69852334
1,1,0.6690847
0,0,0.082900554
0,0,0.10543527
1,1,0.56283474
0,0,0.14487341
0,0,0.36973837
0,0,0.45540047
0,0,0.06938806
0,0,0.10043653
1,0,0.18161047
0,0,0.1439562
1,0,0.14248987
1,1,0.7802939
0,0,0.10321472
1,0,0.15439479
1,0,0.48960146
0,1,0.5090836
0,0,0.064398296
0,0,0.095158584
0,1,0.60670805
0,0,0.3738628
0,0,0.09077106
1,1,0.6824539
0,0,0.13500011
0,0,0.14147785
0,1,0.70758
1,0,0.13139744
0,0,0.036887124
1,1,0.669246
0,0,0.12532921
0,0,0.26646182
0,0,0.08667751
1,1,0.6810948
0,0,0.060766682
0,0,0.2648702
0,0,0.076192565
0,0,0.24189287
1,0,0.20531698
0,1,0.5382811
0,0,0.22007623
1,1,0.5715094
1,1,0.6438486
1,1,0.79518163
0,0,0.099187635
0,0,0.08214777
0,0,0.27006134
1,1,0.616984
0,0,0.090421885
0,0,0.14330901
0,0,0.09862468
0,0,0.114889435
0,0,0.054304752
0,0,0.13261099
1,1,0.7271769
1,0,0.17306918
0,0,0.06904818
0,0,0.11033761
0,0,0.27751246
0,0,0.09134705
0,0,0.08640386
0,0,0.052771997
0,0,0.27524585
0,0,0.044361718
0,0,0.37252456
0,0,0.05124007
1,1,0.6440965
0,0,0.17466521
0,0,0.3039012
0,0,0.089263484
0,0,0.06869486
0,0,0.13940933
0,0,0.05637546
0,0,0.10277226
0,0,0.105578735
0,0,0.058169868
0,0,0.101771444
0,0,0.08120127
0,0,0.10108251
0,0,0.104995795
0,0,0.13132761
0,0,0.06592461
0,0,0.14357677
0,0,0.111513436
0,0,0.07358234
1,0,0.18313636
1,0,0.44672093
0,0,0.15559648
0,0,0.15742958
0,0,0.07435898
0,0,0.22393876
0,0,0.061033085
0,0,0.06184173
0,0,0.14085162
0,0,0.2622786
0,0,0.18710512
0,0,0.083293304
0,0,0.066921026
1,0,0.12357347
1,0,0.4814563
0,0,0.12327952
0,0,0.087150775
0,0,0.29695314
0,0,0.14760272
0,0,0.10972911
0,0,0.16223799
1,0,0.13417363
0,0,0.29835224
0,0,0.14239608
0,0,0.19694102
0,0,0.074242316
0,0,0.17892848
0,0,0.09904411
0,0,0.22674496
0,0,0.12839252
0,0,0.120766595
1,0,0.103190474
1,1,0.64325464
1,0,0.16490054
1,0,0.20480874
0,0,0.18859191
0,0,0.09205336
0,0,0.15476204
0,0,0.029906338
1,0,0.14089231
1,0,0.24052717
0,0,0.1570558
0,0,0.12832645
0,0,0.11996125
0,0,0.22025049
1,0,0.3321337
0,0,0.104178034
0,0,0.121621974
0,0,0.41695204
0,0,0.07045146
0,0,0.15018532
0,0,0.07232113
0,0,0.119876936
0,0,0.14373219
0,0,0.08299228
1,1,0.67239016
0,0,0.48045266
1,1,0.6953687
0,0,0.049031075
0,0,0.1860598
0,0,0.09901248
1,0,0.4066774
1,0,0.2510497
1,0,0.10818571
0,0,0.07526989
0,1,0.7643982
0,0,0.10960754
0,0,0.19198042
0,0,0.08963268
0,1,0.6077502
1,0,0.4990482
0,0,0.14083113
0,0,0.094117396
0,0,0.20219438
0,0,0.12497363
1,0,0.10294657
0,1,0.534353
0,0,0.13817583
0,0,0.117308855
1,0,0.1319614
0,0,0.029937964
0,0,0.17204696
1,1,0.7431863
0,0,0.3874786
0,0,0.12266219
0,0,0.31376207
0,0,0.19476415
0,0,0.4608281
0,0,0.12074971
0,0,0.179577
0,0,0.08377532
0,0,0.112614244
1,1,0.6396239
0,0,0.29051068
0,0,0.17310655
0,0,0.055864614
0,0,0.108660385
0,0,0.28849488
1,0,0.1219925
0,0,0.083642535
0,0,0.4158803
0,0,0.09976929
0,0,0.1701627
1,0,0.19870518
0,0,0.31845915
0,0,0.43628606
1,1,0.6780136
0,0,0.15463871
1,0,0.2640635
0,0,0.27014667
0,0,0.05434092
1,0,0.3270037
0,0,0.060326617
0,0,0.1548134
0,1,0.6425791
1,0,0.095103085
0,0,0.3089704
1,0,0.31883892
0,0,0.10958865
0,0,0.26136604
0,0,0.2718144
0,0,0.188847
0,0,0.17112727
0,0,0.06968869
0,0,0.21005522
0,0,0.07122146
0,1,0.54799825
0,0,0.09189642
0,0,0.107466996
0,0,0.07716751
0,0,0.22264013
0,0,0.13710642
1,0,0.32213113
0,0,0.37855694
0,0,0.12309608
0,1,0.50363815
0,0,0.13642755
0,0,0.08985216
1,1,0.7934704
0,0,0.13717625
0,0,0.098939784
0,0,0.14162685
0,0,0.17160745
0,0,0.09918809
0,0,0.0933603
1,0,0.087601185
0,1,0.7137375
0,0,0.23991717
0,0,0.10687618
0,0,0.13863228
1,0,0.12307763
0,0,0.12072441
0,0,0.08083651
0,0,0.07079349
0,0,0.39683846
0,0,0.18586767
0,0,0.063956924
0,0,0.099423625
0,0,0.11617657
0,0,0.08590822
0,0,0.11870445
1,0,0.049993165
0,0,0.32752985
1,0,0.114223816
0,0,0.05735009
0,0,0.111264735
1,0,0.31398132
0,0,0.07476031
0,0,0.15879257
0,0,0.17356658
1,1,0.5924388
0,0,0.06525769
0,0,0.06460485
0,0,0.08544912
0,0,0.23005314
0,0,0.08748313
0,1,0.64180756
1,0,0.11623392
0,0,0.063657984
1,1,0.6431716
0,0,0.09567409
0,0,0.10067322
0,0,0.06575102
0,0,0.11880563
0,0,0.095748894
0,0,0.18728115
0,0,0.15083635
0,0,0.09797394
1,1,0.7473904
1,1,0.7793929
0,0,0.13950196
1,0,0.2534919
1,0,0.39578336
0,0,0.06775718
0,0,0.09755795
0,0,0.05295442
0,0,0.19795258
0,0,0.11480718
0,0,0.14739005
0,0,0.06509765
0,0,0.1783471
0,0,0.102781616
0,0,0.0742338
0,0,0.28052822
1,0,0.34138724
0,0,0.07584309
1,1,0.7497964
0,0,0.3072548
0,0,0.20252527
0,0,0.10035558
0,0,0.1974693
0,0,0.14468805
0,0,0.102479
0,0,0.15615106
0,0,0.07322333
0,0,0.13361269
0,0,0.44886044
1,0,0.2434642
0,0,0.1261095
1,1,0.70104223
0,0,0.094404355
1,1,0.6133006
0,0,0.13285404
0,0,0.06860153
0,0,0.18077995
0,0,0.13968922
1,1,0.6612202
0,0,0.11956441
1,0,0.23929651
0,0,0.15316938
0,0,0.14735287
1,1,0.7004592
0,0,0.22307432
0,0,0.057932176
0,0,0.33263376
1,1,0.74348867
0,0,0.15770786
0,0,0.14066344
0,0,0.089846894
0,0,0.42884457
0,0,0.21039192
1,0,0.35102403
0,0,0.104733676
1,0,0.18651338
1,0,0.25912368
0,0,0.26764113
1,1,0.68087053
0,0,0.2004659
1,1,0.71933526
1,0,0.1865019
1,0,0.18419352
1,1,0.74259776
0,0,0.07849708
0,0,0.10674387
0,0,0.10107294
1,0,0.2471205
0,0,0.06471234
0,0,0.1983804
0,0,0.22451039
1,0,0.14106444
0,0,0.10488479
1,1,0.64864117
0,0,0.08959649
1,0,0.44677156
1,0,0.16766478
0,0,0.054883037
0,0,0.14238508
0,0,0.22256598
0,0,0.05408702
0,0,0.09115996
0,0,0.13701996
0,1,0.54256535
0,0,0.4023133
0,0,0.07168626
0,0,0.0731861
1,1,0.7313143
1,1,0.61577964
1,0,0.46486625
1,0,0.081227325
1,1,0.6702225
1,0,0.0903433
0,0,0.1685861
0,0,0.0872284
0,0,0.09008832
1,1,0.7088275
1,1,0.7343935
0,0,0.10402645
0,0,0.126444
0,0,0.17816335
0,0,0.33425015
0,0,0.1323951
0,0,0.07534427
0,0,0.17866874
0,0,0.10983002
1,0,0.20806846
0,0,0.06888646
1,0,0.33677325
1,0,0.18542764
0,0,0.27866653
0,0,0.20093374
0,0,0.04591561
1,0,0.18753135
1,1,0.69568104
0,0,0.3909786
0,0,0.16856027
1,0,0.21390675
0,0,0.13567114
0,0,0.053643063
1,0,0.20733222
0,0,0.10413309
0,0,0.08176884
0,0,0.17346035
1,0,0.12969339
0,0,0.11539111
1,0,0.066542394
0,0,0.049146075
0,0,0.12656222
1,0,0.23970336
0,0,0.1344324
0,0,0.4134329
1,0,0.10189256
1,0,0.3453524
0,0,0.14282648
1,1,0.707815
1,1,0.6468599
1,0,0.06726937
1,0,0.17341128
0,0,0.31942368
0,0,0.0790936
0,0,0.23916091
0,0,0.13498272
0,0,0.11742128
0,0,0.11919116
0,0,0.096543156
0,0,0.09258902
0,0,0.07343896
0,0,0.11491887
0,0,0.2311751
0,0,0.19417588
0,0,0.13951017
0,0,0.46481112
0,0,0.30266827
0,0,0.23057175
0,0,0.19812557
1,0,0.32037714
1,0,0.20641361
0,0,0.0971673
0,0,0.115718625
0,0,0.18612778
0,0,0.21241577
1,0,0.10335264
1,0,0.246107
0,0,0.13083592
0,0,0.24608366
0,0,0.118140064
1,1,0.74308014
0,0,0.09174336
0,0,0.09219971
1,0,0.19180879
1,0,0.16747884
0,0,0.06563732
0,0,0.17322418
0,0,0.09106669
0,1,0.5762253
0,0,0.085499786
0,0,0.13614579
1,0,0.19167937
0,0,0.08880368
0,0,0.14742647
0,0,0.056794066
0,0,0.114977784
1,1,0.58730423
0,0,0.15092304
0,0,0.2579619
1,0,0.033084445
0,0,0.14605713
1,1,0.7737151
0,0,0.18445192
0,0,0.39633846
0,0,0.15252738
0,0,0.31301123
0,0,0.06206697
0,1,0.5185703
0,0,0.12766828
0,0,0.16076992
0,0,0.4028084
0,0,0.23779692
0,0,0.15585728
0,0,0.064718634
0,0,0.102034084
0,0,0.114755794
0,0,0.09672403
0,0,0.087652005
1,0,0.3096706
0,0,0.15240237
0,0,0.19518478
1,0,0.25806972
0,0,0.16970667
0,0,0.19910245
0,0,0.10183156
1,0,0.1492718
0,0,0.24800634
0,0,0.07556868
1,1,0.7075912
0,0,0.13716553
0,0,0.36330822
0,0,0.059977192
0,0,0.20571302
0,0,0.12759314
0,0,0.20841642
0,0,0.090368345
0,0,0.13630071
0,0,0.17102714
0,0,0.13742206
1,0,0.31548095
0,0,0.0484515
1,1,0.66668993
0,0,0.07728631
0,0,0.1508068
0,0,0.13208696
0,0,0.22860412
1,0,0.27368817
1,0,0.27378076
0,0,0.03544558
0,0,0.05178226
0,0,0.1806368
0,0,0.09799822
0,0,0.21211559
0,0,0.03695809
0,0,0.05743687
1,0,0.17833452
1,1,0.60036796
0,0,0.07905186
1,0,0.20056446
0,0,0.123871095
0,0,0.31536534
0,0,0.12689918
0,0,0.060988244
0,0,0.0990566
0,0,0.17845835
0,0,0.12619673
0,0,0.21374364
0,0,0.07686083
1,1,0.5953341
0,0,0.098109365
0,0,0.11640796
1,0,0.13787061
1,0,0.27778438
1,0,0.25616172
0,0,0.23755886
0,0,0.30401087
0,0,0.048799004
0,0,0.11066227
0,0,0.09390462
1,1,0.69313234
1,0,0.41681564
0,0,0.17101982
0,0,0.22815779
1,0,0.22895162
0,0,0.12807332
1,1,0.63727695
1,0,0.2601421
0,0,0.09914231
0,0,0.09502142
1,0,0.1157914
1,0,0.25401676
0,0,0.12275387
0,0,0.19167009
0,0,0.19434756
1,0,0.43294513
1,0,0.30140665
0,0,0.33458906
0,0,0.38324544
0,1,0.6371357
1,0,0.24356973
0,0,0.05052809
0,0,0.09634604
0,0,0.06924954
1,0,0.19889826
0,0,0.15425047
0,0,0.07802141
0,0,0.15263
0,0,0.1692077
1,0,0.20492156
0,0,0.0504897
1,0,0.36062294
0,0,0.24837479
0,0,0.05342651
0,0,0.105525404
0,0,0.34121254
0,0,0.17758442
0,0,0.25434116
0,0,0.11462771
0,0,0.17249633
0,0,0.07699727
0,0,0.22335374
0,0,0.25710395
0,0,0.04207242
1,1,0.6985345
0,0,0.082151346
0,0,0.049768727
0,0,0.09115976
1,0,0.15453535
0,0,0.20737404
0,0,0.143197
0,0,0.048909836
0,0,0.08244012
0,0,0.094390824
0,0,0.20272207
0,0,0.24657634
0,0,0.1564998
0,0,0.1658687
0,0,0.16202208
0,0,0.3588417
0,0,0.21649139
0,0,0.23435289
0,0,0.12490462
0,1,0.63836765
0,0,0.12899457
0,0,0.05986206
1,1,0.6136972
0,0,0.13757573
0,0,0.056329362
0,0,0.16311862
0,0,0.06812763
0,0,0.28346324
0,0,0.19701135
0,0,0.11682848
0,1,0.7609085
0,0,0.19613144
0,0,0.12641583
0,0,0.21423419
0,0,0.08887933
0,0,0.08784598
0,0,0.18168372
0,0,0.092322774
1,1,0.69658786
0,0,0.088391244
0,0,0.17866261
0,0,0.3074807
0,0,0.098197214
0,0,0.13256416
0,0,0.27829784
0,0,0.12398399
0,0,0.47100985
1,0,0.10602575
0,0,0.09293931
0,0,0.42301896
0,0,0.07272766
0,0,0.11427381
0,0,0.13381046
1,0,0.47357205
0,0,0.103456445
0,0,0.108079545
0,0,0.13677569
0,0,0.10298771
0,0,0.22856614
0,0,0.078323744
0,0,0.11515771
0,0,0.037465364
1,1,0.6352006
0,0,0.07842309
1,0,0.09824676
1,0,0.3247741
0,0,0.21217133
0,0,0.3730849
1,0,0.2277632
1,0,0.24356663
0,0,0.20958702
0,0,0.09029868
1,1,0.73723316
0,0,0.20816045
0,0,0.17827359
0,0,0.069722205
0,0,0.08881528
0,0,0.08066151
0,0,0.09258902
0,0,0.14213786
0,0,0.07344412
0,0,0.0710653
0,0,0.06823646
1,0,0.09612629
0,0,0.05372207
0,0,0.15508172
0,1,0.61770064
0,0,0.04919594
1,1,0.73528075
0,0,0.19357999
0,0,0.038945753
0,0,0.08850227
1,1,0.761644
0,0,0.09219634
1,1,0.58740926
0,0,0.07361635
1,0,0.17547941
0,0,0.14591506
0,0,0.037808795
0,0,0.30911744
1,0,0.17117809
0,0,0.13572942
0,0,0.1921716
1,0,0.12775101
0,0,0.26354432
1,0,0.28666934
1,0,0.11357527
0,0,0.23886369
0,0,0.068481274
0,0,0.14654893
1,0,0.3039012
1,0,0.3074807
0,0,0.3375511
0,0,0.08700972
0,0,0.10249742
0,0,0.101085804
0,0,0.2213338
1,0,0.33877745
1,0,0.15462074
0,0,0.12934084
0,0,0.206809
0,0,0.27249053
0,0,0.15191105
0,0,0.22579136
0,0,0.062479876
0,0,0.15996337
0,0,0.32588086
1,0,0.13711238
0,0,0.058632743
0,0,0.13123202
0,0,0.22696158
0,0,0.13920765
0,0,0.09726625
1,1,0.74249405
0,0,0.09448502
0,0,0.25200126
0,1,0.6081834
1,0,0.49386016
0,0,0.062234182
1,0,0.28354514
1,0,0.12407568
1,0,0.1772739
0,0,0.050482526
0,0,0.07140173
1,0,0.1880028
0,0,0.07181474
0,0,0.09866691
0,0,0.22842126
0,0,0.18667725
0,0,0.12514046
0,0,0.14231694
1,1,0.69686776
0,0,0.101926744
0,0,0.08219042
0,0,0.06988967
0,0,0.07432288
0,0,0.14956866
0,0,0.10833157
0,0,0.3486567
0,0,0.36540803
0,0,0.09020106
0,0,0.056415703
0,0,0.06909023
0,0,0.087076336
0,0,0.06751759
0,0,0.2040257
0,0,0.12644674
1,1,0.72492564
1,1,0.7334563
0,0,0.0673026
1,1,0.77302927
0,0,0.065178186
0,0,0.184111
0,0,0.073242106
1,0,0.05045575
0,0,0.2736914
1,1,0.65599865
1,0,0.13401225
0,0,0.23576038
0,0,0.15556161
0,1,0.758782
0,0,0.08602419
0,0,0.102548644
0,0,0.13736996
0,0,0.17602456
0,0,0.1794479
0,0,0.17605416
0,0,0.093618855
0,0,0.18815647
0,0,0.04511904
0,0,0.22513486
0,0,0.23202331
0,0,0.29142773
0,0,0.21364076
0,0,0.072785966
0,0,0.24728988
0,0,0.090441965
0,0,0.18708128
0,0,0.042844266
0,0,0.06617444
0,0,0.08071038
0,0,0.10206194
0,0,0.053171735
0,0,0.036896035
0,0,0.1416027
0,0,0.18652216
0,0,0.11557754
0,0,0.17485897
0,0,0.05280677
0,0,0.34959188
0,0,0.10240771
1,0,0.19213225
0,0,0.3131718
0,0,0.077952124
1,0,0.16601966
0,0,0.41411605
0,0,0.1617578
0,0,0.37206653
1,0,0.17059304
1,0,0.31360608
0,0,0.09299392
0,0,0.19935307
0,0,0.044090502
1,0,0.20385946
1,0,0.26222464
0,0,0.086833194
0,0,0.13009213
0,0,0.12740141
1,0,0.18475565
0,0,0.080515355
0,0,0.13437548
0,0,0.15104958
0,1,0.6435465
0,0,0.2819801
1,0,0.104725145
0,0,0.20232973
0,0,0.1387864
0,0,0.06957199
0,0,0.12591954
1,0,0.2808503
0,0,0.15691121
0,1,0.6621353
1,1,0.7216593
1,0,0.24911696
0,0,0.25005242
0,0,0.05377961
0,0,0.13181292
0,0,0.12603012
0,0,0.05153785
0,0,0.14924558
0,0,0.2723739
1,1,0.60733914
0,0,0.10543102
0,0,0.092068106
0,1,0.5927822
0,0,0.04493588
0,0,0.15032053
0,1,0.5596171
1,0,0.17037334
0,0,0.28959382
1,0,0.38897452
0,0,0.11069904
0,0,0.100368276
1,1,0.61271524
0,0,0.07035082
0,0,0.14918934
0,1,0.6297473
0,0,0.15221217
0,0,0.22977471
0,0,0.17395926
0,0,0.15451774
0,0,0.051740076
1,0,0.14194265
0,0,0.11952534
0,0,0.3486086
0,0,0.0821863
0,0,0.13749233
0,0,0.052863847
1,0,0.24483383
0,1,0.7108647
0,0,0.09569538
0,0,0.13830455
0,0,0.12752882
1,0,0.1918409
0,0,0.15547873
0,0,0.06514899
0,0,0.04888873
0,0,0.1115229
0,0,0.07852121
0,1,0.70257974
0,0,0.063763864
0,0,0.16659084
1,0,0.12285734
0,0,0.07075332
0,0,0.278198
0,0,0.109292895
0,0,0.13548343
0,0,0.27309188
0,0,0.076369144
0,0,0.053641357
0,0,0.121563405
0,0,0.10916818
0,0,0.14616795
1,0,0.13176735
0,0,0.064200744
0,0,0.092810735
1,0,0.3928641
1,0,0.19692582
0,0,0.077538885
1,1,0.7141014
0,0,0.12030707
1,0,0.234758
1,1,0.6066772
0,0,0.100270756
1,0,0.23831792
0,0,0.14479999
0,0,0.11327241
0,0,0.042791177
1,1,0.71422124
1,1,0.6418745
0,1,0.6420504
0,0,0.074827924
0,0,0.10781757
0,1,0.55873054
0,0,0.2511042
1,1,0.71697515
0,0,0.13863376
0,0,0.17963558
0,0,0.14032958
0,0,0.14780375
0,0,0.039475992
1,0,0.077699184
0,0,0.16301018
1,0,0.16331525
0,1,0.7904856
1,1,0.5914087
1,1,0.6708099
0,0,0.09574485
0,0,0.24036732
1,1,0.74054843
1,0,0.28156298
0,0,0.22130218
1,0,0.116510674
0,0,0.1016927
0,0,0.09666085
0,0,0.08339585
0,0,0.06672343
0,0,0.25371328
0,0,0.16271207
0,1,0.5262336
0,0,0.039421733
0,0,0.27889967
0,0,0.19978115
0,0,0.14225197
0,0,0.05863532
0,0,0.09556195
1,1,0.76617825
0,0,0.15256985
0,0,0.15439932
1,1,0.77499026
0,0,0.043803975
0,0,0.27318707
0,0,0.36293796
0,0,0.14333376
0,0,0.09877248
0,0,0.28604507
0,0,0.061980102
0,0,0.24053891
0,0,0.22774754
0,0,0.13911366
1,0,0.31181556
0,0,0.25325122
0,0,0.057384454
0,0,0.16809326
0,0,0.103801824
0,0,0.06955847
1,0,0.09403378
0,0,0.17159793
0,0,0.10465091
0,0,0.34846792
0,0,0.05513397
1,0,0.49293151
0,0,0.17879465
1,0,0.20307064
0,0,0.046274524
0,0,0.21292345
0,0,0.034621436
1,0,0.13420536
0,0,0.088856205
1,0,0.21835275
0,1,0.5749438
0,0,0.25928825
1,0,0.1328314
1,0,0.07370755
0,0,0.066959925
0,0,0.16527937
0,0,0.124053724
0,0,0.05212986
0,0,0.12107657
0,0,0.10141716
0,0,0.23126167
0,0,0.09345704
0,1,0.5712069
0,0,0.29124287
0,0,0.3271136
0,0,0.052005902
0,0,0.14317743
0,0,0.051618688
0,0,0.32869726
0,1,0.6345985
1,0,0.17253079
0,0,0.22785635
0,0,0.08760703
0,0,0.07289104
0,0,0.1446589
0,0,0.05005234
1,0,0.07836351
0,0,0.09322552
0,0,0.07473122
1,0,0.07183858
0,0,0.07203622
0,0,0.053832058
0,0,0.02984994
0,0,0.055538084
0,0,0.10604003
0,0,0.06243285
0,0,0.09614658
0,0,0.12733194
0,0,0.05247496
0,0,0.1600456
0,0,0.09454142
0,0,0.2163971
0,0,0.15883136
0,0,0.100354664
0,0,0.13347912
0,0,0.044265345
0,0,0.10377556
0,0,0.06986193
0,0,0.07498891
0,0,0.237318
0,0,0.13704945
0,0,0.06138173
0,1,0.60259044
0,0,0.0567993
0,0,0.1918623
0,0,0.14990142
0,0,0.07130705
0,0,0.095692515
1,0,0.10506603
1,0,0.0727791
0,0,0.059418064
0,0,0.093477435
0,0,0.15625682
0,0,0.10729683
0,0,0.16300198
0,0,0.10958865
1,0,0.45296896
0,0,0.21377322
0,0,0.09285273
1,1,0.75512505
0,0,0.08632107
0,0,0.1679713
0,0,0.15372464
1,0,0.2703493
0,0,0.09189384
0,0,0.030173745
1,0,0.34761408
0,1,0.6163747
0,0,0.032883584
1,1,0.5970533
0,0,0.32160106
0,0,0.16118574
1,0,0.37090182
0,0,0.12171159
0,0,0.07569883
0,0,0.11460887
0,0,0.115453675
0,0,0.15646642
1,0,0.1853089
0,0,0.32673818
0,0,0.25407046
0,0,0.24658562
1,0,0.32032478
0,0,0.092172116
0,0,0.12353556
0,0,0.15576705
1,0,0.49292585
1,0,0.11367466
0,0,0.12988853
0,0,0.2515498
0,0,0.0676572
0,0,0.081076324
0,0,0.20342328
0,0,0.10439618
1,1,0.74744767
0,0,0.032177303
0,0,0.1432239
0,0,0.045657657
0,0,0.18573967
0,0,0.11746858
0,0,0.17637996
1,0,0.43956667
0,1,0.66733503
1,0,0.4616842
0,0,0.08801637
0,0,0.23425794
0,0,0.15366662
1,0,0.30187818
0,0,0.082144946
0,0,0.10343221
1,1,0.5794252
0,0,0.37625235
0,0,0.09904414
0,0,0.1558785
0,0,0.27747354
1,0,0.14525136
1,0,0.22063003
1,1,0.506195
0,0,0.12449065
0,0,0.13086234
0,0,0.04267141
1,0,0.33058178
0,0,0.063665345
0,0,0.07181302
0,0,0.11648471
0,0,0.10698201
0,0,0.38796818
0,0,0.38910893
0,0,0.07854759
0,0,0.052437592
0,0,0.22436541
0,0,0.055485897
1,1,0.727526
0,0,0.046384715
0,0,0.32130864
0,0,0.09807757
0,0,0.11498272
0,0,0.10420257
0,0,0.38071114
1,0,0.1917739
0,0,0.108046554
0,0,0.25926992
0,0,0.09197709
0,0,0.07391868
0,0,0.12899457
0,0,0.09674814
1,0,0.073563695
0,0,0.06447409
0,0,0.12608775
0,1,0.73756695
0,0,0.3039012
1,1,0.5235866
0,0,0.0965442
0,0,0.09695523
0,0,0.1624185
0,0,0.2549047
0,0,0.19692582
1,1,0.7470749
1,1,0.62992144
1,0,0.3279151
0,0,0.13028347
0,1,0.76558095
0,0,0.28288195
1,1,0.6644155
0,0,0.08973935
0,0,0.13684477
0,0,0.07381794
0,0,0.14468132
0,0,0.21580447
1,0,0.45398542
0,0,0.24618433
0,0,0.21815585
1,1,0.64897734
1,1,0.59266156
0,0,0.03568148
0,0,0.15436698
0,0,0.0902045
0,0,0.08459201
0,0,0.21870674
0,0,0.103438385
1,1,0.53286535
1,0,0.37252456
0,0,0.11270797
0,0,0.05851196
0,0,0.116647735
0,0,0.18134487
1,0,0.24166256
0,0,0.05678492
0,0,0.15776604
0,0,0.139085
0,0,0.123136155
1,0,0.47628587
0,0,0.096996255
1,0,0.30440256
0,0,0.4374971
0,0,0.033180993
0,0,0.23778628
0,0,0.16740966
0,0,0.38506278
0,0,0.07140842
0,0,0.105357215
0,0,0.0869167
0,0,0.2885397
1,1,0.7979647
0,0,0.10629224
0,0,0.29808837
1,0,0.19269575
1,1,0.6301924
0,0,0.24410085
0,0,0.13134964
0,0,0.047343694
1,1,0.6326079
0,0,0.1452025
0,0,0.14781998
1,0,0.3135705
1,1,0.7792244
0,0,0.2956768
0,0,0.17280194
1,0,0.41544512
0,0,0.049230136
1,0,0.065507814
0,0,0.10965167
0,0,0.21354717
0,0,0.06848421
0,0,0.1696455
0,0,0.13307995
1,1,0.6377661
0,0,0.083981864
0,0,0.056468103
0,0,0.1173269
0,0,0.29007396
0,0,0.050248507
0,0,0.05358941
0,0,0.07970398
1,1,0.69781053
0,0,0.16322052
0,0,0.052199576
0,0,0.22740462
0,0,0.123318955
0,0,0.13513467
0,0,0.27621204
1,0,0.101469934
0,0,0.13041034
1,0,0.06958433
0,0,0.06408119
0,0,0.16662982
0,0,0.2378837
0,0,0.17059593
1,0,0.16635254
0,0,0.10115895
0,0,0.093759656
1,0,0.15255307
1,0,0.44528863
0,0,0.20002256
0,1,0.5144794
1,0,0.09725622
0,0,0.09235962
0,0,0.15389512
0,0,0.14119595
1,0,0.22719628
1,1,0.6858021
1,0,0.26875672
1,1,0.62338394
0,0,0.13036078
0,1,0.7296225
0,0,0.33405638
1,0,0.4931927
0,0,0.16557203
0,0,0.19172673
0,0,0.26437166
0,0,0.08489978
0,0,0.12509222
0,0,0.18726389
1,0,0.2134425
1,0,0.11514244
0,0,0.13111152
0,0,0.13023373
0,0,0.106435634
0,0,0.14351825
1,0,0.083297074
1,0,0.19987635
1,0,0.3701484
0,0,0.16855088
1,0,0.31220824
0,0,0.13630684
0,0,0.28308725
1,0,0.15273085
0,0,0.0965313
0,0,0.054365296
0,0,0.17966123
0,0,0.06890477
0,0,0.1980556
0,0,0.066275954
0,0,0.13259701
0,1,0.581453
0,0,0.09690454
0,0,0.10823837
0,0,0.10997603
0,0,0.06385654
1,0,0.35658664
1,0,0.12838292
0,0,0.059301943
0,0,0.077340834
0,0,0.09186031
0,0,0.13594359
0,1,0.5730958
1,0,0.25884673
0,0,0.18261306
0,0,0.09304328
0,0,0.05371527
0,0,0.3386624
0,0,0.068408765
0,0,0.13416106
1,0,0.26324397
0,0,0.22746833
1,0,0.1717526
0,0,0.03837282
0,0,0.09652904
1,0,0.17567419
0,0,0.16302206
0,0,0.13168237
0,0,0.056854337
0,0,0.06980601
0,0,0.13022736
0,0,0.06444106
0,0,0.107328646
1,0,0.20155804
0,0,0.12705871
0,0,0.047455914
1,0,0.39022738
0,0,0.06323629
0,0,0.10793526
0,0,0.10248238
0,0,0.053398076
0,1,0.52984643
0,0,0.054317784
0,0,0.10567857
0,0,0.15039384
0,0,0.061399486
1,0,0.12806058
0,0,0.16199628
0,0,0.11037333
0,0,0.028198406
0,0,0.34243867
0,0,0.20759602
0,0,0.12495211
1,0,0.19457275
0,0,0.10765263
0,0,0.31665024
0,0,0.163069
1,0,0.19426198
0,0,0.29584575
0,0,0.18275009
0,0,0.08115903
0,0,0.07676068
0,0,0.07640977
0,0,0.08223636
0,0,0.2928487
1,0,0.22819905
0,0,0.10864818
0,0,0.16906182
0,0,0.13204288
1,0,0.09900035
1,0,0.103838675
0,0,0.092821375
0,0,0.17422865
1,0,0.20161429
0,0,0.23254219
0,0,0.10636131
0,0,0.22235593
0,1,0.63724774
0,0,0.14468805
0,0,0.39774948
1,1,0.5391465
0,0,0.09051383
1,0,0.12463821
0,0,0.08870066
0,0,0.26381987
0,0,0.10503369
0,0,0.3058425
0,0,0.032477353
0,0,0.093663365
0,0,0.18921335
0,0,0.09466853
0,0,0.40722418
0,0,0.08264449
1,0,0.35111776
1,0,0.3218829
0,0,0.09746386
0,0,0.043701362
0,0,0.16009699
0,0,0.16462827
1,0,0.16751961
0,0,0.09978483
0,0,0.06433845
0,0,0.06045511
0,0,0.2420188
1,1,0.63927263
0,0,0.115427025
1,0,0.15729128
0,0,0.094390824
1,1,0.7408807
0,0,0.10795353
0,0,0.25515175
0,0,0.21371609
0,0,0.1295297
1,0,0.12886256
0,0,0.04088732
0,0,0.10576514
0,0,0.16915248
0,1,0.6545222
0,0,0.18741675
0,0,0.13430634
0,0,0.069965065
0,0,0.14054197
1,0,0.08090008
1,1,0.7582169
0,0,0.046100285
0,0,0.056716807
1,0,0.18506463
0,0,0.1834706
0,0,0.09424989
0,0,0.058921125
0,0,0.12881179
0,0,0.24001883
1,1,0.68109924
0,0,0.15597141
0,0,0.05947383
1,1,0.7303141
0,0,0.20984067
0,0,0.05612728
0,0,0.2266171
0,0,0.05752785
0,0,0.22594877
0,0,0.093513034
0,0,0.0729554
0,0,0.27554843
0,0,0.047526155
0,0,0.12368935
0,0,0.20092551
0,0,0.14903605
0,0,0.11236866
0,0,0.1257379
0,1,0.5271798
0,0,0.096119344
0,0,0.35489303
0,0,0.22573097
0,0,0.16281976
0,0,0.09476614
1,0,0.24310178
0,0,0.103588834
1,0,0.38710624
0,1,0.6365062
1,1,0.68731636
1,0,0.09724065
1,1,0.7085968
1,0,0.43570495
0,0,0.10324723
0,0,0.21012555
0,0,0.092205174
1,0,0.35582897
0,0,0.102016024
0,0,0.058453176
0,0,0.08252392
1,0,0.36107796
0,0,0.10057697
1,1,0.66441756
0,0,0.0534841
0,1,0.5195949
0,0,0.12702942
0,0,0.25362578
0,0,0.105226114
0,0,0.1020018
0,0,0.11281642
0,0,0.0746154
0,0,0.22378668
1,1,0.75319564
1,1,0.731997
1,0,0.15084799
1,1,0.63275456
0,0,0.19512914
1,0,0.28518507
0,0,0.072971866
0,0,0.49747366
1,0,0.33295733
0,0,0.08681027
0,0,0.067303665
0,0,0.10927894
0,0,0.30477148
1,0,0.35242367
0,0,0.10515725
0,1,0.6886551
0,0,0.070588715
1,1,0.5136664
0,0,0.19642584
0,1,0.54196453
1,0,0.21759094
0,0,0.13632652
0,0,0.043271143
1,1,0.7255675
0,0,0.08030869
0,0,0.3247741
0,0,0.25107875
0,0,0.2317313
0,0,0.12360773
1,1,0.7003679
0,0,0.21054935
0,0,0.08081513
1,1,0.6897835
0,1,0.6492849
1,0,0.08413247
0,0,0.085308366
1,1,0.622462
0,1,0.61386806
0,0,0.23311655
0,0,0.06820217
0,0,0.33334228
1,0,0.3271136
0,0,0.06327451
0,0,0.087250955
0,0,0.08550818
1,0,0.33566475
0,0,0.048817243
0,0,0.20076755
0,0,0.08027086
0,0,0.042994462
0,0,0.09518554
0,0,0.03833665
0,0,0.22812338
1,0,0.21886586
0,0,0.0841691
0,0,0.17973174
0,0,0.17564781
0,0,0.042257827
1,0,0.29448304
1,0,0.080742545
0,0,0.16466549
0,0,0.070334025
0,0,0.09571754
1,0,0.081851
0,0,0.05336651
1,0,0.10906289
0,0,0.13971949
0,0,0.11408212
0,0,0.06012178
0,0,0.052964225
0,0,0.14207014
0,0,0.03880721
0,0,0.102224
1,0,0.11710079
0,0,0.08160539
0,0,0.046479
0,0,0.29014212
1,0,0.15305607
0,0,0.10342215
0,0,0.105951
0,1,0.72705483
0,0,0.048066664
0,0,0.11070406
1,0,0.07196003
0,1,0.69480675
0,0,0.1021044
0,0,0.04420581
0,0,0.08993955
0,0,0.08570874
0,0,0.2907797
0,0,0.054707654
0,0,0.09483783
0,0,0.09999043
0,0,0.11367396
0,0,0.06845086
0,0,0.08948008
0,1,0.5916366
0,0,0.076980874
0,0,0.109007165
0,0,0.06613968
0,0,0.04356716
0,0,0.15173618
0,0,0.14808175
1,1,0.6936011
0,0,0.3673005
0,0,0.07843669
0,0,0.05316655
0,0,0.096083865
0,0,0.22750944
0,0,0.13956243
0,0,0.3325046
0,0,0.13062128
1,0,0.15106104
1,1,0.7392256
0,0,0.112283826
0,0,0.24713963
0,0,0.103957824
0,0,0.23170452
0,0,0.118149646
0,0,0.10053086
0,0,0.18799642
1,1,0.64463216
0,0,0.19527586
0,0,0.101185724
0,0,0.098931134
0,0,0.05809443
0,1,0.6634098
1,0,0.18457305
0,0,0.27416423
0,0,0.369495
0,0,0.18647425
0,0,0.032999266
1,0,0.35489303
0,0,0.20272678
1,1,0.6178736
0,0,0.21964528
0,0,0.1510164
0,0,0.18686739
1,0,0.3271136
0,0,0.12999536
0,0,0.11438051
0,0,0.08790721
0,0,0.19346833
0,0,0.29757506
1,0,0.21898597
0,0,0.3132528
0,0,0.09016555
0,0,0.109140955
0,0,0.0485406
1,0,0.15991329
0,0,0.07308591
0,0,0.09769951
0,0,0.274727
0,0,0.26768062
0,0,0.16471086
0,1,0.5665476
0,0,0.2511448
0,0,0.29231754
0,0,0.1641465
0,0,0.4472263
1,0,0.33444345
0,0,0.19113675
0,0,0.07524073
1,1,0.65066534
0,0,0.17494136
0,0,0.41415924
0,0,0.2019498
0,0,0.15843868
1,0,0.22968885
0,0,0.2577169
0,1,0.5852784
0,0,0.053785678
0,0,0.075543754
0,0,0.038612116
0,0,0.16389577
0,0,0.08173072
0,0,0.029901752
0,0,0.089605175
1,0,0.3325046
0,0,0.051014915
0,0,0.09901248
0,1,0.53662324
1,0,0.10720023
0,1,0.7033708
0,0,0.061719026
0,0,0.08544601
0,0,0.07853872
0,0,0.10757991
0,0,0.108492635
0,0,0.10138613
1,0,0.1459925
0,0,0.17628218
0,0,0.13861305
0,0,0.2887065
0,0,0.03122302
0,0,0.12757431
0,0,0.15691179
1,0,0.24426542
1,0,0.09298486
0,0,0.0806783
0,0,0.09663804
0,0,0.1434676
0,0,0.27352116
0,0,0.13433443
0,0,0.06730398
0,0,0.14407776
1,1,0.73735285
0,0,0.122530535
0,0,0.2511448
0,0,0.14847963
0,0,0.100984976
0,0,0.061436273
0,0,0.13746002
0,0,0.35683885
0,0,0.048925806
0,0,0.08207501
1,0,0.3501068
0,0,0.32191655
0,0,0.11984852
0,0,0.10517773
0,0,0.08478777
0,0,0.14211825
1,0,0.4014869
0,0,0.17439732
0,0,0.27496344
1,1,0.63372105
0,0,0.14955887
0,0,0.3131718
0,0,0.18571956
0,0,0.2036798
1,0,0.17512725
1,0,0.10851126
0,0,0.17648347
0,0,0.17711525
0,0,0.09754327
0,0,0.1560222
0,0,0.15853968
0,0,0.13334994
0,0,0.14993459
0,0,0.2992629
0,0,0.17314203
0,0,0.1033643
0,0,0.22945815
0,0,0.2198929
1,0,0.14732347
0,0,0.2757336
0,0,0.1998921
0,0,0.115414776
0,0,0.11029505
0,0,0.11775042
0,0,0.10266794
1,1,0.58037233
0,0,0.3309596
0,0,0.1297145
0,0,0.22769144
1,0,0.3510064
1,0,0.17917554
0,0,0.13965061
0,0,0.25749174
1,0,0.32153714
0,0,0.29238838
0,0,0.053983435
1,0,0.4467805
0,0,0.060513027
1,0,0.26146904
0,0,0.07326622
0,0,0.088710465
0,0,0.18978104
0,0,0.12770936
0,0,0.17440003
0,0,0.2594058
0,0,0.16905408
1,0,0.18941063
0,0,0.11264213
1,1,0.59819764
0,0,0.041191015
1,0,0.29714534
0,0,0.15497017
0,0,0.12946919
1,1,0.7186422
0,0,0.13221222
0,0,0.064059615
0,0,0.19960228
0,0,0.13807118
0,0,0.09960339
0,0,0.27390686
0,0,0.19722189
0,0,0.102464534
0,0,0.4285989
0,0,0.14768058
1,0,0.1792545
1,0,0.27241963
1,0,0.2472196
0,1,0.7393574
0,0,0.25093752
0,0,0.0992515
0,0,0.06589959
0,0,0.21596901
0,0,0.23147391
1,1,0.72641844
0,0,0.15265054
1,0,0.1522435
0,0,0.05954009
1,0,0.348045
0,0,0.17244498
0,0,0.09804303
1,1,0.67833
0,0,0.28468394
1,0,0.22110176
0,0,0.30048996
1,0,0.36203414
1,1,0.6256758
0,1,0.74079823
1,0,0.3239189
0,0,0.05581887
0,0,0.23727816
0,0,0.053253382
0,0,0.14676262
1,1,0.70286214
0,0,0.10515725
0,0,0.049323212
0,0,0.06481168
0,0,0.14051835
0,0,0.11002402
1,0,0.39135975
0,0,0.04051074
0,0,0.101518445
0,0,0.08002611
0,0,0.10831213
0,0,0.08943039
0,0,0.15819183
0,0,0.15084799
0,0,0.12127103
0,0,0.08635152
0,0,0.09761459
0,0,0.26697445
0,0,0.16679583
0,0,0.057045013
1,0,0.24107417
0,0,0.13573074
0,0,0.093558334
1,0,0.49201396
0,0,0.16318248
0,0,0.29312098
0,0,0.14568222
0,0,0.06702893
0,0,0.034525104
1,0,0.39629126
0,0,0.13510744
1,0,0.15867618
1,0,0.30683932
0,0,0.3080299
0,0,0.10921676
0,0,0.056137286
0,0,0.10600327
0,0,0.062413342
1,1,0.6390198
1,0,0.130441
1,0,0.10351179
0,0,0.4314211
1,0,0.20161429
0,0,0.10229354
0,0,0.18006536
0,0,0.15117235
0,0,0.0725627
0,0,0.21180633
0,0,0.17021072
1,0,0.12195794
0,0,0.047838446
0,0,0.13034526
0,0,0.12812606
1,0,0.2811609
0,0,0.065086566
0,0,0.17329636
0,0,0.12591068
0,1,0.7288713
0,0,0.20710902
0,0,0.41141218
0,0,0.07501132
0,0,0.053376146
0,0,0.05710392
1,0,0.22449814
0,1,0.5851305
0,0,0.08713114
0,0,0.23702005
1,0,0.42227578
0,0,0.17968008
0,0,0.31536534
0,0,0.17873484
0,0,0.20020159
0,1,0.63430434
0,0,0.13680743
0,0,0.04757619
0,0,0.09196214
0,0,0.06352754
0,0,0.034578398
0,0,0.043175235
0,0,0.18433923
1,0,0.48198158
0,0,0.3246752
0,0,0.21303414
0,0,0.08975118
1,0,0.39036435
1,1,0.7454823
0,0,0.13293791
0,0,0.062056273
0,0,0.30354232
0,0,0.38731396
0,0,0.20103708
0,0,0.11295133
0,0,0.0631006
1,0,0.48763278
0,0,0.08014262
0,0,0.10876373
0,0,0.051460207
0,0,0.0849552
0,1,0.583264
0,0,0.09071901
0,0,0.18148132
0,0,0.09422919
1,0,0.06866781
0,0,0.25103214
0,0,0.13583547
0,0,0.14053635
0,0,0.044769473
1,0,0.15265672
0,0,0.06315166
0,0,0.08620386
0,0,0.14303404
1,0,0.11771595
1,0,0.44602406
0,0,0.083360344
1,1,0.7523445
1,0,0.12012857
0,0,0.14476633
0,0,0.18444817
1,0,0.15644392
0,0,0.13746104
1,1,0.7792838
1,0,0.114040196
0,1,0.56453854
1,0,0.20147431
1,0,0.11041236
0,0,0.15122579
0,0,0.1430644
0,0,0.12650676
1,1,0.71554035
0,0,0.25667915
0,0,0.2987226
0,0,0.14281939
0,0,0.10023163
0,0,0.1490537
0,0,0.06293673
1,1,0.7196846
0,0,0.10149287
1,1,0.654946
0,0,0.096329466
0,0,0.1342703
1,0,0.37252456
1,1,0.7446129
0,0,0.14489584
0,0,0.25737125
0,0,0.074263506
0,0,0.09886834
0,0,0.174358
0,0,0.036262844
0,0,0.1050094
0,1,0.62853056
0,0,0.1273795
1,0,0.25664338
0,0,0.095539846
0,0,0.21934102
0,0,0.102464534
0,0,0.044349723
0,0,0.33529887
0,0,0.06930646
1,0,0.44214642
0,0,0.09377385
0,0,0.17760022
0,1,0.6351652
0,0,0.15026668
0,1,0.55304843
0,0,0.0938804
1,0,0.19653828
0,0,0.06986251
0,0,0.14545849
0,0,0.21310078
1,1,0.7104436
1,0,0.21424721
0,0,0.17161585
0,0,0.14048213
0,0,0.06538172
0,0,0.22937508
1,0,0.14885204
0,0,0.25129998
0,0,0.10395503
0,0,0.2775239
0,0,0.22225548
0,0,0.102305405
0,0,0.12714644
0,0,0.033203088
0,0,0.21686834
0,0,0.11355588
1,0,0.3039012
1,1,0.63662654
0,1,0.6140132
0,0,0.09441628
1,0,0.14360794
1,0,0.241196
0,0,0.31189445
0,0,0.07568089
0,0,0.10993142
0,0,0.048145752
0,0,0.096767545
0,0,0.11596405
1,0,0.15009631
0,0,0.40474066
1,1,0.6541682
0,0,0.20573804
0,0,0.107985586
0,0,0.09331708
0,0,0.05385059
0,0,0.11417029
0,0,0.189011
0,0,0.3154026
0,0,0.094393186
0,1,0.53886855
0,0,0.10787704
0,0,0.14783211
1,0,0.3131718
0,0,0.14154473
1,0,0.10496105
0,1,0.73285097
1,0,0.3925273
0,0,0.08347869
0,0,0.26912135
0,0,0.13704218
0,0,0.10952446
1,1,0.67249453
0,0,0.09635693
1,0,0.19185665
0,0,0.10956513
1,0,0.22193994
0,0,0.12488569
1,1,0.6806958
0,0,0.17092408
0,0,0.06639919
1,0,0.13248162
0,0,0.09570634
0,0,0.21763873
0,0,0.10739304
0,0,0.2680817
0,0,0.03829909
0,0,0.27505988
0,0,0.18705477
0,0,0.04298781
1,0,0.14586046
0,0,0.09640318
0,0,0.21466637
0,0,0.069040865
0,0,0.100805916
0,0,0.20919774
0,0,0.15396413
0,0,0.11848808
1,0,0.3410928
0,0,0.09798547
0,0,0.076232515
1,0,0.124494605
0,0,0.1012729
0,0,0.15262462
1,0,0.15799099
0,0,0.064599484
0,0,0.056251127
1,0,0.152769
0,0,0.058775805
1,1,0.6910408
0,0,0.05119666
0,0,0.13212058
0,0,0.12998952
0,0,0.119036354
0,0,0.15194875
0,1,0.61009
0,0,0.12978692
1,1,0.62679285
1,0,0.21592468
1,0,0.47644678
0,0,0.095909804
1,1,0.73060757
0,0,0.12689552
0,0,0.1472024
0,0,0.09792692
0,0,0.052508257
0,0,0.06560053
0,0,0.049877994
0,0,0.19991459
0,0,0.19402848
0,0,0.12281786
0,0,0.078162834
0,0,0.17313145
0,0,0.049329203
0,1,0.65580165
1,0,0.35672948
1,0,0.27318707
0,0,0.11217226
0,0,0.18467137
1,0,0.3133058
0,0,0.041479446
0,0,0.07269239
1,0,0.10257792
1,0,0.4296125
0,0,0.09098258
0,0,0.047466617
0,0,0.08881511
0,0,0.17144927
1,0,0.18615903
1,0,0.087272435
0,0,0.041832052
0,0,0.11225171
0,0,0.03863403
0,0,0.05490149
0,0,0.11657622
0,0,0.09015292
0,0,0.12187039
1,0,0.07369137
0,0,0.11600111
0,0,0.25127396
0,0,0.07963673
1,0,0.14178096
1,1,0.60447687
0,1,0.5237102
0,0,0.06280171
1,0,0.13238774
1,1,0.80548483
0,0,0.49488533
0,0,0.1467059
0,0,0.22054915
1,0,0.17117809
0,0,0.05410803
0,0,0.09201604
0,0,0.27751246
0,0,0.16607688
0,0,0.07245332
0,0,0.18478699
0,0,0.08838005
0,0,0.17605528
0,0,0.3821271
0,0,0.17757422
0,0,0.106977925
0,1,0.70392144
0,0,0.21498154
0,0,0.07829869
0,0,0.10142269
0,0,0.46045804
0,0,0.23939036
0,0,0.095008805
0,0,0.08567414
0,0,0.12835091
1,0,0.42436972
0,0,0.16982214
0,0,0.34835064
0,0,0.17909522
1,0,0.11469671
0,1,0.5477827
0,0,0.08080948
1,0,0.17515813
0,0,0.21588415
1,0,0.10047881
0,0,0.09635666
0,0,0.06301366
1,0,0.3974549
0,0,0.21507628
0,0,0.18141666
0,0,0.12847707
0,0,0.16554937
0,0,0.15873821
1,0,0.08275147
0,0,0.09277227
0,0,0.30787832
0,0,0.19225653
1,0,0.15992767
0,0,0.11415127
0,0,0.15691549
0,0,0.23651052
0,0,0.0886635
0,0,0.08304852
0,0,0.06812439
0,0,0.29568046
0,0,0.08536254
0,1,0.7111428
0,0,0.1818309
0,0,0.21203525
0,0,0.06251929
0,0,0.1532632
0,0,0.1326983
0,0,0.12622228
0,0,0.14139919
0,0,0.10360304
0,0,0.06750508
0,0,0.09712144
1,0,0.22275686
0,0,0.15433541
0,0,0.26481292
1,0,0.28513417
1,1,0.5334513
0,0,0.114259176
0,0,0.053875547
0,0,0.12531585
0,0,0.15180828
0,0,0.062105257
1,0,0.15767166
0,0,0.067554034
0,0,0.13601026
0,0,0.39955577
1,0,0.21423657
0,0,0.07696983
1,1,0.64483464
0,0,0.103598565
1,0,0.15726228
0,0,0.108690396
0,0,0.105233565
0,0,0.11968849
0,0,0.27656877
0,0,0.043789696
1,0,0.123184495
1,0,0.123144485
1,0,0.23742239
0,0,0.14705326
0,0,0.18871206
0,0,0.09878787
0,0,0.09912137
0,0,0.14398988
0,0,0.278198
0,0,0.20108491
0,0,0.054636765
1,0,0.18792845
0,0,0.2577401
0,0,0.11056178
0,0,0.18008025
0,0,0.2411867
0,0,0.04905097
1,0,0.25899085
1,0,0.22254628
0,0,0.14799345
0,0,0.048983272
0,0,0.14407533
0,0,0.24064574
0,0,0.1713513
0,0,0.045060065
0,0,0.11141452
0,0,0.2315099
0,0,0.21913439
0,0,0.22550821
0,0,0.07205553
0,0,0.11481827
0,0,0.23076372
0,0,0.20964204
0,0,0.17867298
0,0,0.15655868
0,0,0.07772623
0,0,0.12271934
1,0,0.051728476
0,0,0.1523266
0,0,0.09709217
0,1,0.55144006
0,0,0.4554453
0,0,0.07552344
0,0,0.20378721
0,0,0.17981067
0,0,0.13532647
0,0,0.16799875
0,0,0.46465263
0,0,0.10987761
0,0,0.26771048
0,0,0.100673586
0,0,0.12029308
0,0,0.282756
1,1,0.91499376
0,0,0.09437699
0,1,0.6198369
0,0,0.19118069
0,1,0.5649521
0,0,0.13808392
0,0,0.09430272
0,0,0.07485914
0,0,0.11056634
0,0,0.07453882
0,0,0.41560137
0,0,0.3324958
0,0,0.2800686
0,1,0.57340056
1,0,0.25729138
1,0,0.25285652
0,0,0.14582115
1,0,0.4148279
0,0,0.3090434
0,0,0.11205055
0,0,0.081890434
0,0,0.3463275
1,0,0.3074807
0,0,0.19931859
0,0,0.05572527
0,0,0.14456025
0,0,0.09958957
0,0,0.18875268
0,0,0.08887362
0,0,0.06651703
1,1,0.65428805
0,0,0.12809926
1,0,0.29438865
0,0,0.07705419
0,0,0.15219854
0,0,0.1086181
1,0,0.07047516
0,0,0.16884689
1,1,0.6357473
1,0,0.18946382
0,0,0.3450367
1,0,0.4438726
1,1,0.71439546
0,0,0.25944263
0,0,0.08374536
0,0,0.15760829
1,0,0.21479884
0,0,0.05792623
0,0,0.117079586
0,0,0.14992003
0,0,0.09060108
1,1,0.651828
0,0,0.0610441
0,0,0.14922172
1,0,0.24724321
0,0,0.08750751
0,0,0.17102392
0,0,0.13491207
0,0,0.054633856
0,0,0.19202654
0,0,0.31362396
0,0,0.10369439
0,0,0.0537363
0,0,0.069482714
0,0,0.24388245
0,0,0.12252519
0,1,0.53959334
0,0,0.14670329
1,0,0.38441274
0,0,0.03871873
0,0,0.17480749
0,0,0.13193233
0,0,0.40414038
0,0,0.13045965
0,0,0.09819865
0,0,0.12063019
0,0,0.111283734
0,0,0.04064909
0,0,0.13686615
0,0,0.31240156
0,0,0.11875384
0,0,0.06772356
0,0,0.07049274
0,0,0.10045242
0,0,0.23289366
0,0,0.06954355
0,0,0.105334386
0,0,0.12788634
0,0,0.32534546
1,0,0.13118523
0,0,0.09483914
0,0,0.0919009
0,0,0.08975028
0,0,0.12118969
0,0,0.058766067
0,0,0.06918096
0,1,0.7362011
0,0,0.06655713
0,0,0.25645554
0,0,0.23202942
0,0,0.34301862
0,0,0.13018222
0,0,0.037105475
0,0,0.05441519
0,0,0.18153568
0,0,0.12489584
1,0,0.28343737
0,0,0.07153446
0,1,0.62486064
0,0,0.18851598
0,0,0.15216759
0,1,0.796578
1,0,0.12806545
0,0,0.048125498
0,0,0.18600412
1,0,0.17411284
0,0,0.14424878
0,0,0.19621639
1,0,0.4596963
0,0,0.18946382
1,0,0.29822657
0,0,0.17323174
0,0,0.10612459
0,0,0.09712525
0,0,0.08595944
1,0,0.08733966
0,0,0.08767642
0,0,0.05382755
0,0,0.14162305
0,0,0.48235306
0,0,0.10240771
0,0,0.12406194
0,0,0.12134777
0,0,0.09628715
0,1,0.74956286
0,0,0.090877056
1,0,0.08956427
0,0,0.13827506
0,1,0.7232835
0,0,0.11078838
0,0,0.05488132
0,0,0.10318339
0,0,0.13794771
0,0,0.114814006
0,0,0.43896446
0,0,0.050199755
0,0,0.14893684
0,0,0.12717116
0,0,0.07999838
0,0,0.115598634
0,0,0.09217114
0,0,0.13811886
0,0,0.13049774
0,0,0.09895902
0,0,0.120126575
0,0,0.09967733
1,1,0.7556918
0,0,0.29585454
1,0,0.3224928
0,0,0.12192061
0,0,0.45924824
1,0,0.29085365
0,0,0.07066247
0,0,0.1293682
1,0,0.07676068
1,0,0.103880696
1,0,0.19346687
0,0,0.19603986
0,0,0.36689302
0,1,0.6932008
0,0,0.09804995
1,1,0.65879923
0,0,0.17163637
0,1,0.6979649
0,0,0.2495072
0,0,0.121320166
0,0,0.07062841
0,0,0.064395666
1,0,0.1357728
0,0,0.07141129
0,0,0.11910748
1,0,0.27372265
0,0,0.1371834
0,0,0.06503556
0,0,0.2609448
0,0,0.12854916
0,1,0.63909286
0,0,0.12173041
0,0,0.034078404
0,0,0.10163763
1,0,0.08544679
1,0,0.41580045
0,0,0.32593274
0,0,0.1460169
1,0,0.092366375
0,0,0.18032542
0,0,0.20822795
0,0,0.049358517
0,0,0.16332325
1,0,0.3131718
0,0,0.065037675
0,0,0.35554796
0,0,0.2820108
0,0,0.100993015
0,0,0.09142677
0,0,0.1358605
0,1,0.69266635
0,0,0.17016897
0,0,0.09447873
0,0,0.121322915
1,1,0.6481003
0,0,0.059362687
0,0,0.060576707
0,0,0.068973824
1,1,0.5905221
0,0,0.1002343
0,0,0.049963754
0,0,0.055225514
1,0,0.22204204
1,1,0.6382872
0,0,0.3039012
0,0,0.14899668
1,0,0.24955608
0,0,0.18832576
1,0,0.12520413
0,0,0.09754753
0,0,0.073745355
0,0,0.07688005
0,0,0.08213773
1,0,0.10776763
0,0,0.12622035
0,0,0.07636901
0,0,0.15129243
1,1,0.7835749
0,0,0.09643378
0,0,0.065841064
1,1,0.7480122
0,0,0.041788355
1,0,0.24415502
0,0,0.15972023
0,0,0.26488918
0,0,0.22065052
1,0,0.20385459
1,0,0.48211533
0,0,0.11064507
1,0,0.23897365
0,0,0.37053347
1,1,0.67017114
0,0,0.15511991
0,0,0.3039012
0,0,0.18630172
0,0,0.09731657
1,1,0.609463
0,0,0.07666868
1,0,0.26057562
0,0,0.21606153
1,1,0.6420401
0,0,0.20022964
1,0,0.262792
0,0,0.0964449
1,0,0.25790316
0,0,0.117243156
1,0,0.21615764
0,0,0.053880215
0,0,0.13872948
0,0,0.14096582
0,0,0.10589524
0,0,0.039264902
0,0,0.1778133
0,0,0.08095342
1,0,0.12772115
0,0,0.12124359
0,1,0.7043672
0,0,0.09168657
0,0,0.21540292
0,0,0.13980572
0,0,0.1498475
0,0,0.1456553
1,0,0.092895165
1,1,0.62743115
0,0,0.094369955
0,1,0.53110147
0,0,0.103775986
0,0,0.0756972
0,0,0.20175698
0,0,0.2645348
0,0,0.17837434
0,0,0.13659991
0,0,0.14976184
0,0,0.042603813
0,0,0.15203153
0,0,0.26136604
1,0,0.3375179
0,0,0.03802751
1,0,0.4320924
0,0,0.14716004
0,0,0.17533661
0,0,0.1613802
0,0,0.12794183
0,0,0.16829142
1,0,0.20865847
0,0,0.19851403
0,0,0.15395497
0,0,0.2551363
0,1,0.68385977
0,0,0.13815098
0,0,0.13627228
0,0,0.0778005
0,0,0.08750966
0,0,0.041049004
0,0,0.1005961
0,0,0.10737425
1,0,0.31536534
0,0,0.19958502
0,0,0.14819984
1,0,0.25982702
0,0,0.108298205
0,1,0.7206454
0,0,0.14002262
0,0,0.17352201
0,0,0.12276803
0,0,0.12999958
0,0,0.05614441
1,1,0.72471374
0,0,0.109629415
0,0,0.06779688
0,0,0.14429988
0,0,0.19970936
0,0,0.09302717
0,0,0.035018966
0,0,0.12438881
0,0,0.22619708
0,0,0.10187929
1,0,0.22232065
1,0,0.09529755
0,0,0.10169281
0,0,0.12159988
1,1,0.7383985
1,1,0.7568056
0,0,0.101756886
0,0,0.100646906
0,0,0.119688354
0,0,0.097274415
1,1,0.7146728
0,0,0.10464358
0,0,0.11150578
0,0,0.08795058
0,0,0.1263384
0,0,0.3039012
0,0,0.065248586
0,0,0.14581645
0,0,0.07286533
1,1,0.6501757
0,0,0.43611082
1,1,0.6668478
0,0,0.20192198
0,0,0.0786477
1,0,0.12741756
0,0,0.099423625
0,0,0.13321021
0,0,0.07816715
1,1,0.6450628
0,0,0.20161429
0,0,0.12283335
0,1,0.62851745
0,0,0.06316995
1,0,0.20903388
1,1,0.84777737
1,0,0.23271833
0,0,0.17200477
0,0,0.22095118
1,1,0.6075324
0,0,0.18325202
0,0,0.038806
0,0,0.11145603
0,0,0.11023285
0,0,0.21460655
0,1,0.51668656
0,0,0.08427993
0,0,0.08033055
0,0,0.13021618
0,0,0.14170536
1,0,0.0882013
0,1,0.63140357
0,0,0.083753176
0,0,0.077230245
1,1,0.6637919
0,0,0.11122056
0,0,0.1400027
0,0,0.08532115
1,0,0.14615326
1,0,0.16326314
1,0,0.47094753
0,0,0.13704315
0,0,0.059512828
0,0,0.29261392
0,0,0.12283551
0,0,0.110959105
0,0,0.0291684
0,0,0.02340691
0,0,0.07031063
0,0,0.10576514
1,1,0.5374412
0,0,0.25805286
0,0,0.3566609
0,0,0.09650032
1,0,0.3074807
0,0,0.052047532
0,0,0.1617572
0,0,0.43421867
0,0,0.4546594
0,0,0.34762526
0,0,0.18129839
0,0,0.14398476
1,0,0.15184253
0,0,0.091847286
1,0,0.46261087
0,0,0.115321554
0,0,0.06437157
0,0,0.25222674
0,0,0.0799502
1,0,0.3148527
0,0,0.042849742
0,0,0.14662367
0,0,0.09917089
0,0,0.0870045
1,1,0.6089414
0,0,0.099088416
0,1,0.5945967
0,0,0.024115257
0,0,0.06101753
1,0,0.28781548
0,0,0.06951847
1,1,0.6978906
0,0,0.20232673
0,0,0.10898155
0,0,0.104866326
0,0,0.12870467
1,1,0.7527673
0,0,0.11539915
0,0,0.10976969
1,1,0.5239113
0,0,0.1760619
0,0,0.113545805
0,0,0.14575325
0,0,0.10437986
0,0,0.3131718
0,0,0.10053524
1,0,0.1345224
0,0,0.07450638
1,0,0.25309065
0,0,0.09016722
0,1,0.63801897
0,0,0.3572431
1,1,0.52163106
1,0,0.31534573
0,0,0.15747096
0,0,0.06300579
0,0,0.06680171
0,0,0.16490184
0,0,0.10553878
0,0,0.052742682
0,0,0.0906727
0,0,0.18666983
0,0,0.13149415
1,1,0.69691545
0,0,0.13861308
1,1,0.65746486
0,0,0.12171749
0,0,0.0321319
0,0,0.13035975
0,0,0.067714125
0,0,0.0886794
0,0,0.13516751
0,0,0.04183283
1,0,0.15289067
1,0,0.36770847
0,0,0.074307516
0,0,0.24387532
0,0,0.1296839
0,0,0.13111326
0,0,0.096119344
0,0,0.045029063
0,0,0.13117087
0,0,0.108583435
0,0,0.21744108
0,0,0.09529432
0,0,0.069756135
0,0,0.093704365
0,0,0.099423625
0,0,0.24074826
0,0,0.12666978
0,0,0.08510753
0,0,0.23331104
0,0,0.103062816
1,0,0.0891727
0,0,0.19131516
0,0,0.13559507
0,0,0.098666966
0,0,0.10723396
0,0,0.090031505
0,0,0.096586935
1,1,0.7533897
0,0,0.15169439
1,1,0.63279617
0,0,0.10485543
0,0,0.055551328
0,1,0.6130963
0,0,0.0632273
1,0,0.19153656
0,0,0.16728753
0,0,0.3431696
0,0,0.097082056
0,0,0.22463198
0,0,0.096014164
1,0,0.37815985
1,0,0.22509705
1,0,0.09705414
0,0,0.059251007
1,0,0.13948974
0,0,0.12303737
1,0,0.41460216
0,0,0.11125686
0,0,0.040560607
1,1,0.73547614
0,0,0.12870467
1,1,0.67818403
1,0,0.14935848
0,0,0.29876637
0,0,0.039630655
1,1,0.78581214
0,0,0.08077674
1,0,0.32381362
0,0,0.056256004
1,0,0.14760211
0,0,0.11466282
0,0,0.14449748
0,0,0.1020931
0,0,0.09246296
0,0,0.43940246
0,0,0.12049321
0,0,0.13475658
0,0,0.25059992
1,0,0.1282634
0,0,0.06832542
0,0,0.09440016
1,1,0.74251705
1,1,0.6347518
1,0,0.39946657
0,0,0.17425492
0,0,0.09625216
0,0,0.10247098
0,0,0.1699642
0,0,0.1207486
0,0,0.109249964
0,0,0.08346344
0,0,0.13589513
1,1,0.6751197
0,0,0.2509064
0,0,0.14182353
0,0,0.060896054
0,0,0.102806
1,0,0.058773488
0,0,0.08054508
1,0,0.2045416
0,0,0.27092388
1,1,0.61253583
0,0,0.072792016
0,0,0.2571549
0,0,0.2772787
0,0,0.33305165
0,0,0.22443694
0,0,0.07390557
1,1,0.74563074
0,1,0.60890704
0,0,0.11171148
0,0,0.30158266
0,0,0.14339498
0,1,0.64835304
0,0,0.2516173
0,0,0.30492315
1,1,0.7002642
0,0,0.03810881
0,0,0.38701096
0,0,0.24539381
0,0,0.18302408
0,0,0.18304947
0,0,0.3132528
1,1,0.6809657
0,0,0.2257287
0,0,0.3242369
1,0,0.28424463
0,0,0.35799992
0,0,0.06945551
0,0,0.1019783
1,0,0.47756752
0,0,0.14075962
0,0,0.049050566
0,1,0.587221
0,0,0.060325615
0,0,0.25284562
0,0,0.089507885
0,0,0.18746822
0,0,0.0688703
0,0,0.17528957
0,0,0.137831
0,0,0.09642259
0,0,0.13616489
0,0,0.1069628
1,0,0.15490597
1,0,0.10160115
0,0,0.057011753
0,0,0.12120366
0,0,0.13230641
0,0,0.10885786
0,0,0.21746081
1,0,0.18509136
0,0,0.2521198
0,0,0.11145225
1,0,0.10323384
1,0,0.06950307
1,0,0.1881185
1,1,0.53016686
0,0,0.06642835
0,0,0.09436978
0,0,0.14236486
0,0,0.26885277
0,0,0.06785164
0,0,0.07072962
0,0,0.2051461
0,0,0.1485997
1,0,0.14333595
0,0,0.15781999
0,0,0.10674356
0,0,0.10293953
0,0,0.2006042
0,0,0.15100098
0,0,0.47093278
0,1,0.60767823
0,0,0.1021588
0,0,0.2511448
0,0,0.052527893
0,0,0.09719861
0,0,0.065088354
0,0,0.1032875
1,1,0.5455541
0,0,0.25840366
1,0,0.15667492
0,0,0.05743796
1,1,0.7199908
0,0,0.1883065
0,0,0.1007618
1,0,0.20135008
0,0,0.14999247
0,0,0.4465637
0,0,0.102061525
1,1,0.7774624
0,0,0.09469184
0,0,0.033306297
0,0,0.17633085
0,0,0.087153904
1,0,0.09917196
0,0,0.10896912
0,0,0.20549636
0,0,0.3749736
1,0,0.06650719
0,0,0.19668058
0,0,0.09454357
0,0,0.045515988
0,0,0.10819183
0,0,0.14359245
0,1,0.5725311
0,0,0.08392488
0,0,0.18885791
0,0,0.1998231
1,0,0.44499594
0,0,0.45541164
0,0,0.20122874
0,0,0.16504897
0,0,0.174318
0,0,0.08603894
0,0,0.30518878
0,0,0.12067806
0,0,0.3261552
0,0,0.0748528
0,0,0.13635252
0,0,0.22519071
0,0,0.19561823
0,0,0.10050627
0,0,0.074526995
0,0,0.13558908
0,0,0.22159362
0,0,0.2439149
0,0,0.047541253
1,0,0.051475722
1,1,0.71290857
0,0,0.16983755
0,0,0.07917678
1,0,0.13956937
0,0,0.36503857
0,0,0.19718345
0,0,0.10961208
1,0,0.17006193
1,0,0.2203913
1,0,0.1847921
1,0,0.07707381
0,0,0.123556085
0,0,0.103610195
0,0,0.05621505
0,0,0.092108555
0,0,0.040700383
0,0,0.07730643
1,1,0.70304
0,0,0.28721678
0,0,0.16103403
0,0,0.16954093
0,0,0.0832555
0,0,0.049569674
0,0,0.19784151
0,0,0.17405689
1,1,0.74115145
0,0,0.16897778
0,0,0.121805295
0,0,0.23327157
1,1,0.6137647
0,0,0.21716954
0,0,0.13381046
0,0,0.10216608
1,0,0.49468285
0,0,0.26090458
0,0,0.12930278
1,0,0.18349557
1,0,0.21723317
0,0,0.14135434
0,0,0.04668603
1,0,0.22891322
0,0,0.09470081
0,0,0.04096022
0,0,0.114259064
1,0,0.31526917
0,0,0.26778868
1,0,0.05102856
1,1,0.6607845
0,1,0.69508016
1,0,0.25716537
0,0,0.19386762
0,0,0.13970903
0,0,0.18801914
1,1,0.7404076
1,0,0.16236424
0,0,0.10099624
0,0,0.14523365
0,0,0.09342546
0,0,0.11097541
0,0,0.14113642
0,0,0.14771532
0,0,0.07740717
1,0,0.31536534
0,0,0.05654796
0,0,0.12762168
1,1,0.63149667
0,0,0.20004842
0,0,0.08178202
1,1,0.68535936
0,0,0.18544872
1,0,0.11904668
0,0,0.2987226
0,0,0.06371861
0,0,0.080047235
0,0,0.10068682
0,0,0.15642616
1,0,0.23812418
0,0,0.10481007
0,0,0.11835069
0,0,0.12676771
1,0,0.3039012
0,0,0.26137167
1,1,0.7425833
0,0,0.082065575
0,1,0.6564724
0,1,0.6108343
1,0,0.159556
0,0,0.05445882
0,0,0.05568043
0,0,0.08917765
1,0,0.2575593
0,0,0.21755958
1,0,0.32588717
0,0,0.16544788
1,0,0.1735456
0,0,0.46582797
0,0,0.13967538
0,0,0.4033018
0,0,0.07060758
0,0,0.16225438
0,0,0.070919454
0,0,0.102839105
0,0,0.16863976
0,1,0.5664492
1,1,0.6986475
1,1,0.63071793
0,0,0.09258902
0,0,0.09427933
0,0,0.071448825
0,0,0.060227778
0,0,0.10179806
0,0,0.131396
0,0,0.23317514
1,0,0.18191859
0,0,0.15024897
1,0,0.064984344
1,0,0.45834118
1,0,0.34028092
1,0,0.3259015
1,0,0.39564672
1,0,0.30415368
0,0,0.07884609
0,0,0.10752779
0,0,0.044452794
0,0,0.25143528
0,0,0.13602628
1,0,0.09655588
0,0,0.090590745
0,0,0.118577756
0,0,0.058608398
1,0,0.2609817
0,0,0.19480912
1,1,0.6574703
0,0,0.09264562
0,0,0.09048881
0,0,0.18654841
0,0,0.10641933
0,0,0.08859941
1,0,0.20065935
0,0,0.27507624
1,1,0.72078955
0,0,0.22667855
0,0,0.30270553
0,0,0.10744951
0,0,0.055809207
0,0,0.047716748
1,1,0.7263443
0,0,0.11118116
1,0,0.1412524
1,0,0.15091342
0,0,0.18247612
0,0,0.053415768
0,0,0.10919503
1,0,0.23515296
0,0,0.07005398
0,0,0.08754287
0,0,0.078730635
0,1,0.6713154
0,0,0.16383582
0,0,0.25538933
1,0,0.31752136
0,0,0.23465352
1,1,0.6073611
0,0,0.054820023
0,0,0.14128207
0,0,0.12381494
0,0,0.13053444
0,0,0.2599068
0,0,0.2698982
1,0,0.13433065
0,0,0.11284504
0,1,0.60325056
0,0,0.032115903
0,0,0.06816233
0,0,0.07975518
0,0,0.069179624
0,0,0.08918122
0,0,0.21643177
0,0,0.24349004
1,0,0.40305236
0,0,0.48421654
0,0,0.26921126
0,0,0.08054659
0,0,0.11844323
0,0,0.059049673
0,0,0.1287771
0,0,0.19856797
1,1,0.63876987
1,0,0.1587698
0,0,0.1269029
1,0,0.12964012
0,0,0.118387006
1,1,0.60851306
0,1,0.6063735
0,0,0.17727448
0,0,0.1710958
0,0,0.08609804
1,0,0.0797863
0,0,0.06457544
0,0,0.16297649
0,0,0.14451587
0,0,0.21839869
0,1,0.6138972
0,0,0.07266539
1,0,0.43639523
1,1,0.5369437
0,0,0.14474615
0,0,0.041201707
0,0,0.10420518
0,0,0.10678855
0,0,0.26112312
1,1,0.597082
0,0,0.13333878
0,0,0.087484896
0,0,0.19368437
0,0,0.102153465
0,0,0.21034248
1,0,0.27474684
0,0,0.051269624
0,0,0.24076746
0,0,0.09435857
0,0,0.06056762
0,0,0.3365913
1,0,0.33849987
0,0,0.09290382
0,0,0.10216226
0,0,0.18577181
0,0,0.22734728
0,0,0.105722
1,0,0.33967486
0,0,0.10585095
0,0,0.08770349
0,0,0.074239254
0,0,0.12981585
0,0,0.06960972
0,0,0.104591906
0,0,0.2141503
0,0,0.09835756
0,0,0.0611223
0,0,0.21959636
0,0,0.10529287
0,0,0.09781521
1,0,0.37135375
1,0,0.23758437
0,0,0.10177637
0,1,0.6223642
0,0,0.09701081
0,0,0.1123227
0,0,0.13715658
0,0,0.16788177
1,0,0.14797501
0,0,0.101319805
0,0,0.24231693
1,1,0.6233754
0,0,0.11369164
1,0,0.10102486
0,0,0.066355996
0,0,0.19752377
0,0,0.12651984
0,0,0.14964642
0,0,0.10260951
0,0,0.13217741
0,0,0.18504302
1,0,0.20959695
0,0,0.046803743
0,0,0.13813499
0,0,0.1431335
0,0,0.065692335
0,0,0.13380766
0,0,0.052768905
0,0,0.32694915
0,0,0.20452617
0,0,0.07298283
1,0,0.092234656
0,0,0.1602341
0,0,0.13226251
0,0,0.07419804
0,0,0.098939784
0,0,0.1596753
0,0,0.09147681
0,0,0.1856339
0,0,0.20368245
0,0,0.3450367
0,0,0.19643801
0,0,0.060073998
1,1,0.73505545
1,0,0.25841367
0,0,0.052884553
0,0,0.24297641
0,0,0.10029246
0,0,0.3154494
0,1,0.61699325
0,0,0.29876637
0,0,0.22636308
0,0,0.22876237
0,0,0.07418087
0,0,0.070642665
0,0,0.14838652
0,0,0.06851249
0,0,0.14170314
0,0,0.2990283
0,0,0.16064227
0,0,0.10452735
0,0,0.09953184
1,0,0.11762216
0,0,0.1712031
1,0,0.12830591
1,1,0.6721719
0,1,0.6327321
0,0,0.112144716
0,0,0.41091365
0,0,0.27882957
0,0,0.30850866
0,0,0.05514327
0,0,0.20549685
0,0,0.08969034
0,0,0.03305681
1,1,0.662185
1,0,0.2739602
1,0,0.24554141
0,0,0.06236152
0,0,0.40243
0,0,0.18463741
0,0,0.058445383
0,0,0.13366547
0,0,0.15541585
0,0,0.13191105
0,0,0.06871318
0,0,0.08597134
0,0,0.19010769
0,0,0.08064207
0,0,0.10315804
0,0,0.08030669
0,1,0.73970014
1,0,0.15187326
0,0,0.24466084
0,0,0.08383377
0,0,0.13471325
0,0,0.070425935
0,0,0.057457466
1,1,0.58803827
0,0,0.057096217
0,0,0.08880006
0,0,0.16322021
0,0,0.040536437
0,0,0.10254689
0,0,0.101829894
0,0,0.08800747
0,0,0.13574584
0,0,0.1940324
1,0,0.2038715
0,0,0.16304824
1,0,0.41504943
0,0,0.3039012
0,0,0.23219714
1,0,0.108570784
1,0,0.116303466
1,0,0.157444
0,0,0.06792261
1,1,0.7588266
0,0,0.10724487
1,1,0.7266037
0,0,0.21248485
0,0,0.268881
0,0,0.108179286
0,0,0.14920099
0,0,0.09299223
1,0,0.39273408
1,0,0.1603921
0,0,0.057690058
0,0,0.061097063
0,0,0.13357866
0,0,0.07492987
1,0,0.34934375
0,0,0.17369469
0,0,0.1387065
0,0,0.091116115
0,0,0.1390078
0,0,0.08327394
0,0,0.16664633
0,0,0.26136604
0,0,0.22986281
0,0,0.0817605
0,0,0.100466594
0,0,0.13487189
0,0,0.15157668
0,0,0.17139186
0,0,0.10854697
1,1,0.6392694
0,0,0.06922385
0,0,0.091317624
1,0,0.10958865
0,0,0.1556152
0,0,0.31119707
1,0,0.29330775
1,0,0.15147367
0,0,0.2189172
0,0,0.37391585
0,0,0.10307778
0,0,0.06637752
0,0,0.10701506
0,0,0.10541883
0,0,0.10113565
1,1,0.59190774
0,0,0.09981454
0,0,0.21207136
0,0,0.09808847
0,0,0.097134836
0,1,0.6516848
0,0,0.17819886
0,0,0.034258984
0,0,0.09938259
0,0,0.17089278
1,1,0.7091228
0,0,0.17229365
0,0,0.21228732
0,0,0.049331833
0,0,0.15142602
0,0,0.061895933
0,0,0.2487576
0,0,0.37486926
1,0,0.10122151
0,0,0.12663123
0,0,0.31328183
1,0,0.34558734
0,0,0.098343484
1,1,0.65825963
1,1,0.5723576
0,0,0.030711068
0,0,0.47533965
0,0,0.109389804
0,0,0.06338356
0,0,0.35962868
0,0,0.19948594
0,0,0.24693476
1,1,0.6583601
0,0,0.20710902
0,0,0.26406837
0,0,0.30132753
0,0,0.07332235
1,0,0.23154241
1,1,0.5799136
0,0,0.07680366
1,0,0.46655288
0,0,0.11956792
0,1,0.6797752
0,0,0.098925486
0,0,0.0647834
0,0,0.04839088
0,0,0.099423625
0,0,0.040266532
0,0,0.21657991
0,0,0.13009943
0,0,0.09384676
1,1,0.6944419
0,0,0.14734
1,1,0.72049534
0,0,0.19848624
0,0,0.09452481
0,0,0.14303234
0,0,0.16540982
0,0,0.15894605
0,0,0.12525333
0,0,0.07480433
0,0,0.27227488
0,0,0.089532055
0,0,0.24393709
0,0,0.12306846
0,0,0.03327135
0,0,0.10148322
1,0,0.27336103
0,0,0.08916087
0,0,0.11725709
0,0,0.08092559
0,0,0.1695735
0,0,0.12904249
0,0,0.10112884
0,0,0.11889854
0,0,0.085977204
0,0,0.094304495
0,0,0.36688316
1,1,0.74826705
0,0,0.17744969
0,0,0.04249567
1,0,0.13709885
0,1,0.5713531
0,0,0.049979303
0,0,0.083385974
0,0,0.1784887
0,0,0.1513399
0,0,0.15607187
0,0,0.1888206
0,0,0.04448091
0,0,0.14295378
0,0,0.09922295
0,0,0.04263189
0,0,0.14499421
0,0,0.1653348
0,0,0.11700231
0,0,0.1497294
0,0,0.25436693
0,0,0.087312534
1,0,0.09320069
1,0,0.17299773
0,0,0.05758466
0,0,0.36640885
0,0,0.039546505
1,0,0.2512203
0,0,0.0273256
0,0,0.23090366
0,0,0.18151516
0,1,0.61393917
0,0,0.20271347
0,0,0.22483855
0,0,0.13178423
0,0,0.17728823
0,0,0.09146703
0,0,0.08215183
0,0,0.18469052
0,0,0.11388123
0,0,0.33346903
0,0,0.19145133
0,0,0.21162902
0,0,0.091650255
0,0,0.12653312
0,0,0.14170536
1,1,0.61032015
1,0,0.2728796
0,0,0.099026926
0,0,0.061447874
1,0,0.13098653
0,0,0.17906828
0,0,0.06909239
1,0,0.10571994
0,0,0.11491358
0,0,0.088244185
0,0,0.12700525
0,0,0.1304045
0,0,0.10379304
0,0,0.06416932
1,1,0.7351573
0,0,0.10426159
0,0,0.08956522
1,0,0.16481373
0,0,0.039161354
1,0,0.1895075
0,0,0.19307233
0,0,0.10218086
1,1,0.61485344
0,0,0.14395146
0,0,0.06611884
0,0,0.13611235
0,0,0.1897504
0,0,0.15516096
0,0,0.043683212
0,0,0.073295444
1,0,0.20648149
0,0,0.10982932
0,0,0.14105089
0,0,0.15087579
0,0,0.27705312
0,1,0.73623806
0,0,0.16306178
0,0,0.30058345
0,0,0.21153735
0,0,0.04034746
1,0,0.1426228
0,0,0.12015639
0,0,0.27472806
1,1,0.70043576
0,0,0.20698586
0,0,0.11270612
0,0,0.088110186
1,0,0.19590735
0,0,0.11565935
0,0,0.36538154
0,0,0.07172297
0,0,0.2511448
0,0,0.18899581
1,1,0.69285524
0,0,0.125945
0,0,0.1775745
0,0,0.1816165
0,0,0.15260701
0,0,0.027370274
0,0,0.18207476
0,0,0.10605626
0,0,0.10691649
0,0,0.09303196
0,0,0.07488122
0,0,0.15475126
0,0,0.15265913
0,0,0.2291034
0,0,0.09190936
0,0,0.10816144
1,0,0.49944726
0,0,0.100268126
0,1,0.6246672
0,0,0.27615258
1,0,0.2403085
0,0,0.06376891
0,0,0.09249801
0,0,0.13011532
0,0,0.042263143
0,0,0.069722146
0,0,0.2311125
0,0,0.077942215
0,0,0.2016519
0,0,0.10576978
0,0,0.044460937
0,0,0.09736887
0,0,0.36904627
0,0,0.18728872
0,0,0.07829337
1,0,0.29806343
0,0,0.12504762
1,1,0.61203426
0,0,0.16949834
0,0,0.076139554
0,0,0.3842254
0,0,0.45860052
1,0,0.07814847
0,0,0.1644302
0,0,0.04551605
0,0,0.35030785
0,0,0.089942865
0,0,0.16794771
1,1,0.59353036
0,0,0.12415857
0,0,0.1880876
0,0,0.115629286
0,0,0.11460884
0,0,0.071122214
0,0,0.22284548
1,0,0.105836414
0,0,0.11538696
0,0,0.035546016
1,0,0.098616034
1,1,0.6442797
0,0,0.31508303
0,0,0.073341094
0,0,0.1267024
0,0,0.09074117
1,1,0.74455506
0,0,0.20067301
0,0,0.1573075
0,0,0.14883219
0,0,0.076289505
0,0,0.24388245
0,0,0.0819956
1,1,0.783696
1,1,0.7240298
0,0,0.13918768
0,0,0.14371333
0,0,0.09731676
0,0,0.08680987
0,0,0.038108822
0,0,0.051840026
0,0,0.16860025
1,0,0.27898514
0,0,0.061300617
1,0,0.26854596
0,0,0.21371078
1,0,0.17769502
0,0,0.15639423
0,0,0.070431195
1,0,0.15688865
0,0,0.081313044
0,0,0.093133815
1,0,0.1991527
0,0,0.058354903
0,0,0.21945845
0,0,0.10436145
1,0,0.20190887
1,0,0.055532854
0,0,0.067023665
0,0,0.26254436
0,0,0.08748023
0,0,0.1002905
1,0,0.09555342
0,0,0.13714814
0,0,0.042416785
0,1,0.68968064
1,0,0.15247221
0,0,0.10703962
0,0,0.06298914
0,0,0.37993908
0,0,0.11699593
0,0,0.09876735
0,0,0.33344692
1,1,0.7779205
0,0,0.12972876
0,1,0.676605
1,1,0.7754341
0,0,0.13159403
1,1,0.7036187
0,0,0.07086969
0,0,0.07537165
0,0,0.186315
0,0,0.124987185
0,0,0.23081395
0,0,0.05417493
0,0,0.05465711
1,0,0.12985282
0,0,0.08807991
1,1,0.71351236
0,0,0.10842697
1,1,0.54226327
0,0,0.07411937
0,0,0.075878456
0,0,0.06145202
1,1,0.68866503
0,0,0.38424584
0,0,0.04237732
0,0,0.08698105
1,1,0.7383175
0,0,0.09657246
0,0,0.11126889
0,0,0.14326638
1,1,0.7895737
0,0,0.15293185
0,0,0.13069011
1,0,0.2988752
1,1,0.5879124
0,1,0.53469396
1,0,0.27253518
0,0,0.14365621
1,0,0.19628184
0,0,0.105863474
0,0,0.14961964
0,0,0.14645472
0,0,0.26717642
0,0,0.14813358
0,0,0.080834456
0,0,0.1052993
0,0,0.13958624
0,0,0.09445174
0,0,0.07970176
0,1,0.6699788
1,0,0.310424
0,0,0.05671344
0,0,0.2139347
0,0,0.06335571
0,0,0.17095454
0,0,0.05736733
0,0,0.11339654
0,0,0.10270137
0,0,0.14289661
0,0,0.14392567
0,0,0.22114405
0,0,0.08566146
0,0,0.20662832
0,0,0.23618273
0,0,0.23282923
1,1,0.69036275
1,1,0.7233795
0,0,0.27408832
0,0,0.14571387
0,0,0.17344388
0,0,0.2638018
0,0,0.07670563
0,0,0.04888542
0,0,0.4297563
0,0,0.08798841
0,0,0.09909184
0,0,0.16634013
0,0,0.1926153
0,0,0.074882835
0,1,0.7097887
1,0,0.47871035
0,0,0.04879212
0,0,0.11507853
0,0,0.10202956
0,0,0.10331687
0,0,0.15581366
0,0,0.06457676
1,0,0.108364545
0,0,0.051887408
0,0,0.04530508
0,0,0.12976725
0,0,0.10257718
1,1,0.71950054
0,0,0.26842183
0,0,0.28604406
1,0,0.18797135
1,1,0.5302697
1,1,0.5204872
0,0,0.1769542
1,1,0.6687594
0,0,0.15084799
0,0,0.09840916
0,0,0.084849596
0,0,0.1542843
0,1,0.5283841
0,1,0.61979336
1,0,0.19538286
1,0,0.049823552
0,1,0.63201743
0,0,0.20466729
0,0,0.10438499
1,1,0.6730389
0,0,0.08770841
0,0,0.3737943
0,0,0.19551143
1,0,0.03817292
0,0,0.11057147
1,1,0.7011967
0,1,0.5921353
0,0,0.21377322
0,0,0.0990329
0,0,0.04597181
0,0,0.19563296
0,0,0.23362556
0,0,0.17042024
0,1,0.60853577
1,0,0.2785856
0,0,0.3081709
0,0,0.10308413
0,0,0.075973086
0,0,0.30144814
0,0,0.0969393
1,0,0.29802462
1,0,0.15150551
0,0,0.2347561
0,0,0.041934162
0,0,0.07875755
0,0,0.0807601
0,0,0.17719841
0,0,0.40367278
0,0,0.08292339
0,0,0.1348491
0,0,0.07192129
0,0,0.034287356
1,0,0.45875922
0,0,0.09456963
0,0,0.08818535
0,0,0.46484625
0,0,0.24459359
0,0,0.10781175
1,0,0.12030751
0,0,0.08478473
0,0,0.10080875
0,0,0.23324066
1,1,0.7358385
1,0,0.21800263
0,0,0.095454544
0,0,0.14075483
0,0,0.055255312
0,0,0.14132081
0,0,0.07243588
0,0,0.044047173
0,0,0.16480839
1,1,0.6959245
1,1,0.6201717
0,1,0.52086806
0,0,0.4953066
0,0,0.05746839
0,0,0.06709661
0,0,0.07964786
0,0,0.090740465
0,0,0.090849325
1,1,0.6444347
0,0,0.1093803
1,0,0.17871651
0,0,0.07190134
0,0,0.096716605
0,0,0.07546873
0,0,0.10629442
0,0,0.2462512
1,0,0.17448431
0,0,0.3781776
0,0,0.30802473
0,0,0.34181863
0,0,0.19692582
1,0,0.063881025
0,0,0.13247669
0,1,0.61421
0,0,0.09081182
0,0,0.08566146
0,0,0.20548251
0,0,0.2700881
1,0,0.09275429
0,0,0.067109376
0,0,0.1636213
0,1,0.55500466
0,0,0.0682092
1,0,0.15892164
0,0,0.26445776
0,0,0.14916606
1,0,0.24353288
0,0,0.22484666
0,0,0.10561575
0,0,0.1991527
1,1,0.73902017
0,0,0.11350738
0,0,0.12947021
1,0,0.1068408
0,0,0.079891935
0,0,0.14868842
1,1,0.6761571
0,0,0.06975003
0,0,0.33588746
0,0,0.15449709
0,0,0.11481066
0,0,0.12360691
0,0,0.07990129
0,0,0.1379548
0,0,0.11085625
0,0,0.1361632
0,0,0.13846509
0,0,0.24587148
0,0,0.07931128
0,0,0.09354374
0,0,0.07169914
0,0,0.088949405
1,0,0.08112543
0,0,0.09886136
0,0,0.07106625
1,0,0.10280955
0,0,0.10035069
0,0,0.21104176
0,0,0.14676066
1,0,0.3061271
0,0,0.07049315
0,0,0.16830316
0,0,0.04000797
0,0,0.09967733
0,0,0.0795454
0,0,0.18232182
0,0,0.12635644
0,0,0.08691028
0,0,0.11606742
0,0,0.26665565
0,0,0.101701856
0,0,0.15253286
0,0,0.09008818
0,0,0.036411237
0,0,0.06578794
0,0,0.086386435
1,0,0.18335757
1,0,0.11186701
1,0,0.110049136
0,0,0.13545223
0,0,0.11188343
0,0,0.08862847
0,0,0.16831405
0,1,0.62284905
0,0,0.11862487
1,0,0.40635324
0,0,0.10330623
0,0,0.053579956
1,0,0.30493292
0,0,0.09700636
0,0,0.1181221
0,1,0.7397937
1,0,0.16891478
1,0,0.37252456
0,0,0.30645967
0,0,0.07070439
0,0,0.17688555
0,0,0.22138886
0,0,0.15459386
0,0,0.20607953
0,0,0.058040638
0,0,0.09120012
0,0,0.13263977
0,0,0.08089981
0,0,0.096322216
0,0,0.49020606
0,0,0.17527407
0,0,0.14132398
1,0,0.22475319
0,0,0.07074594
0,0,0.09388285
0,0,0.06543744
1,0,0.27326873
0,0,0.06361766
0,0,0.076377556
0,0,0.32673818
0,0,0.30607215
0,0,0.30787832
1,0,0.17834184
0,0,0.09779562
1,0,0.30879673
1,0,0.3450367
0,0,0.1798385
1,0,0.17817588
0,0,0.20541532
1,1,0.61181575
0,0,0.23011473
0,0,0.24817398
0,0,0.31536534
0,0,0.15768437
0,0,0.14157847
1,0,0.30227137
0,0,0.055060923
0,0,0.08865759
0,0,0.14987159
1,0,0.122039
0,0,0.073160745
0,0,0.25216475
0,0,0.1114028
0,0,0.031865105
1,0,0.19721366
1,0,0.062227726
0,0,0.12905788
0,0,0.087808125
0,1,0.637017
0,0,0.0711369
1,1,0.70299405
0,0,0.054747567
0,0,0.09835756
0,0,0.15273783
1,1,0.797823
1,0,0.4834752
0,0,0.040245496
1,0,0.40305236
0,0,0.12139376
0,0,0.33430466
0,0,0.15244918
1,0,0.18583632
0,0,0.2399169
1,0,0.15658331
1,0,0.17667006
1,1,0.5783816
0,0,0.085712455
0,0,0.18373501
0,0,0.09859251
0,0,0.15917817
0,0,0.2793479
0,1,0.7069677
0,0,0.10663567
0,0,0.22512762
0,0,0.10000836
0,1,0.5729722
0,0,0.33832094
0,0,0.109877326
0,0,0.102196
0,0,0.06932483
0,0,0.0980478
0,0,0.0967632
1,0,0.35675043
1,0,0.06747422
0,0,0.03245034
0,0,0.16156648
1,1,0.56922525
0,0,0.09481525
1,1,0.64795226
0,0,0.037777998
0,0,0.063232064
0,0,0.123136155
0,0,0.37328273
1,1,0.57727295
1,1,0.6962598
1,0,0.43602657
0,0,0.096385054
1,0,0.07525128
1,0,0.3810051
0,0,0.46064338
0,0,0.07613486
0,0,0.1450641
0,0,0.062337466
0,0,0.2869252
1,0,0.30544114
0,0,0.07292786
1,0,0.17086886
1,0,0.1339772
1,0,0.103646316
0,0,0.13295305
0,0,0.04422581
0,0,0.102422155
0,0,0.07108276
0,0,0.13646147
1,0,0.2109356
0,0,0.13121574
0,0,0.4572279
1,0,0.24267288
1,0,0.46043015
0,0,0.109648176
0,0,0.19695008
1,1,0.7342483
0,0,0.096386634
0,0,0.14995487
0,0,0.11167205
0,0,0.066601165
0,0,0.3131718
0,0,0.16724361
0,0,0.07954364
1,1,0.7594553
1,1,0.64093685
1,1,0.7142736
1,0,0.4328577
0,0,0.15156259
0,0,0.30492315
0,0,0.07180175
1,0,0.24372758
1,1,0.6284313
0,0,0.0876373
1,1,0.61296564
0,0,0.05174624
0,0,0.05408129
1,1,0.505324
0,0,0.081727184
1,0,0.11429096
0,0,0.059061002
0,0,0.08225809
1,0,0.46413484
1,0,0.18562983
0,0,0.10382256
0,0,0.09691023
0,0,0.115199886
0,0,0.04754133
0,0,0.11315535
0,0,0.0899365
0,0,0.32567152
0,0,0.42540163
0,0,0.083207294
0,0,0.13936777
0,0,0.21408883
1,0,0.20139377
0,0,0.12541163
0,0,0.22090603
1,0,0.11611309
1,0,0.452834
1,0,0.35219255
1,0,0.18582194
0,0,0.13442737
0,0,0.10782944
0,1,0.56709754
1,0,0.37252456
0,0,0.041009426
0,0,0.14742318
1,0,0.119695716
0,0,0.13850282
0,0,0.1133352
1,0,0.48612827
0,0,0.14082061
0,0,0.09125141
1,0,0.28429782
0,0,0.14574799
0,0,0.21544717
0,0,0.16697867
0,0,0.33334228
1,1,0.6926829
0,1,0.6757354
1,1,0.62537044
1,0,0.16553153
0,0,0.17915513
0,0,0.09846299
1,0,0.1183027
1,1,0.67791456
1,1,0.6118957
1,0,0.105332226
0,0,0.0378113
0,0,0.074787185
1,0,0.23340087
0,0,0.07329776
0,0,0.14472942
0,0,0.04301021
0,0,0.11619804
1,0,0.36203414
0,0,0.1369429
0,0,0.28141093
0,0,0.04484816
0,0,0.12633239
0,0,0.30945915
0,0,0.09471899
0,0,0.47785643
0,0,0.11077515
0,0,0.15735479
1,0,0.09168941
0,0,0.08466197
0,0,0.12667611
1,0,0.2321282
0,0,0.048669487
0,0,0.10604672
0,0,0.057376802
0,1,0.62845224
0,0,0.08374467
0,1,0.756514
0,0,0.12918344
0,0,0.095705695
0,0,0.049575407
0,0,0.031084295
0,0,0.3760097
0,0,0.3005645
0,0,0.33440158
0,0,0.37252456
0,0,0.21709868
0,0,0.26259947
1,1,0.59523404
0,0,0.12298399
0,0,0.130999
0,0,0.31204003
0,0,0.08431315
0,0,0.07009619
0,0,0.16003942
1,1,0.59658116
1,0,0.23671864
0,0,0.19009376
0,0,0.0502079
0,1,0.6641035
0,0,0.09394889
0,0,0.09826896
0,0,0.2909883
0,0,0.16688615
1,0,0.075229615
1,0,0.22059202
0,0,0.05233755
1,1,0.6191956
0,0,0.089319125
0,0,0.110246316
0,0,0.22309573
0,0,0.078006566
0,0,0.067500845
0,0,0.07218999
0,0,0.14512876
0,0,0.03303099
0,0,0.48635656
0,0,0.22706236
1,0,0.21011306
0,0,0.21380034
0,0,0.20360126
0,0,0.24214366
1,1,0.6800182
0,0,0.1357176
0,0,0.37204614
0,0,0.04827928
0,0,0.20588191
0,0,0.092597075
0,0,0.09780709
0,0,0.07391008
0,0,0.1017525
0,0,0.29329038
0,0,0.11677857
0,0,0.16038089
0,0,0.097781405
1,0,0.29030252
0,0,0.1834747
0,0,0.13903
1,1,0.7011967
0,0,0.12790792
0,0,0.081331976
0,0,0.16997194
0,0,0.1713925
0,0,0.16743797
1,0,0.20325442
0,0,0.47654384
0,0,0.091349244
0,0,0.20538907
1,1,0.58948153
0,0,0.3132528
0,0,0.12448153
0,0,0.054054417
0,0,0.4011595
0,0,0.11368132
0,0,0.07684336
0,0,0.14559117
0,1,0.6231306
0,0,0.12771507
1,0,0.07820699
1,0,0.08167688
0,0,0.1514757
0,0,0.031055138
0,0,0.06745329
0,0,0.09168899
0,0,0.05112489
0,0,0.0761285
0,0,0.10956788
0,0,0.4851227
0,0,0.18046391
0,0,0.036323927
0,0,0.12035151
1,0,0.20178744
1,0,0.44033736
0,0,0.028858703
0,0,0.033352554
0,0,0.13281415
0,0,0.10222464
0,0,0.27843404
0,0,0.08504779
1,0,0.19198628
0,0,0.3325046
0,0,0.09700085
1,0,0.35902673
0,0,0.08650142
0,0,0.08048112
1,1,0.7354096
0,0,0.13257262
1,1,0.6642191
0,0,0.05047214
0,0,0.13538179
0,0,0.09435686
0,0,0.038147274
0,0,0.16201198
0,0,0.098072365
1,1,0.69818944
0,0,0.05659803
0,0,0.09842899
0,0,0.17798132
1,1,0.62434506
1,0,0.10052476
0,0,0.12343292
1,1,0.7667898
0,0,0.054804534
0,0,0.06913904
0,1,0.5779064
0,0,0.17362158
0,0,0.09597639
0,0,0.099423625
0,1,0.6095977
0,0,0.081046805
1,1,0.6421391
1,1,0.61438495
1,0,0.3701484
0,0,0.27471527
0,0,0.3050151
1,1,0.7357168
0,0,0.37252456
0,0,0.1636606
1,1,0.558172
0,1,0.63010794
0,0,0.2239562
0,0,0.12933259
0,0,0.1935191
0,0,0.15210474
1,0,0.32517585
0,0,0.06912278
0,0,0.14495313
0,0,0.1035188
1,1,0.6865639
0,0,0.21692693
1,0,0.2213579
0,0,0.116793655
1,0,0.28183922
1,0,0.20638022
0,0,0.2456954
0,0,0.34647116
0,0,0.1224445
0,1,0.65207505
1,0,0.23227148
0,0,0.3205977
1,1,0.6962097
0,0,0.20238198
0,0,0.097057566
0,0,0.14065032
0,0,0.14547871
1,0,0.31984615
1,1,0.7124565
0,0,0.09004364
0,0,0.13878264
0,0,0.18568912
0,0,0.102730386
0,0,0.16219848
0,0,0.13468882
1,1,0.74477667
0,0,0.077154644
0,0,0.19896618
0,0,0.25518933
0,0,0.07940406
0,0,0.14279972
1,0,0.0641011
0,0,0.11829793
0,0,0.040329445
1,0,0.2989555
0,0,0.11240444
0,0,0.101580895
0,0,0.18982494
1,1,0.62156844
0,0,0.13006416
0,0,0.12449065
1,0,0.17319773
1,0,0.13746412
0,0,0.07632962
0,0,0.13853571
1,0,0.08932747
0,1,0.6322742
0,0,0.15586974
0,0,0.11334954
0,0,0.20750149
0,0,0.25460634
1,0,0.0936991
1,0,0.16178317
0,0,0.24750726
0,0,0.10953322
1,1,0.7314478
0,0,0.09493052
0,0,0.29117942
0,0,0.30491042
1,0,0.086827956
0,0,0.06807237
0,0,0.07345695
0,0,0.050816927
0,0,0.04479057
0,0,0.08649253
1,1,0.6872555
0,0,0.11641761
1,1,0.5220157
1,0,0.16380534
0,0,0.15886648
0,0,0.09876397
0,0,0.20112318
0,0,0.14349918
0,0,0.44305515
0,0,0.41478562
0,0,0.14771727
0,0,0.046935055
0,0,0.30574587
0,0,0.18056649
0,0,0.120640755
0,0,0.121691376
0,0,0.19748592
0,0,0.093477435
0,0,0.09841354
1,0,0.13625184
0,0,0.09095936
0,0,0.050729897
0,0,0.16674958
1,0,0.13901071
0,0,0.11650573
0,0,0.15427981
0,0,0.06073577
0,0,0.32746366
0,0,0.09169556
0,0,0.3919158
0,0,0.23745874
0,0,0.19609493
0,0,0.22549585
0,0,0.12721972
0,0,0.07161082
0,0,0.16526704
0,0,0.25333443
0,0,0.056875806
0,0,0.10045117
0,0,0.1066661
0,0,0.33334228
0,0,0.10783092
0,0,0.1163452
0,0,0.16696991
0,0,0.32987735
0,0,0.028699089
0,0,0.14988236
0,0,0.08485049
0,0,0.18906891
1,0,0.3918947
0,0,0.059873343
0,0,0.042245448
1,0,0.2831056
0,0,0.28622612
0,0,0.09805808
0,0,0.3074807
0,0,0.086726084
1,0,0.12477302
0,0,0.103983544
0,0,0.29667884
1,1,0.6181931
1,0,0.098077804
0,0,0.10881819
1,0,0.17026387
0,0,0.09391929
0,0,0.23827845
1,1,0.67912763
0,1,0.53911215
0,0,0.13658391
0,0,0.14505568
0,0,0.2051137
0,0,0.16187713
0,0,0.14779381
0,0,0.11968592
1,0,0.41068727
0,0,0.07745448
0,0,0.12811016
0,0,0.29027638
0,0,0.05261864
1,0,0.24217062
0,0,0.3273633
0,0,0.17713498
0,0,0.05083443
1,1,0.69054496
0,0,0.123481356
0,0,0.29478323
1,0,0.35489303
0,0,0.2523092
1,0,0.2301418
1,0,0.13929668
0,0,0.24313188
0,1,0.5612253
1,0,0.14558184
0,0,0.2594058
1,0,0.18775441
1,0,0.13949196
0,0,0.20303942
0,0,0.10196086
0,0,0.16594751
0,0,0.06875391
0,0,0.37996992
0,0,0.49278095
1,0,0.1102072
0,0,0.16454093
1,0,0.47752696
0,0,0.21002644
0,0,0.17917344
0,0,0.19550872
0,0,0.06282369
0,0,0.12279756
0,0,0.13564909
0,0,0.07075957
0,0,0.1204389
1,0,0.31399938
1,1,0.6295056
0,0,0.19275755
0,0,0.10998675
0,0,0.05260012
0,0,0.039019316
0,0,0.28889266
0,0,0.18692079
0,0,0.08002976
0,0,0.20284492
0,0,0.19752786
1,0,0.35909122
1,0,0.058145914
1,0,0.10512196
0,0,0.10810814
0,0,0.13889611
0,0,0.24532117
1,1,0.74341226
1,1,0.60241586
0,0,0.07435315
1,0,0.06498833
0,0,0.10163023
0,0,0.38069895
0,0,0.06921405
0,0,0.09340519
0,0,0.17010815
0,0,0.060244597
1,0,0.11755289
0,0,0.12330552
0,0,0.109058924
1,1,0.6419932
0,0,0.26322982
0,0,0.16623007
0,0,0.10120973
0,0,0.12287682
0,0,0.074582264
1,0,0.38576683
0,0,0.16942416
0,0,0.08512469
0,0,0.16686611
1,1,0.6462316
0,0,0.088309966
1,1,0.7793795
1,1,0.66895187
1,0,0.34918517
0,0,0.06475833
0,0,0.3956178
0,0,0.044362184
0,0,0.14017105
0,0,0.045130096
0,0,0.12719074
0,0,0.23186004
0,1,0.58786446
0,0,0.039919775
0,0,0.12533689
0,0,0.18677698
0,1,0.6941811
0,0,0.15806705
0,0,0.04509606
0,0,0.09368877
0,0,0.09831554
0,1,0.51181483
0,0,0.076735556
0,0,0.1513399
0,0,0.09269469
0,0,0.31540468
0,0,0.10370237
0,0,0.07016927
0,1,0.66906273
0,0,0.27282482
0,0,0.03944943
0,0,0.092854165
0,0,0.06734016
0,0,0.26003376
0,0,0.21001741
0,0,0.07951545
1,0,0.28197518
0,0,0.12424525
0,1,0.6778672
0,0,0.0667736
0,0,0.06999168
0,0,0.15321362
1,1,0.6403297
0,0,0.11255445
1,0,0.3181386
0,0,0.104555406
0,0,0.1178391
0,0,0.052249152
0,1,0.5947069
0,0,0.057010897
1,1,0.7573748
0,0,0.09436704
0,0,0.059362896
0,0,0.1271991
0,0,0.08084428
0,0,0.24891314
1,1,0.7304513
1,1,0.7293602
0,0,0.047402594
0,0,0.20415445
1,0,0.4120956
1,0,0.101319805
0,0,0.076934166
0,0,0.15796766
0,0,0.31619087
0,0,0.13082467
1,0,0.46753863
0,0,0.10139873
0,0,0.49168867
0,0,0.11792681
0,0,0.052510984
0,0,0.12473345
0,0,0.100354664
0,0,0.092545174
1,0,0.1193232
1,1,0.57229924
0,0,0.073705256
0,0,0.15896812
0,1,0.64389265
1,0,0.26171452
0,0,0.43845326
0,0,0.101348355
0,0,0.061930425
1,0,0.16741115
0,0,0.08347869
0,0,0.12987037
0,0,0.09572062
1,0,0.30194435
0,0,0.46692047
0,0,0.13066281
0,0,0.05798585
0,0,0.07997751
0,0,0.22114672
0,0,0.12959318
0,0,0.44118154
0,0,0.045607183
0,0,0.1783364
0,0,0.10275271
0,0,0.22089931
1,0,0.1867068
0,0,0.20562576
0,0,0.10398939
0,0,0.10208922
1,0,0.26787576
1,0,0.42773348
0,0,0.050387196
0,0,0.069587976
1,1,0.6825278
1,1,0.7011296
0,0,0.2248824
0,0,0.066234104
0,0,0.09258902
0,0,0.07184861
0,0,0.23684314
0,0,0.04096933
0,0,0.201991
0,0,0.15739621
0,0,0.08531382
0,0,0.126375
0,0,0.063956484
0,0,0.3066907
1,1,0.6259115
0,0,0.15599784
1,1,0.57082814
0,0,0.15163003
0,0,0.11185264
0,0,0.107750505
0,0,0.1874181
0,0,0.18992044
0,1,0.6378665
0,0,0.13478369
0,0,0.1043037
0,0,0.15098885
0,0,0.10240771
0,0,0.02757988
0,0,0.33468986
0,0,0.14167538
0,0,0.10106008
1,0,0.15521419
0,0,0.08768895
1,0,0.07107059
0,0,0.14146103
0,0,0.086185575
0,0,0.030690866
1,0,0.46416202
0,0,0.09569631
1,0,0.38579658
1,1,0.7160254
0,0,0.091479845
0,0,0.12597331
1,1,0.57350147
0,0,0.1091314
0,0,0.096914366
0,0,0.06448354
0,0,0.09678336
0,0,0.0542067
0,0,0.15184665
0,0,0.16865255
0,0,0.1860036
1,0,0.34773642
0,0,0.19767483
0,0,0.3039012
0,0,0.1469241
0,0,0.0585918
0,0,0.15248114
1,0,0.35498115
0,0,0.056255557
0,0,0.13251342
0,0,0.18198074
1,0,0.18648617
0,0,0.14476566
1,1,0.73812544
1,0,0.16565108
1,1,0.72164774
1,1,0.7114045
0,0,0.17897813
1,0,0.3029342
0,0,0.19125837
0,0,0.20718347
1,0,0.11260105
0,0,0.22593056
0,0,0.16966896
0,0,0.23772296
0,0,0.31536534
0,0,0.12822886
0,0,0.109761626
0,0,0.0630156
0,0,0.100739285
1,0,0.058678843
0,0,0.056894764
0,0,0.10117528
0,0,0.071046345
0,0,0.42312625
0,0,0.103579134
1,0,0.2307498
0,0,0.09213565
0,0,0.10399694
0,0,0.1159537
0,0,0.31133226
0,0,0.054038666
0,0,0.14362599
0,0,0.09053682
0,0,0.027597597
0,0,0.052298494
1,0,0.4325276
0,0,0.36523527
0,0,0.2291034
0,0,0.099819
0,0,0.066739626
0,0,0.25544074
0,0,0.14751741
0,0,0.16026354
0,0,0.37727144
0,1,0.60422325
0,0,0.072452284
0,0,0.09125327
0,0,0.2635097
0,0,0.26338765
0,0,0.08320125
0,0,0.0945184
1,0,0.15322669
1,1,0.64147884
0,0,0.19944222
0,0,0.08509001
0,0,0.1351844
0,0,0.25737125
0,0,0.15334387
1,0,0.45141175
0,0,0.19463919
0,0,0.08112956
0,0,0.083381526
0,0,0.18739101
0,0,0.035012826
0,0,0.046752505
0,0,0.14163147
0,0,0.1031468
0,0,0.18768735
0,0,0.06068543
0,0,0.061922226
0,0,0.046368863
0,0,0.103936814
1,0,0.14979692
0,0,0.17070141
0,0,0.09763231
1,0,0.10842248
0,0,0.15117459
0,0,0.12330789
0,0,0.25487438
1,1,0.74906737
1,1,0.5909849
1,0,0.10927894
0,0,0.11359344
0,0,0.09775182
0,1,0.62964946
1,0,0.40973017
0,0,0.15357769
0,0,0.1755119
0,0,0.13750988
1,0,0.32686415
1,1,0.72899973
0,0,0.07005884
0,0,0.41102722
0,0,0.07773571
0,1,0.7188062
1,0,0.16062751
0,0,0.097180925
1,0,0.17683707
0,0,0.26483795
0,0,0.033505835
0,0,0.05698134
0,0,0.115842275
0,0,0.121418975
1,0,0.14047524
1,0,0.08631095
1,0,0.058299515
1,0,0.45185766
0,0,0.29969037
0,0,0.05900163
1,0,0.2008522
0,0,0.14919044
0,0,0.093137845
0,0,0.07451513
1,1,0.6358678
0,0,0.06990866
0,0,0.35329452
0,0,0.046242423
0,0,0.12827225
0,0,0.05538268
0,0,0.12727216
0,0,0.106170826
0,0,0.07178304
0,0,0.1975147
0,0,0.049042605
0,0,0.067376584
0,0,0.31533036
1,0,0.2217186
1,1,0.6363983
0,0,0.038311493
0,0,0.051839665
0,0,0.10084401
0,0,0.15535907
0,0,0.1248096
0,0,0.13678232
0,0,0.08947769
0,0,0.08529269
1,1,0.75109357
0,0,0.106124565
0,0,0.323881
0,0,0.14868194
0,0,0.17788035
0,0,0.08505293
0,0,0.08674138
0,0,0.09990245
0,0,0.09609828
1,1,0.8144753
1,1,0.75336134
0,0,0.08738361
1,1,0.658555
1,0,0.39864627
0,0,0.18599206
0,0,0.26136604
0,0,0.1103425
0,0,0.09772452
0,0,0.06747097
1,0,0.234492
0,0,0.07486064
1,1,0.610276
0,0,0.1260965
0,0,0.11938012
0,0,0.1908001
1,1,0.74355805
0,0,0.10689209
0,0,0.09258902
0,0,0.08371491
0,0,0.14647314
1,1,0.60816735
0,0,0.06281421
1,1,0.747912
1,1,0.862084
0,0,0.13567461
0,0,0.072501376
1,0,0.20867611
0,0,0.07750753
0,0,0.1580854
0,0,0.05184128
0,0,0.17349112
1,0,0.31942368
1,1,0.7177005
0,0,0.11916422
0,0,0.09137309
1,1,0.64544266
0,0,0.24778302
0,0,0.06926237
1,0,0.07657231
0,0,0.12301273
0,0,0.080290064
0,0,0.069510974
0,0,0.043830648
0,0,0.37494338
0,0,0.12690116
0,0,0.10366559
0,0,0.059175614
0,0,0.0813949
1,0,0.40367278
0,0,0.07090722
1,0,0.18118264
1,0,0.35081214
1,1,0.617809
0,0,0.068975694
0,0,0.06074211
1,0,0.15084799
0,0,0.3754357
1,0,0.36087093
0,0,0.09616969
0,0,0.10589504
1,0,0.28288195
0,0,0.032283958
0,0,0.18501681
1,1,0.5659655
0,0,0.095999375
0,0,0.111114785
0,0,0.12792608
0,0,0.41135427
1,0,0.2137235
1,1,0.60745883
0,0,0.08705812
0,0,0.1446912
0,0,0.2511448
0,0,0.094280586
1,0,0.29480216
0,0,0.18184529
0,0,0.066309206
0,0,0.10018082
0,0,0.13643949
0,0,0.39358988
0,0,0.049823154
0,1,0.74977523
0,0,0.17838086
0,0,0.09357247
0,0,0.34118435
0,0,0.05503452
0,0,0.07276458
1,0,0.23390928
0,0,0.13780162
0,0,0.2224452
1,0,0.25006533
0,0,0.13723816
0,0,0.20836589
0,0,0.17971264
1,0,0.2036798
0,0,0.38471052
0,1,0.5806347
0,0,0.27318707
0,0,0.06514922
0,0,0.29876637
0,1,0.5580671
1,0,0.39018175
0,1,0.6150989
0,0,0.21726476
0,0,0.051174786
1,1,0.56815743
0,0,0.15629274
0,0,0.05013149
0,1,0.73498315
0,0,0.24235146
0,0,0.15104772
0,0,0.093133815
0,0,0.17902917
0,0,0.057602867
0,0,0.23617938
0,0,0.20701413
0,0,0.13571285
0,0,0.061432596
0,0,0.09176682
0,0,0.15675554
0,0,0.093635894
0,0,0.04516322
1,0,0.06521785
0,0,0.15865369
0,0,0.07373347
0,0,0.16883343
0,0,0.065460704
0,0,0.099179655
1,1,0.76422566
0,0,0.080251604
0,0,0.06755346
1,0,0.101642706
0,0,0.11664322
0,0,0.1058999
1,0,0.29643315
0,0,0.112415716
0,0,0.13071565
0,0,0.052265085
0,0,0.112494566
0,0,0.09693885
0,0,0.13257454
0,0,0.25790638
0,0,0.17988937
0,1,0.735883
0,0,0.12708755
0,0,0.14968455
0,0,0.03717079
0,0,0.14205132
0,0,0.3764287
0,0,0.17595047
0,0,0.21772708
0,0,0.08218513
0,1,0.51539165
1,0,0.2266909
1,1,0.73911303
0,0,0.12845077
1,0,0.107451215
0,0,0.32061106
1,0,0.06949756
1,1,0.69149625
0,0,0.12710811
1,1,0.71038115
1,1,0.7170194
0,0,0.054590628
0,0,0.073843196
0,1,0.612513
0,0,0.244065
1,0,0.2588814
0,0,0.09900035
0,0,0.18060303
1,0,0.21470499
0,0,0.18509232
0,0,0.2978556
0,1,0.6098617
1,1,0.70647407
0,0,0.0649611
1,0,0.43200886
0,0,0.28657758
0,0,0.14000964
1,1,0.6603061
0,0,0.08271939
0,0,0.10452565
0,0,0.13876511
0,0,0.09836976
0,0,0.09012052
0,0,0.21175872
0,0,0.18745208
1,0,0.16715397
1,0,0.36438203
0,0,0.08152147
0,0,0.10093457
1,0,0.3131718
0,0,0.3176832
1,0,0.16864261
0,0,0.06990866
1,0,0.06945553
0,0,0.09948557
1,0,0.25624543
1,0,0.06642366
0,1,0.6011583
1,0,0.10035725
0,0,0.28537616
0,0,0.10328589
0,0,0.10291102
0,0,0.1072461
0,0,0.09653124
0,0,0.073295444
0,0,0.13610332
0,0,0.107637666
0,0,0.06395377
0,0,0.03640321
0,0,0.15124226
0,0,0.293888
0,0,0.2246192
0,0,0.2130391
0,0,0.3293775
0,0,0.031512722
0,0,0.093226
1,0,0.21974884
0,0,0.09546014
0,0,0.0675734
0,0,0.1442142
0,0,0.09146833
0,0,0.32656625
1,1,0.65855134
0,0,0.09710594
0,0,0.16675617
0,0,0.08922939
1,1,0.5806868
0,0,0.118597016
1,0,0.11902659
0,0,0.0895975
0,0,0.2115052
0,0,0.031405095
1,0,0.07689246
0,0,0.13696606
1,1,0.69511205
0,0,0.100052774
1,0,0.1027439
0,0,0.11516016
1,1,0.7748205
0,0,0.10600596
0,0,0.08112956
1,1,0.7381562
0,0,0.12935162
0,0,0.22910154
0,0,0.09835756
0,0,0.105390325
0,0,0.14720394
1,0,0.2762132
1,1,0.7019747
0,1,0.69877505
0,0,0.15882555
0,0,0.09237437
0,0,0.31536534
0,0,0.14510365
0,0,0.14985514
1,0,0.11095205
0,0,0.064089686
0,0,0.113122374
1,1,0.7337197
0,0,0.1410326
0,0,0.12964875
0,0,0.2584808
0,0,0.06902777
0,0,0.049994126
0,0,0.13865864
1,0,0.115126215
0,1,0.61906725
0,0,0.21826969
1,0,0.23247468
0,0,0.23678902
0,0,0.08245454
0,0,0.15700586
1,1,0.5409032
1,0,0.22838874
0,0,0.3074807
0,0,0.12968373
0,0,0.098077804
0,0,0.15747407
0,1,0.74313164
0,0,0.08195406
0,0,0.17718054
1,1,0.5408585
0,0,0.22310698
0,0,0.30743116
0,0,0.100521415
0,0,0.12982532
1,1,0.633612
0,0,0.15112463
0,0,0.31447977
0,0,0.27235493
0,0,0.0881071
0,0,0.44677776
0,0,0.07795698
0,0,0.09862909
0,0,0.07899654
0,0,0.16466859
1,0,0.38905114
1,0,0.08595296
0,0,0.08605373
1,0,0.14170548
0,0,0.08876825
0,0,0.10117076
0,0,0.20128182
0,0,0.073620446
0,0,0.14596617
0,0,0.106977314
0,0,0.13823065
0,0,0.13011692
0,0,0.051446244
1,0,0.22982113
0,0,0.21226312
0,0,0.08944615
0,0,0.21344781
0,0,0.05939371
0,0,0.070927024
0,0,0.11275566
1,0,0.1558669
0,0,0.38392016
0,0,0.4616842
1,1,0.678105
1,1,0.724306
1,0,0.14214197
0,0,0.092679314
1,0,0.1429842
0,0,0.1640341
0,0,0.10022912
0,0,0.1182394
0,0,0.15386707
0,0,0.25705847
0,0,0.05570229
0,0,0.09848496
1,0,0.09371303
1,0,0.12102711
0,0,0.16737773
0,0,0.17815013
0,0,0.07583791
0,0,0.35356748
0,0,0.27992138
0,0,0.18670563
0,0,0.20629163
0,0,0.10746098
1,0,0.14265776
1,0,0.32114467
1,1,0.6846227
0,0,0.07105796
0,0,0.13863228
0,0,0.107190125
1,0,0.24158305
1,0,0.38245976
0,0,0.13308984
0,0,0.246107
1,1,0.78470576
0,1,0.7239889
1,0,0.24255046
1,0,0.17582786
0,0,0.21488094
0,0,0.074074216
0,0,0.38015243
0,0,0.13523354
0,0,0.066703685
0,0,0.09137652
1,0,0.14221796
0,0,0.07661202
0,0,0.14921519
0,0,0.040644452
0,1,0.54103
0,0,0.22447732
0,0,0.17908277
1,0,0.28917342
1,0,0.32130864
0,0,0.37252456
0,0,0.21967785
0,1,0.673534
0,0,0.10586552
1,1,0.746117
0,0,0.034769464
1,0,0.36075845
0,0,0.07289844
0,0,0.15167718
0,0,0.1825217
0,0,0.25135106
1,0,0.26002198
0,0,0.0611351
0,0,0.06617997
0,0,0.051457833
0,0,0.055019803
0,0,0.12448153
1,0,0.40725747
0,0,0.21655455
0,0,0.10209122
0,0,0.09934147
0,0,0.063425586
0,0,0.15799423
0,0,0.1547448
0,0,0.10069852
1,1,0.7225442
0,0,0.07657167
0,0,0.17750336
0,0,0.10174322
0,0,0.15709326
0,0,0.09053499
0,0,0.09489739
0,0,0.106513165
0,0,0.10846256
0,0,0.14192761
0,0,0.19692582
0,0,0.06963505
0,0,0.14191748
0,0,0.070513204
0,0,0.14364052
0,0,0.13096324
1,0,0.37523955
0,0,0.18339
0,0,0.18579234
1,1,0.6680367
0,0,0.15279424
0,0,0.048297502
1,0,0.15866093
1,0,0.1009937
0,0,0.13221194
1,0,0.07489372
0,0,0.1016733
0,0,0.05494378
1,0,0.37252456
0,0,0.08693685
0,0,0.027026618
1,1,0.79269093
0,0,0.06168344
0,0,0.13324744
0,0,0.10014074
0,0,0.073145084
1,0,0.1282442
0,0,0.07797577
1,0,0.40116596
0,0,0.062413275
1,1,0.6917357
0,0,0.06995999
0,0,0.107310176
0,0,0.35281834
0,0,0.07142287
0,0,0.19152462
1,0,0.17051195
1,1,0.6495467
1,1,0.7516946
0,0,0.08797986
0,0,0.14994107
0,0,0.1996023
0,0,0.07559962
0,0,0.1856745
0,0,0.07258143
0,0,0.19868913
0,0,0.08085943
0,0,0.15652488
1,1,0.664683
0,0,0.03451627
0,0,0.29930213
0,0,0.16935652
0,0,0.12249183
0,0,0.13730215
0,0,0.11916197
1,0,0.12545122
1,0,0.12801151
0,0,0.091752075
0,0,0.19770233
0,0,0.19377144
0,0,0.09719662
0,0,0.07072008
0,0,0.120782815
1,0,0.11120578
0,0,0.05890505
0,0,0.21834084
0,0,0.12239969
1,1,0.7472367
0,0,0.151657
1,0,0.15554085
0,0,0.27505606
0,0,0.12907442
1,0,0.3701484
1,0,0.17463736
0,1,0.6376824
0,0,0.25972736
0,1,0.7648235
0,0,0.07563898
0,0,0.14083377
0,0,0.07100541
1,0,0.1286927
0,0,0.16911387
0,1,0.58370763
0,0,0.12380573
0,0,0.22219571
1,0,0.14274551
0,0,0.1228761
0,0,0.12524422
0,0,0.07150251
0,0,0.12763275
0,0,0.19319297
0,0,0.21115583
0,0,0.09979199
1,1,0.744332
0,0,0.05164153
1,0,0.17664498
1,0,0.37252456
0,0,0.15874921
1,1,0.66655713
0,0,0.13901211
0,0,0.1742405
1,0,0.22954243
0,0,0.107261516
1,0,0.17875648
0,0,0.29195848
1,0,0.137593
0,0,0.1623736
1,1,0.7340702
0,0,0.104986586
0,0,0.17370065
0,0,0.14579894
0,0,0.3074807
0,0,0.15218392
1,0,0.49892384
0,0,0.3770444
0,1,0.6731547
0,0,0.1070514
0,0,0.14242104
0,0,0.24903601
0,0,0.18905802
0,0,0.09842797
0,0,0.34365368
0,0,0.1045996
0,0,0.17508742
0,0,0.17431097
0,0,0.103588134
1,0,0.24360493
0,0,0.095329925
1,0,0.27841237
0,0,0.2511448
0,0,0.10761166
0,0,0.13042621
1,0,0.0903169
0,0,0.045650404
1,0,0.12236994
1,1,0.6857069
0,0,0.20019013
0,0,0.17382902
1,0,0.32335138
0,0,0.1824314
0,0,0.06944788
0,0,0.232899
1,1,0.588784
0,0,0.15321401
0,0,0.14106908
0,0,0.09432726
1,1,0.5877574
0,0,0.06334951
0,0,0.13875355
1,0,0.08408898
0,0,0.32654643
1,0,0.2988752
0,0,0.23617263
0,0,0.102726005
1,0,0.36062294
0,0,0.032768924
0,0,0.09684294
0,0,0.18960197
0,0,0.057714354
0,0,0.037255563
0,0,0.09406742
0,0,0.1167839
0,0,0.099656574
0,0,0.14340512
1,0,0.1105319
0,0,0.05672955
0,0,0.048952304
1,1,0.53684884
0,0,0.06669374
0,0,0.09407163
0,0,0.11100105
0,0,0.21933465
0,0,0.26057562
1,1,0.6230911
0,0,0.21271902
1,0,0.19857278
0,0,0.11759356
0,0,0.09634443
0,0,0.13379504
1,1,0.6644155
0,0,0.33133936
0,0,0.13288093
0,0,0.05116607
1,1,0.69964963
1,0,0.40530822
0,0,0.12699328
0,0,0.13707581
0,0,0.108967684
0,0,0.13137248
1,0,0.44253343
0,0,0.16300574
0,0,0.18807575
0,0,0.11245652
0,0,0.071809016
0,0,0.16036256
0,0,0.07099871
0,0,0.110659614
0,0,0.19535153
0,1,0.54943615
0,0,0.14901315
0,0,0.095010795
0,0,0.26574597
1,1,0.6600084
1,1,0.66049963
1,0,0.18066318
1,0,0.31909302
0,0,0.08233508
0,0,0.13260536
0,0,0.0858915
0,0,0.042874243
0,0,0.114576355
0,0,0.08137204
0,0,0.08374414
0,0,0.085244656
1,0,0.22908887
0,0,0.40938464
0,0,0.16942409
0,0,0.08282646
0,0,0.21964198
0,0,0.07203563
0,0,0.28622612
0,0,0.08517405
0,0,0.08812483
0,0,0.114902966
0,0,0.18318157
0,0,0.06425351
0,0,0.40841523
1,0,0.29822657
0,0,0.17227988
1,1,0.7327637
1,1,0.73879737
0,0,0.087723315
0,0,0.10554417
0,0,0.3605668
1,1,0.6953479
1,0,0.1050237
0,0,0.15715127
0,0,0.20178325
0,0,0.08676271
0,0,0.067980245
1,0,0.31923822
1,0,0.27526066
0,0,0.057615656
0,0,0.13486944
0,0,0.11533221
0,0,0.26928577
0,0,0.11082695
0,1,0.7099247
0,0,0.06099639
0,0,0.15127867
0,0,0.06986166
0,0,0.20738031
0,0,0.18227455
0,0,0.17165397
1,1,0.52051395
0,0,0.16657463
1,0,0.15149982
0,0,0.048566002
0,0,0.24861407
1,1,0.7227016
0,0,0.24578907
0,0,0.115005024
0,0,0.054139048
1,0,0.19801337
0,0,0.056205478
0,0,0.16696559
0,0,0.05539131
1,1,0.7454102
0,0,0.09500577
0,0,0.13642299
0,0,0.069107026
0,0,0.23198804
0,0,0.26422092
0,0,0.24705954
0,0,0.0887374
1,0,0.15319633
0,0,0.06757327
0,0,0.13476707
1,1,0.51546246
0,0,0.04327237
0,0,0.10752539
1,0,0.27273524
0,0,0.10763783
0,0,0.35253766
0,0,0.065244846
0,0,0.11943255
0,0,0.21009392
0,0,0.199429
0,1,0.64127946
0,0,0.11137779
1,1,0.79064757
0,0,0.14856581
0,0,0.10151877
0,0,0.14987335
0,0,0.3132528
0,0,0.044751428
1,0,0.22304073
0,0,0.3251968
0,0,0.095079
0,0,0.44287875
0,0,0.16485219
1,0,0.23003764
0,0,0.20703752
0,0,0.11689156
0,0,0.07925765
1,0,0.10032114
0,0,0.22705331
1,0,0.36650363
0,0,0.23252745
0,1,0.65958744
0,0,0.08808587
0,0,0.06521542
0,0,0.100930884
0,0,0.12879473
0,0,0.1885263
1,1,0.63446736
1,0,0.29690218
0,0,0.11685494
0,0,0.15038314
0,0,0.1886665
0,0,0.11832561
0,0,0.1539992
0,1,0.5091591
0,0,0.29818168
0,0,0.16771224
0,0,0.049577978
1,0,0.16670667
1,1,0.6008427
0,0,0.08555096
0,0,0.10680081
0,0,0.1473789
0,0,0.32044524
1,0,0.09392454
0,0,0.14026085
0,0,0.25073487
0,0,0.082672715
0,0,0.10810187
0,0,0.37344393
1,0,0.24791059
0,0,0.18154466
0,0,0.07171905
0,0,0.13789864
0,0,0.18005274
0,0,0.09253009
1,0,0.14496215
0,0,0.097606376
0,0,0.38230506
0,0,0.1561962
0,0,0.056375276
1,0,0.12700106
0,0,0.102034084
0,0,0.12339169
0,0,0.18491705
0,0,0.16848323
0,0,0.094045214
0,0,0.26643577
0,0,0.2053411
0,0,0.2865929
0,1,0.61684895
1,1,0.63688165
1,0,0.15256459
1,1,0.68024576
0,0,0.081414245
0,0,0.14387798
0,0,0.115816094
1,1,0.6767162
0,0,0.3001308
0,0,0.12873179
0,0,0.037084065
0,0,0.21700251
0,0,0.128407
1,0,0.19174153
0,0,0.10933921
0,0,0.07271577
1,0,0.10936453
0,0,0.18033692
0,0,0.3170379
0,0,0.10173156
1,1,0.73403174
0,0,0.088364914
1,1,0.5484677
0,0,0.06487156
0,0,0.37252456
0,0,0.22360265
0,0,0.24645793
0,0,0.099255145
0,0,0.03546255
1,0,0.2134432
1,0,0.0955904
0,0,0.24509472
0,0,0.096266516
0,1,0.71488285
1,0,0.26015872
0,0,0.13555433
0,0,0.07276569
1,0,0.08790723
0,0,0.054518107
0,0,0.095179856
0,0,0.13342637
1,0,0.19010882
0,0,0.22612597
0,0,0.11098524
0,0,0.101114124
0,0,0.22115093
0,1,0.6335693
0,0,0.08900279
0,0,0.27065337
0,0,0.18947034
1,0,0.1398706
0,0,0.07526673
0,0,0.17073694
0,0,0.113330014
0,0,0.052561082
0,0,0.21470138
0,0,0.15400483
0,0,0.11247868
0,0,0.10267587
1,0,0.14559646
0,0,0.071455404
0,0,0.16201298
1,0,0.35489303
0,0,0.20117566
0,0,0.08725491
1,0,0.3596093
0,0,0.17915921
1,0,0.3039012
0,0,0.18444495
0,0,0.061280712
0,0,0.2741319
0,0,0.13452213
0,0,0.09856327
1,1,0.6201344
0,0,0.12632473
1,1,0.75196624
0,0,0.09932357
1,0,0.35151058
0,0,0.053315874
1,1,0.63812107
0,0,0.060292996
0,0,0.10189059
1,0,0.12000392
0,0,0.052453853
1,1,0.7530365
0,0,0.13833167
0,0,0.1127877
0,0,0.3039012
0,0,0.05037765
0,0,0.06225653
1,0,0.08123991
0,0,0.09968876
0,0,0.2137381
1,1,0.6681127
0,0,0.076466896
0,0,0.1681063
0,0,0.33518937
0,0,0.060535558
0,0,0.1015646
1,0,0.12563525
0,0,0.27611136
1,0,0.3382788
0,0,0.082944244
0,0,0.18497911
0,0,0.1006591
0,0,0.06407527
0,0,0.08183733
0,0,0.24576801
0,0,0.24687819
1,0,0.26471248
0,0,0.122844465
0,0,0.11211944
0,0,0.0505737
0,0,0.18258671
0,0,0.152756
1,1,0.5098911
0,0,0.3351368
1,0,0.3918947
1,0,0.06793042
0,0,0.06915348
0,0,0.16612102
1,0,0.1191883
0,0,0.09963305
1,0,0.23275115
0,0,0.23831308
1,0,0.3885747
1,1,0.59471333
1,1,0.6589388
0,0,0.10517878
1,1,0.8213825
0,0,0.07566346
0,0,0.30440256
0,0,0.22421779
1,1,0.7290062
0,0,0.09984182
0,0,0.21277818
0,0,0.1015735
0,0,0.17763008
0,1,0.6839076
0,0,0.22821966
0,0,0.18206319
0,0,0.07413614
1,0,0.14355592
1,1,0.7365477
0,0,0.08680016
0,0,0.110920824
0,0,0.26913235
0,0,0.14126788
0,0,0.08756974
0,0,0.12867536
0,0,0.119627535
1,1,0.78329164
0,0,0.1873442
0,0,0.12463425
0,0,0.10591128
0,0,0.14786835
0,0,0.07952617
0,0,0.42069662
0,0,0.46830893
0,0,0.12728627
0,0,0.12870668
0,0,0.08738073
1,0,0.4668901
0,0,0.124760136
0,0,0.17852569
0,0,0.112946406
0,0,0.21047504
0,0,0.16822389
0,0,0.08510424
0,0,0.15808445
1,0,0.4111564
1,0,0.19106567
0,0,0.088512994
0,0,0.07154873
0,0,0.105660014
0,0,0.09974783
0,0,0.31337398
0,0,0.14827885
0,0,0.056282762
0,0,0.09833686
0,1,0.6717776
0,0,0.10339953
0,0,0.14626932
1,0,0.3055798
0,0,0.064623274
0,0,0.21437225
0,0,0.15571496
1,0,0.45274237
0,0,0.12750505
1,0,0.19887339
0,0,0.10253496
0,1,0.6388525
0,0,0.18279396
1,1,0.6229412
0,0,0.075878575
0,0,0.07172719
0,0,0.17367768
1,1,0.73940486
0,0,0.38191107
0,0,0.23573947
0,0,0.22964303
1,1,0.6688346
0,0,0.06504258
0,0,0.10376538
0,0,0.0961319
0,0,0.11290556
0,0,0.21167941
0,0,0.061299298
0,0,0.121301584
1,0,0.35000026
0,0,0.040150188
0,0,0.26687416
0,0,0.14386156
0,0,0.07582518
0,0,0.12518348
0,0,0.11532341
0,0,0.06713356
1,1,0.7052905
0,0,0.06418987
0,0,0.10639206
0,0,0.20902571
1,1,0.6916186
0,0,0.18148498
1,0,0.096224725
0,0,0.08471028
0,0,0.10142195
1,0,0.15572879
0,0,0.07048046
0,0,0.13512893
0,0,0.045689307
0,0,0.22717004
0,0,0.04822215
0,0,0.060058665
0,0,0.15137988
0,0,0.10320722
0,0,0.082446404
0,0,0.09339681
1,0,0.25874898
1,0,0.09143576
1,1,0.6795258
0,0,0.100387305
0,0,0.112438306
1,1,0.71412987
1,0,0.22083725
0,0,0.14817674
0,0,0.10367604
0,0,0.14011173
0,0,0.1382344
0,0,0.40482965
0,0,0.13482776
0,0,0.13305098
0,0,0.05766381
1,1,0.6222727
0,0,0.07002204
0,0,0.12308709
0,0,0.054865073
0,0,0.051676653
0,0,0.11182981
0,0,0.13065064
0,0,0.089467555
0,0,0.13555728
1,0,0.123964675
1,0,0.19047007
1,0,0.35165927
0,0,0.2623756
0,0,0.09414433
1,1,0.77439106
0,0,0.0932579
0,0,0.1134568
1,0,0.14929955
0,0,0.22308998
1,0,0.17214808
0,0,0.09948914
1,0,0.46090788
0,0,0.15464318
1,0,0.16592066
0,0,0.091108635
0,0,0.14229308
0,0,0.09013359
0,0,0.10158934
1,0,0.2665754
0,0,0.16694012
0,0,0.18141991
0,0,0.062226187
0,0,0.17732117
1,1,0.7531085
1,0,0.31003642
1,1,0.6341117
0,0,0.31119707
0,0,0.099728234
0,0,0.18042414
0,0,0.10377556
0,0,0.15325338
0,0,0.09214846
0,0,0.09403039
0,0,0.102517605
0,1,0.53907406
0,0,0.22050472
0,0,0.091847986
0,0,0.06558477
0,0,0.47764206
0,0,0.16720936
1,1,0.63020164
0,0,0.1276627
0,0,0.18921746
0,0,0.19765013
1,0,0.06311613
0,0,0.15804577
0,0,0.12735647
1,1,0.56023496
0,0,0.11198921
0,0,0.16440605
0,0,0.06731107
0,0,0.05268662
0,0,0.3555288
0,0,0.13578396
0,0,0.18598373
0,0,0.16470909
1,0,0.121820554
1,0,0.19801278
0,0,0.049314234
0,0,0.10205289
0,0,0.19550228
0,0,0.3757085
0,0,0.07352847
0,1,0.62758356
0,0,0.041643653
0,0,0.14904197
1,1,0.71615386
0,0,0.16443798
0,0,0.13525304
0,0,0.14818527
0,0,0.2712186
1,1,0.73208505
0,0,0.09572729
1,0,0.2275062
0,0,0.091680855
0,0,0.16629611
0,0,0.08152579
0,0,0.063417345
1,0,0.14178663
0,0,0.18970235
0,0,0.09906089
0,0,0.029514482
0,0,0.13899782
1,0,0.08972672
0,0,0.12046627
1,0,0.105087355
1,0,0.07760095
0,0,0.24011886
0,0,0.17079087
0,0,0.09789291
0,0,0.06593586
0,0,0.09954466
0,0,0.19260623
0,0,0.21688628
1,0,0.34277362
0,1,0.63845843
0,0,0.3784712
0,0,0.097148344
1,0,0.23459058
1,0,0.16826227
1,1,0.69971377
0,0,0.13684933
0,0,0.088815466
0,0,0.14336154
0,0,0.31059727
0,0,0.14964642
0,0,0.12949282
0,0,0.100354664
0,0,0.043681875
0,0,0.14598623
0,0,0.15662473
1,0,0.39956817
0,0,0.10357462
0,0,0.056102883
0,0,0.07797908
0,0,0.3236502
0,0,0.07480941
0,0,0.15152137
0,0,0.30411074
1,0,0.12429008
1,1,0.7082415
1,1,0.621943
1,0,0.07518793
0,0,0.09423992
0,0,0.14491126
0,1,0.71035457
0,0,0.089824654
1,1,0.7270691
0,0,0.09745562
0,0,0.04635415
0,0,0.48875
0,0,0.122279264
0,1,0.57947177
0,0,0.07623269
1,0,0.15629905
0,0,0.052576777
0,0,0.078138046
0,0,0.09530534
0,0,0.10507244
0,0,0.09424364
0,0,0.13597572
0,0,0.16245112
0,0,0.37056863
0,0,0.18647444
0,0,0.126127
0,0,0.08112956
0,0,0.29898033
0,0,0.100764565
0,0,0.088013634
0,0,0.11464418
0,0,0.1436385
0,0,0.11602508
0,0,0.14690356
0,0,0.18793207
0,0,0.34513432
1,0,0.27060527
0,0,0.04449905
0,0,0.21102367
0,0,0.3113422
0,0,0.071427956
0,0,0.10935626
1,1,0.5635312
0,0,0.070627175
1,1,0.69053113
0,0,0.05934813
0,0,0.19692582
0,0,0.07649529
0,0,0.14353931
1,1,0.7552178
1,1,0.67448807
0,0,0.31721497
0,0,0.05310245
1,0,0.10041115
0,0,0.15147467
0,0,0.067039154
0,0,0.10889147
0,0,0.056606203
0,0,0.18223427
1,0,0.12490929
0,0,0.10136877
0,0,0.1429286
0,0,0.05504913
0,0,0.07494049
1,1,0.7946559
1,0,0.40501136
0,0,0.20233773
0,0,0.17456967
0,0,0.31536534
1,0,0.08778095
0,1,0.72621125
1,0,0.21506353
0,0,0.21716724
1,0,0.40055627
0,1,0.5728017
0,0,0.12939225
0,0,0.13877816
1,1,0.6263863
1,0,0.15110818
0,0,0.062049456
0,0,0.1270741
0,0,0.09955852
0,0,0.11332552
0,0,0.041551128
1,1,0.7161248
0,0,0.07398675
0,0,0.0861204
0,0,0.11576936
0,0,0.15400717
0,1,0.6367602
0,0,0.1017081
0,0,0.047406867
0,0,0.25422934
0,0,0.098046385
1,1,0.64095384
0,0,0.121083185
0,0,0.072641574
0,0,0.09747972
1,1,0.5554959
1,0,0.34937143
0,0,0.228977
0,0,0.16420962
1,0,0.33945638
0,0,0.27648804
0,0,0.40834332
0,0,0.15089422
0,0,0.24271365
1,0,0.20016378
1,0,0.4141091
0,0,0.08115919
0,0,0.052745868
0,0,0.095000915
0,0,0.08166671
0,0,0.093853585
0,0,0.13417894
0,0,0.04728917
0,0,0.37148184
0,0,0.08334819
0,0,0.051619757
0,0,0.23643804
0,0,0.23385648
1,0,0.38408393
0,0,0.08597134
1,1,0.65159744
0,0,0.13295664
0,0,0.14918609
0,0,0.070715584
0,0,0.38424578
0,0,0.09173914
0,0,0.11321245
0,0,0.09625054
1,0,0.26614657
1,0,0.30180612
0,0,0.113182195
1,1,0.6077098
1,0,0.12427429
0,0,0.09704359
1,1,0.64940083
1,1,0.74488235
0,0,0.043012585
1,0,0.111407064
0,0,0.11586712
1,0,0.17169166
0,0,0.240138
0,0,0.32719612
1,0,0.3194791
0,0,0.050500162
1,0,0.14562653
0,0,0.2594746
1,0,0.16151296
1,1,0.53428257
0,0,0.13845906
0,0,0.102286205
0,0,0.10440915
0,0,0.13196762
0,0,0.25772712
0,0,0.24166039
0,0,0.10389941
0,0,0.30495
0,0,0.05344332
0,0,0.2825261
0,0,0.043130405
0,1,0.71958894
0,0,0.32910323
0,0,0.08352036
0,0,0.06153707
0,0,0.12383022
0,0,0.1364863
1,0,0.08770834
0,0,0.20419623
0,0,0.067470685
0,0,0.028929844
0,0,0.24871448
0,0,0.094272345
0,0,0.28288195
1,1,0.56562155
1,0,0.38200697
0,0,0.1893619
0,0,0.16988629
1,0,0.35218948
0,0,0.10462055
1,1,0.79584605
0,0,0.16508433
0,1,0.67697513
0,0,0.46232465
0,0,0.47743085
0,0,0.30444786
1,0,0.11126037
0,0,0.12109523
0,0,0.11843215
1,1,0.621358
0,0,0.08972761
0,0,0.28105748
0,0,0.07903431
0,0,0.16819842
0,0,0.22052273
0,0,0.06424727
0,0,0.37691855
1,1,0.6246151
0,0,0.079395145
0,0,0.1758639
1,1,0.6246151
0,0,0.33334228
0,0,0.196924
0,0,0.07488276
0,0,0.19357659
1,0,0.15707454
0,0,0.046596862
1,0,0.17560345
1,0,0.09621301
0,1,0.6156508
0,0,0.21746649
0,0,0.06347532
0,0,0.109919004
0,0,0.23410982
0,0,0.19614285
0,0,0.21834084
0,0,0.10455116
0,0,0.060124066
1,0,0.15248546
0,0,0.21490104
0,0,0.058346312
1,0,0.10983562
0,0,0.14594208
0,0,0.054017875
1,0,0.11522094
0,0,0.041272912
0,0,0.22711308
1,0,0.15257126
1,1,0.668503
0,0,0.051407523
0,0,0.12905733
0,0,0.1673217
0,0,0.18924649
0,0,0.21028922
0,0,0.33160377
0,0,0.2992629
1,0,0.14722079
0,0,0.31263664
0,0,0.13136931
0,0,0.23884033
0,0,0.17337714
0,0,0.041898318
0,0,0.15233181
0,0,0.13801357
0,0,0.27685612
0,0,0.10810187
0,0,0.15120438
1,0,0.10683033
0,0,0.1567365
0,0,0.06837258
0,0,0.14649734
1,0,0.26789948
1,1,0.7314336
1,0,0.109140955
1,1,0.7211469
0,0,0.19270815
0,0,0.3074807
1,0,0.37647554
0,0,0.13832638
0,0,0.0973686
0,0,0.15835464
0,0,0.44527733
0,0,0.06747178
0,0,0.11669056
1,0,0.28569388
0,0,0.13148801
1,0,0.09754369
0,0,0.21377322
0,0,0.12810658
0,0,0.056053866
0,0,0.08744834
0,0,0.08773352
0,0,0.08223008
0,0,0.07335971
0,0,0.12783302
0,0,0.12853818
0,0,0.14297572
0,0,0.09468199
1,0,0.12857392
1,0,0.37252456
0,0,0.10457773
0,0,0.07903772
1,1,0.7406201
0,0,0.09160684
0,0,0.06867404
0,0,0.061799552
1,0,0.113801464
0,0,0.07366947
0,0,0.109078385
0,0,0.10168138
0,0,0.10066897
0,0,0.13330793
0,0,0.10782085
0,0,0.07027908
0,0,0.17893682
0,0,0.07035921
0,1,0.71664387
1,0,0.26501286
0,0,0.24676865
1,1,0.66050494
1,0,0.30935696
0,0,0.10070055
0,0,0.13848807
0,0,0.054952603
1,1,0.6237193
0,0,0.053461526
0,0,0.04806912
1,0,0.25244048
0,0,0.22030634
0,0,0.21290448
0,0,0.1140262
0,0,0.091525644
0,0,0.09072204
0,0,0.09328467
0,0,0.058195006
0,0,0.13094395
0,0,0.06850283
0,0,0.10946671
0,0,0.12470797
0,0,0.19215162
1,0,0.28959382
1,0,0.20267081
0,0,0.07450989
0,0,0.14226979
0,0,0.11713606
0,0,0.1434802
0,0,0.09763231
1,1,0.6064344
0,0,0.07828234
1,1,0.594485
0,0,0.12755573
0,0,0.06630304
0,0,0.24954604
0,0,0.095638864
0,0,0.15802866
0,0,0.12254369
1,0,0.40722418
0,0,0.13790342
0,0,0.08896038
0,0,0.06106713
0,0,0.24113259
0,0,0.14955325
1,0,0.25785434
0,0,0.039008155
0,0,0.18969339
0,0,0.123871386
0,0,0.14626893
1,0,0.23370968
0,0,0.4325954
1,1,0.63210183
0,0,0.054421887
1,0,0.21691844
0,0,0.27751246
0,0,0.16425133
0,0,0.04525808
0,0,0.1454397
0,0,0.2751652
0,0,0.3225459
0,0,0.15993945
0,1,0.7192829
0,0,0.3914741
0,0,0.1034823
0,0,0.038796343
0,0,0.103013285
0,0,0.24999386
0,0,0.13685845
0,1,0.7365477
1,0,0.13624011
0,0,0.091783695
1,0,0.10945153
0,0,0.18914585
0,0,0.105943255
0,0,0.2511448
0,0,0.14990653
0,0,0.1587854
0,0,0.1805916
0,0,0.087505855
0,0,0.08062814
1,0,0.20472032
0,0,0.14749394
0,0,0.1371093
0,0,0.049197674
0,0,0.09234347
0,0,0.10239283
0,1,0.64643323
0,0,0.18741935
0,0,0.0799502
0,0,0.39955997
0,0,0.10618341
0,1,0.67938155
0,0,0.0646456
0,0,0.11375993
0,0,0.17409302
0,0,0.115725756
0,0,0.057097424
0,0,0.0777262
0,0,0.24326104
0,0,0.12108448
1,0,0.1167961
0,0,0.1965752
0,0,0.1532304
0,0,0.10377556
0,1,0.64536583
0,0,0.092556655
0,0,0.15262388
1,0,0.20738655
1,0,0.11209928
0,0,0.044733256
0,0,0.039721295
0,0,0.03399305
0,0,0.057356555
1,0,0.2563869
1,0,0.16170925
1,0,0.31310287
1,1,0.65120584
0,0,0.034269713
0,0,0.077706
0,0,0.13122866
1,0,0.158022
0,0,0.050529025
0,0,0.19872996
0,0,0.16221644
0,0,0.0844998
0,0,0.050848432
0,0,0.1168425
1,0,0.09361847
1,1,0.75686187
1,1,0.67199814
1,0,0.120402
1,1,0.7437908
1,1,0.6999556
1,0,0.14237066
0,0,0.168778
0,0,0.06353513
0,0,0.2172333
0,0,0.13820322
0,0,0.04428225
0,0,0.18196951
0,0,0.22742225
0,0,0.17372254
0,0,0.09396663
0,0,0.15774262
0,0,0.22608967
0,0,0.08540744
0,0,0.15680169
0,0,0.079183705
0,1,0.5704357
0,0,0.084952444
0,0,0.2209583
0,0,0.3258501
1,0,0.29453754
1,1,0.63009655
0,0,0.21577917
0,1,0.64481425
0,0,0.16044556
0,0,0.27723858
0,0,0.1287771
0,0,0.20128578
0,0,0.21913294
0,0,0.3238443
0,0,0.1169771
0,1,0.61813873
0,0,0.07339291
0,0,0.17993541
0,0,0.1790016
0,0,0.12681621
0,1,0.6342205
1,0,0.3074807
0,0,0.21332131
0,0,0.09694467
0,0,0.19544797
0,0,0.30770344
1,0,0.08573789
0,0,0.4940654
0,0,0.051219556
0,0,0.14132081
0,0,0.048304178
0,0,0.13447092
0,0,0.11564971
1,1,0.7497443
0,1,0.6199254
0,0,0.25311586
1,1,0.7775694
0,0,0.034820918
0,0,0.4384897
0,0,0.11654447
0,0,0.10083002
0,0,0.0860695
0,0,0.06314054
0,0,0.14117426
0,0,0.15237209
0,0,0.1895848
0,0,0.3693686
1,1,0.63465154
0,0,0.1436807
0,0,0.05652808
1,1,0.6529631
1,0,0.106035516
0,0,0.15891714
0,0,0.09759762
1,0,0.048826024
1,1,0.69851446
0,0,0.17389192
1,0,0.19332087
1,1,0.61220425
0,0,0.39789626
0,0,0.07664599
0,0,0.3788706
0,0,0.14786345
0,0,0.12332579
0,0,0.121802524
0,0,0.19053435
1,0,0.30492315
0,0,0.08622822
0,0,0.087098666
0,0,0.059555497
0,0,0.035886016
0,0,0.076239
0,0,0.09144519
0,0,0.2849987
0,0,0.18000105
1,0,0.21598786
1,0,0.49350443
0,0,0.11896165
0,0,0.07727897
0,0,0.10776763
1,0,0.1791085
0,0,0.08986544
0,0,0.11340753
0,0,0.13556258
0,0,0.059649706
0,0,0.124390624
1,1,0.5153182
1,0,0.3039012
0,0,0.37900653
0,0,0.17218797
0,1,0.64438653
1,0,0.13104041
0,0,0.17521334
0,0,0.07061472
0,0,0.104196504
1,1,0.6863905
0,0,0.20505431
1,0,0.3384662
0,0,0.1210048
0,0,0.05869403
0,0,0.12545522
0,0,0.25398088
0,0,0.21846014
0,0,0.09291757
0,1,0.5922291
0,1,0.6343888
0,0,0.072510414
0,0,0.26136604
0,0,0.38913178
0,0,0.09049325
0,0,0.13461114
1,0,0.18718465
1,0,0.42256778
1,0,0.33065847
0,0,0.13843161
0,1,0.75641847
0,0,0.102680616
0,0,0.12453953
0,0,0.05455248
1,0,0.124017365
0,1,0.69922656
0,1,0.6788936
0,0,0.09738858
0,0,0.27233964
0,0,0.31909302
0,0,0.3212645
0,0,0.1741725
0,0,0.11994832
0,0,0.39951017
1,0,0.11884043
0,0,0.2641387
0,0,0.07623868
0,0,0.1103098
0,0,0.112148345
0,0,0.1300416
0,0,0.12906006
1,0,0.3149013
0,0,0.2739727
0,0,0.048517462
0,0,0.24415833
0,0,0.1792079
0,0,0.037975375
0,0,0.10075882
1,0,0.39809096
0,0,0.0920484
0,0,0.47696757
0,0,0.07946905
0,0,0.2521588
1,0,0.38352004
0,0,0.12454689
0,0,0.09567275
0,0,0.108131275
0,0,0.14181963
0,0,0.13491611
1,0,0.4387244
0,0,0.058103662
0,0,0.14392768
0,0,0.28388074
0,0,0.08200555
0,0,0.060499407
0,0,0.11313606
0,0,0.08433306
1,0,0.3376241
0,0,0.16955426
0,0,0.23168159
0,0,0.08402474
0,0,0.11532352
1,1,0.70414925
0,0,0.23379761
0,1,0.5967266
1,0,0.09880343
0,0,0.04006387
0,0,0.3074807
0,0,0.09626324
0,0,0.12664248
0,0,0.115666084
0,0,0.10774849
0,0,0.06735485
0,0,0.104588866
1,0,0.19896196
1,0,0.1889713
0,0,0.08663433
1,0,0.06814525
0,0,0.059499346
0,0,0.07079542
0,0,0.1293529
0,0,0.12902781
0,0,0.11033585
0,0,0.049914714
0,0,0.07389999
0,0,0.04138617
0,0,0.068559386
1,0,0.19797674
0,0,0.13010913
0,0,0.114286035
1,1,0.63101405
0,0,0.053535238
0,0,0.13785337
0,0,0.15220244
0,0,0.22655983
0,0,0.13368198
0,0,0.12270511
1,0,0.18748137
0,0,0.11160196
0,0,0.07523615
0,0,0.14166757
0,0,0.3039012
0,0,0.059241522
0,0,0.13252088
0,1,0.6953643
0,0,0.08062302
0,0,0.13735954
0,0,0.22087383
0,0,0.04511756
1,0,0.28346893
0,0,0.08286258
0,0,0.05845468
0,0,0.098342426
0,0,0.07439733
0,0,0.040472843
1,1,0.60473657
1,0,0.4549043
0,0,0.21374364
0,0,0.15583237
0,0,0.16996539
0,0,0.24967706
1,0,0.24304278
0,0,0.123297215
0,0,0.06671037
1,1,0.6118751
0,0,0.07430033
0,0,0.15033315
0,0,0.093858704
0,0,0.25720716
0,0,0.05565261
0,0,0.17719841
0,1,0.66278344
0,0,0.13939507
1,0,0.11736563
0,0,0.18532735
1,0,0.43147933
0,0,0.110998794
0,0,0.19913685
0,0,0.2144204
0,0,0.06447904
0,0,0.15375103
0,0,0.053643063
0,0,0.15607223
0,0,0.29368466
1,0,0.1039664
0,0,0.11054701
0,0,0.11526822
0,0,0.30444244
0,0,0.06514228
1,1,0.7280773
0,0,0.060388394
0,0,0.0898882
0,0,0.12732019
0,0,0.0895814
0,0,0.095758885
0,0,0.10269393
0,0,0.10627314
0,0,0.23011473
0,0,0.05938519
0,0,0.1092983
1,0,0.13002439
0,0,0.07003812
0,0,0.13035072
1,0,0.32295954
0,0,0.19018546
0,0,0.20521764
1,0,0.09437171
0,0,0.16144155
0,0,0.12866029
0,0,0.24593827
0,0,0.07497712
0,0,0.079077154
0,0,0.13249455
1,0,0.118441075
0,0,0.16029005
0,0,0.29088557
1,1,0.62462306
0,0,0.08240048
0,0,0.14808214
0,0,0.06810874
1,1,0.81382716
1,0,0.13497825
0,0,0.09264807
0,0,0.026231594
0,0,0.063264
0,0,0.12941307
0,0,0.12093033
0,0,0.11188632
0,1,0.6060345
1,0,0.35489303
0,0,0.06962315
0,0,0.19657809
0,0,0.14040439
0,0,0.057874806
0,0,0.08959736
0,0,0.058176387
1,1,0.6522301
0,0,0.07475675
0,0,0.08441905
0,0,0.14725924
0,0,0.11628502
0,0,0.10200195
1,0,0.22967395
0,0,0.1747046
1,0,0.065336026
1,1,0.77408665
0,0,0.10571913
0,0,0.07613692
1,0,0.17519028
1,0,0.23095883
0,1,0.6078879
0,0,0.3280535
0,0,0.1900816
0,0,0.121565655
1,0,0.18569885
0,0,0.10954978
1,0,0.3289983
0,0,0.14271246
1,0,0.47071013
1,0,0.3946556
1,0,0.19210435
0,0,0.08076455
0,0,0.4282496
1,0,0.25527537
0,0,0.08265131
1,0,0.24742489
0,0,0.053083178
0,0,0.15025398
1,0,0.204154
1,1,0.6992321
0,0,0.11870735
0,0,0.059681512
1,0,0.24658562
0,0,0.13613681
0,0,0.065232344
0,0,0.10616083
0,0,0.1734265
0,0,0.14814739
0,1,0.5123063
1,0,0.4028375
0,0,0.103535935
0,0,0.45622167
0,0,0.10422971
0,0,0.10164223
0,0,0.050192136
0,0,0.046674255
0,0,0.17087324
0,0,0.13290179
0,0,0.16634704
0,0,0.10849616
0,0,0.14185327
0,0,0.4227726
0,0,0.35090575
0,0,0.07692758
1,1,0.6254912
0,0,0.11997698
0,0,0.08455598
0,0,0.10169684
0,0,0.121665716
0,0,0.17934631
0,0,0.10776735
0,0,0.13548152
0,0,0.14758724
1,0,0.094394006
1,1,0.66171473
1,0,0.3980599
1,0,0.3039012
1,0,0.14973369
0,0,0.20394011
0,0,0.09840946
0,0,0.15147598
0,0,0.090670556
1,0,0.3559104
1,0,0.37252456
0,0,0.06071237
1,1,0.62489665
0,0,0.25344282
1,0,0.161262
0,0,0.094668016
0,0,0.324503
0,0,0.046043597
0,0,0.03781916
0,0,0.13944334
0,0,0.15249093
0,0,0.1486169
1,1,0.5174135
0,0,0.060947817
0,0,0.062410038
0,0,0.19191547
0,0,0.1368434
0,0,0.09563808
1,0,0.41204548
0,0,0.18132521
0,0,0.06472041
1,0,0.2977029
0,0,0.15898705
1,0,0.07536975
0,0,0.07508353
0,0,0.0689685
1,0,0.2379956
0,0,0.09601855
0,0,0.09498403
0,0,0.09198546
0,0,0.22315754
0,0,0.10327176
0,0,0.2329985
1,1,0.6078543
0,0,0.07185691
0,0,0.1971349
0,0,0.10677109
0,0,0.08713655
0,0,0.06870565
0,0,0.10000686
0,1,0.64200944
0,0,0.060841456
0,0,0.11422282
0,0,0.14882772
0,0,0.14772755
0,1,0.61793613
0,0,0.1320406
0,0,0.13562997
0,0,0.1846247
0,0,0.05472963
1,0,0.12657751
0,0,0.054539166
1,0,0.15486342
0,0,0.06793456
1,1,0.65252125
0,0,0.1513399
0,0,0.080917045
0,0,0.0495059
0,0,0.08201236
0,0,0.06924604
1,0,0.36591375
0,0,0.110276096
0,0,0.09726889
0,0,0.07102511
1,1,0.78020316
0,0,0.093786396
0,0,0.19029751
1,0,0.30509964
0,0,0.07183709
0,0,0.25486937
0,0,0.059907734
0,1,0.67433226
1,1,0.5801239
0,0,0.106371
0,0,0.100721456
0,0,0.09107251
0,0,0.06368011
0,0,0.12272304
0,0,0.07397982
1,1,0.6281858
0,0,0.16935809
0,0,0.21022421
1,0,0.26136604
1,0,0.14429988
0,0,0.10032942
0,0,0.043220516
0,0,0.40367278
0,0,0.082229525
1,0,0.40411237
0,0,0.044399638
0,0,0.077829495
0,0,0.076249845
0,0,0.07331039
1,0,0.060810253
0,0,0.33334228
0,0,0.15681615
0,0,0.052825328
0,0,0.057162892
0,0,0.052810255
0,0,0.124927685
1,0,0.35749954
1,1,0.66939896
0,0,0.0906945
0,0,0.16520289
0,0,0.06184582
0,0,0.091985814
1,0,0.282862
1,0,0.13663052
0,0,0.33228213
1,1,0.51547474
0,0,0.09645903
0,0,0.17704472
0,0,0.042440187
0,0,0.1090507
0,0,0.05922697
0,0,0.11385814
0,0,0.16465966
0,0,0.07600583
1,0,0.23805687
1,0,0.426675
0,0,0.13947427
0,0,0.11043911
1,0,0.24555941
1,0,0.38302222
0,0,0.08554932
0,0,0.116355956
1,0,0.14296718
0,0,0.065122426
0,0,0.13516983
0,0,0.31795955
0,0,0.2720001
0,0,0.0991473
0,1,0.65033424
1,0,0.43464848
0,0,0.2569919
0,0,0.1487639
0,0,0.07583853
1,0,0.26915246
0,0,0.21076532
0,0,0.48668778
0,0,0.14857076
1,1,0.7069677
0,0,0.13646749
0,0,0.075076856
0,0,0.29951894
0,0,0.12696391
1,1,0.72924626
0,0,0.41249505
0,0,0.18958819
0,0,0.13111015
0,0,0.110719725
0,1,0.7555248
0,1,0.63090867
0,0,0.088934354
1,1,0.6980725
0,0,0.07524053
0,0,0.074117795
0,0,0.23317651
1,0,0.25781807
0,0,0.095126234
0,0,0.16351916
0,0,0.17017266
0,0,0.047150295
0,0,0.22102258
0,0,0.26457697
0,0,0.10811164
1,0,0.4569252
0,0,0.09491908
0,1,0.70650786
0,0,0.19868404
0,0,0.14895473
0,0,0.17024304
0,0,0.17991568
0,0,0.08134584
0,0,0.04960704
1,0,0.36669695
0,0,0.09608095
0,0,0.064268604
1,0,0.37390825
0,0,0.03853459
0,0,0.05705196
0,0,0.15364093
0,1,0.5215977
0,0,0.23103248
0,0,0.065148555
0,0,0.3247741
1,0,0.12429008
0,0,0.04564675
0,0,0.288589
1,0,0.20338681
0,0,0.029256897
0,0,0.18370272
0,0,0.1676676
0,0,0.1767525
0,0,0.096543156
0,0,0.18410808
0,1,0.6315101
1,1,0.72443175
0,0,0.1450073
0,0,0.09033015
0,0,0.1006591
0,1,0.648422
0,0,0.16987953
0,0,0.07480071
1,0,0.124213226
0,0,0.18174207
0,0,0.10184066
0,0,0.11232215
0,0,0.32302463
0,1,0.740686
1,0,0.12891757
1,0,0.25769293
1,0,0.082874104
1,0,0.19666477
0,0,0.33453813
1,0,0.23576827
0,0,0.12421635
0,0,0.22059186
0,0,0.0841469
1,1,0.73496825
0,0,0.19925472
0,0,0.1314583
0,0,0.20315652
0,0,0.11407445
1,1,0.67376083
0,0,0.05669153
0,0,0.11013804
0,0,0.14624447
1,1,0.591454
0,0,0.109798715
1,0,0.3131718
0,0,0.07264199
0,0,0.18868053
1,1,0.73981386
0,0,0.10166803
1,0,0.19088912
0,0,0.13286777
1,1,0.74625313
0,0,0.09648332
0,0,0.12547767
1,0,0.10009112
1,0,0.44214642
1,1,0.68938774
0,0,0.15591626
0,0,0.041801374
1,1,0.7495276
0,0,0.06292149
0,0,0.17505158
0,0,0.06815385
0,0,0.11814648
0,0,0.17114887
0,0,0.04275868
0,0,0.048954394
1,0,0.385241
0,0,0.14154704
0,0,0.14427069
0,0,0.135862
0,0,0.2760574
1,1,0.622035
1,0,0.05344758
0,0,0.08428722
0,0,0.062482897
0,0,0.2035947
0,0,0.18451317
0,0,0.092542656
1,1,0.6082755
1,0,0.12574561
0,0,0.09669054
0,0,0.22236645
0,0,0.05968185
0,0,0.1849341
0,0,0.12618671
0,0,0.042888273
0,0,0.026863853
0,0,0.23479117
0,0,0.053978857
0,0,0.07074752
1,0,0.4225002
0,0,0.14030752
0,0,0.35489303
0,0,0.09726625
1,1,0.6677047
1,0,0.30876023
1,1,0.53846127
0,0,0.10794867
0,0,0.07684016
1,0,0.25985688
0,0,0.2304584
0,0,0.23812601
0,0,0.02953834
0,0,0.08347821
0,0,0.07114356
0,0,0.06355712
0,0,0.26421195
0,0,0.102623515
0,0,0.06771581
0,0,0.041715626
0,0,0.12655753
0,0,0.20577033
1,1,0.76959044
0,0,0.09798648
1,1,0.62272125
1,0,0.3030365
0,0,0.12927793
0,0,0.102544524
1,1,0.6610041
0,0,0.2220854
0,0,0.043088358
0,0,0.1722641
1,0,0.33945638
0,0,0.09060208
0,0,0.20247376
0,0,0.11359914
0,0,0.14441992
0,0,0.15261896
0,0,0.0933603
0,0,0.10567306
0,0,0.14586525
0,0,0.09906089
1,0,0.13827975
0,0,0.06740543
0,0,0.24986
1,1,0.6977937
0,0,0.3389335
1,0,0.43464118
1,1,0.67325425
0,1,0.653748
1,1,0.61299986
0,1,0.5505464
1,1,0.7270367
1,0,0.14230314
1,0,0.087097265
1,1,0.5710494
0,0,0.0879746
0,0,0.09277584
0,0,0.111351475
0,0,0.134599
0,0,0.08971985
0,0,0.111581475
0,0,0.0740188
0,0,0.15840015
0,0,0.08149209
0,0,0.13699082
0,0,0.2259417
0,0,0.08832077
1,0,0.17533514
0,0,0.10972669
0,0,0.28539038
0,0,0.049871836
1,0,0.47263843
1,0,0.21073177
1,0,0.13336173
1,0,0.13287966
1,0,0.25658473
0,0,0.18954176
0,0,0.067020305
1,0,0.31536534
1,0,0.43097943
0,0,0.11845348
0,0,0.16057062
0,0,0.093984395
0,0,0.23955525
1,1,0.76574916
1,0,0.20730692
0,0,0.06824104
0,0,0.3074807
0,0,0.19457757
0,0,0.1075783
0,1,0.6702752
0,0,0.2792729
0,0,0.13488017
0,0,0.20161429
0,0,0.10104927
0,0,0.04764762
0,0,0.109996565
0,0,0.11490984
1,0,0.17611252
0,0,0.05183702
0,0,0.06519567
0,0,0.17187685
0,0,0.10230429
1,0,0.32891375
1,0,0.06186314
0,0,0.12097561
0,0,0.113243066
0,0,0.20589304
0,0,0.20032638
1,0,0.08077161
0,0,0.05975059
0,0,0.09813552
1,0,0.12515089
1,0,0.34293714
0,0,0.11778468
0,0,0.10645221
0,0,0.062534116
0,0,0.0893892
0,0,0.070164055
0,0,0.2038454
0,0,0.14225043
0,0,0.42071795
0,0,0.13430038
0,0,0.06413419
0,0,0.11778492
0,0,0.1187905
0,0,0.13779351
0,0,0.08977204
1,1,0.7902874
1,1,0.7295208
0,0,0.043250855
0,0,0.13996246
0,0,0.060224965
0,0,0.053894084
0,0,0.15835313
0,0,0.08050215
1,0,0.2928685
0,0,0.1888922
0,0,0.106824026
0,0,0.10134705
0,1,0.7394687
0,0,0.1987336
0,0,0.12889268
1,1,0.747862
1,0,0.31543434
1,0,0.15984873
1,0,0.23973222
0,0,0.06835995
0,0,0.0850247
1,0,0.2801007
0,0,0.15117133
0,0,0.2500929
1,0,0.40364015
0,0,0.125832
0,0,0.104471296
0,0,0.17152646
0,0,0.23358163
1,0,0.11147199
1,0,0.20959833
0,0,0.15986821
0,0,0.026488855
0,0,0.15580864
1,0,0.34336284
0,0,0.23604694
1,0,0.24621563
0,1,0.6160656
0,0,0.054242086
1,0,0.090982534
0,0,0.026624521
0,0,0.066997975
1,0,0.20211558
1,0,0.17995821
0,0,0.26410803
1,0,0.2698446
0,0,0.08512028
0,1,0.6391742
0,0,0.057186674
0,0,0.07727897
0,0,0.048008204
0,0,0.21676703
1,0,0.21169104
0,0,0.04843878
0,0,0.34018448
0,0,0.05318453
0,0,0.06673816
1,1,0.7000819
0,0,0.23653789
0,0,0.11895789
0,0,0.049836557
0,0,0.05793637
0,0,0.036630385
1,0,0.1530513
0,0,0.09387492
1,0,0.29242963
1,0,0.16273542
0,0,0.1433697
1,0,0.4285739
1,1,0.6308034
0,0,0.12567249
0,0,0.16704391
1,1,0.61901194
0,0,0.21360804
0,0,0.031241784
1,0,0.2177372
0,0,0.12215148
0,0,0.12671104
0,0,0.104721524
0,0,0.056948543
0,0,0.17830877
0,0,0.19183597
0,0,0.12196982
0,0,0.14760846
0,0,0.043535706
1,0,0.13002536
0,0,0.17809105
0,0,0.055429522
0,0,0.04337117
0,0,0.075710095
0,0,0.16389643
0,0,0.034938827
0,0,0.07124331
1,0,0.06864834
0,0,0.1785692
0,0,0.17604862
0,0,0.10361637
1,0,0.08604573
0,0,0.07957037
1,0,0.15776841
0,0,0.088369355
0,0,0.12280081
0,0,0.4343114
0,0,0.13847339
1,0,0.13381079
1,0,0.28235427
1,0,0.15315871
0,0,0.054222543
1,0,0.27493215
0,0,0.07293084
0,0,0.29750603
0,0,0.09423983
0,0,0.3271136
0,0,0.4827284
1,1,0.6380694
0,0,0.1461084
0,0,0.12932545
0,0,0.14045247
0,0,0.44974694
0,0,0.036575895
1,0,0.30157
0,0,0.25675207
0,0,0.08992337
0,0,0.07199279
1,0,0.2166546
0,0,0.48868623
0,0,0.17800435
0,0,0.061653946
1,0,0.096502885
1,0,0.12420993
0,0,0.09644966
0,0,0.19517292
0,0,0.08179842
0,0,0.094390824
0,0,0.25194094
1,0,0.20103048
0,0,0.24658562
0,0,0.34014773
0,0,0.10684632
0,0,0.07411981
0,0,0.09979199
0,0,0.3074807
1,1,0.74621415
0,0,0.06932721
0,0,0.22059336
0,0,0.106676966
0,0,0.09819629
0,0,0.20726381
0,1,0.5420901
0,0,0.12702917
0,0,0.08245403
0,0,0.037744593
0,0,0.09262863
1,0,0.25633705
0,0,0.28413957
0,0,0.16531222
0,0,0.188537
1,0,0.41605777
0,1,0.5242545
0,0,0.2332611
0,0,0.05639912
0,0,0.19752884
1,0,0.14985986
0,0,0.2503232
0,1,0.5614049
0,0,0.09947107
1,1,0.5982688
0,0,0.16728763
1,0,0.14421955
0,0,0.19266692
0,0,0.11997187
0,0,0.09710471
0,0,0.15606828
0,0,0.11122666
1,0,0.28254765
0,0,0.12634082
0,0,0.24921785
0,0,0.09991774
1,0,0.136057
0,0,0.035436455
1,1,0.7440348
0,0,0.12428248
0,0,0.15427534
0,0,0.13608174
0,0,0.10703283
0,0,0.048122987
1,1,0.63609046
1,0,0.08112956
0,0,0.098440565
1,0,0.11821447
0,0,0.077457376
1,1,0.64986247
0,0,0.3225459
0,0,0.10284523
0,0,0.22497465
0,0,0.054628585
0,0,0.17090039
1,0,0.22901037
0,0,0.12992074
0,0,0.09070025
0,0,0.06635012
1,1,0.6134937
0,0,0.10376538
0,0,0.08515698
1,0,0.30787832
0,0,0.24927771
1,0,0.16160634
0,0,0.048412457
1,0,0.35489303
1,0,0.241691
0,0,0.15714566
0,0,0.12889425
1,1,0.68604666
0,0,0.059470683
0,0,0.30228585
0,0,0.04739233
0,0,0.05456183
1,0,0.19108377
0,0,0.12286901
0,0,0.12831555
0,0,0.21656148
1,0,0.4194897
1,0,0.170533
1,1,0.63397926
0,0,0.16047978
0,0,0.09900035
0,0,0.06482243
0,0,0.15277869
0,0,0.09658228
0,0,0.10140726
0,0,0.08161726
0,0,0.10255365
0,1,0.65776443
0,0,0.12932713
0,0,0.09673398
0,0,0.23321886
0,0,0.27216735
0,0,0.24043831
0,0,0.13549665
0,0,0.04826261
0,0,0.14062835
0,0,0.06364149
0,0,0.10267987
0,0,0.10366351
0,0,0.10087058
0,0,0.04957581
1,0,0.4150668
0,0,0.07094068
0,0,0.4244305
0,0,0.18479435
0,1,0.57521534
0,0,0.06487156
0,0,0.17749688
0,0,0.09580266
0,0,0.09705267
0,0,0.07413363
1,0,0.12404583
0,0,0.13466227
0,0,0.06481028
0,0,0.06787972
1,0,0.26785174
1,0,0.13589303
1,0,0.3906053
0,0,0.07054734
0,0,0.14045864
1,0,0.085804485
1,1,0.6754537
0,0,0.12342426
0,0,0.116164766
0,0,0.12899634
0,0,0.23929498
0,0,0.17018124
1,0,0.10782465
0,0,0.21064267
0,0,0.064467885
0,0,0.13521858
0,0,0.03661731
0,0,0.22731936
0,0,0.22168551
0,1,0.705359
0,0,0.18877365
0,0,0.16955006
0,0,0.2619143
0,0,0.27751246
0,0,0.07923958
1,0,0.20618606
0,0,0.2086082
0,0,0.10171808
1,0,0.23693292
0,0,0.10239046
0,0,0.098925486
1,1,0.6891308
0,0,0.12768209
0,0,0.056159876
0,0,0.044807374
1,0,0.343122
0,0,0.18977232
1,0,0.1768936
0,0,0.36072657
0,1,0.51200444
0,0,0.38399792
0,0,0.13771467
0,0,0.12069812
0,0,0.15138113
0,0,0.054706443
1,0,0.25760952
0,0,0.15254474
0,0,0.10633493
0,0,0.2171257
0,0,0.10452895
0,0,0.1153634
1,1,0.7445221
1,1,0.7735295
1,1,0.66434073
0,0,0.17131045
1,0,0.113029934
0,0,0.32939485
0,0,0.087405995
1,0,0.28466243
0,0,0.1582092
0,0,0.14678982
0,0,0.07390952
1,1,0.7116822
0,0,0.09063871
0,0,0.21434842
0,0,0.38832632
0,0,0.08992337
0,0,0.046198867
0,0,0.3325046
0,0,0.3132528
0,0,0.11250393
0,0,0.07774097
0,0,0.27068526
1,0,0.17191106
0,0,0.08648804
0,0,0.11408366
0,0,0.15823199
0,0,0.09999663
1,0,0.24257404
0,0,0.06504443
0,0,0.065659225
0,0,0.046335917
1,1,0.70936644
0,0,0.22836947
0,0,0.2538156
0,0,0.34601936
0,0,0.28149545
0,0,0.12308439
1,0,0.29178017
0,0,0.07245627
0,0,0.12973782
0,0,0.13629857
0,0,0.1532073
0,0,0.29452705
1,0,0.40840328
0,0,0.08951548
0,0,0.030768089
1,0,0.23964655
0,0,0.11207666
0,1,0.68963975
0,0,0.07496088
1,1,0.5698312
0,0,0.13124649
0,0,0.1991527
0,0,0.127726
0,0,0.1315403
0,0,0.32471278
0,0,0.23112954
0,0,0.06278073
1,0,0.36147836
0,0,0.06352922
0,0,0.10258483
0,0,0.1307935
0,0,0.15345703
0,0,0.10485809
0,0,0.4774721
0,0,0.08515663
0,0,0.03999838
0,0,0.110518
1,1,0.7508675
0,0,0.0954663
0,0,0.23636886
0,0,0.13808218
0,0,0.06386868
0,0,0.17396984
0,0,0.22126324
0,0,0.104212016
0,0,0.2551606
0,0,0.1722603
1,1,0.7527692
1,1,0.7732217
0,0,0.16621798
0,0,0.07891155
1,0,0.2865222
1,0,0.06351263
0,0,0.109852284
1,0,0.3251765
0,0,0.04560333
0,0,0.12519151
0,0,0.17151418
0,1,0.681022
0,0,0.04915199
0,0,0.06099214
1,0,0.21344166
0,0,0.16472556
0,1,0.7436381
0,0,0.19713725
0,0,0.09665574
0,0,0.11073817
0,1,0.6411419
0,0,0.036496885
0,0,0.094315484
0,0,0.17482686
1,1,0.66111594
0,0,0.13272046
0,0,0.11774376
0,0,0.09953072
0,0,0.10029654
0,0,0.27751246
0,0,0.08834544
0,0,0.44631478
1,0,0.13543692
0,0,0.11407594
1,1,0.7883632
0,0,0.16210273
1,0,0.43930003
0,0,0.10241527
0,0,0.21831082
1,0,0.39244094
0,0,0.08538527
0,0,0.23546425
0,0,0.1617835
0,0,0.18838608
0,0,0.20955071
0,0,0.29451546
1,1,0.6888336
1,0,0.09473725
0,0,0.24129042
0,0,0.09908735
0,0,0.13734972
0,0,0.13096938
0,0,0.103157185
0,0,0.23567404
0,1,0.793675
0,0,0.26514116
0,0,0.09545841
0,0,0.15505707
1,0,0.31343743
0,0,0.18670866
0,0,0.08844258
1,0,0.13192265
0,0,0.050404094
0,0,0.07168321
0,0,0.18384457
0,0,0.13934042
1,0,0.2820108
0,0,0.091783695
0,0,0.06524362
0,0,0.044112816
0,0,0.48615372
1,1,0.62830067
1,1,0.6494857
0,0,0.096386924
0,0,0.16044506
0,0,0.1805644
0,0,0.098378204
0,0,0.13401578
0,0,0.093040176
0,0,0.27834815
0,0,0.12935065
0,0,0.13051993
0,0,0.07049742
0,0,0.25095657
0,0,0.15931013
0,0,0.057088643
0,0,0.06860153
0,0,0.09360831
0,0,0.20339532
0,0,0.30432534
0,0,0.07738788
0,0,0.04488692
0,0,0.09769356
0,0,0.099423625
0,0,0.25112662
0,1,0.7015302
0,0,0.1303534
0,0,0.086821474
0,0,0.10855155
1,0,0.14780167
0,0,0.07850177
0,0,0.4206897
1,0,0.12283418
0,0,0.036561422
1,0,0.48264313
0,0,0.09965341
0,0,0.14840955
0,0,0.08234039
1,0,0.3613291
0,0,0.049483396
1,0,0.21131754
0,0,0.062322468
0,0,0.4110532
0,0,0.10297409
0,0,0.05656919
0,0,0.13819894
0,0,0.07670408
0,0,0.10495749
1,1,0.6037786
0,0,0.12679885
0,0,0.13849522
1,1,0.661329
0,0,0.25407472
0,0,0.17925575
0,0,0.0982178
1,0,0.25230289
0,0,0.1417984
1,1,0.69298667
0,0,0.47620898
0,0,0.084079415
0,0,0.3324746
1,0,0.44214642
0,0,0.0678747
0,0,0.065545276
0,1,0.5497641
1,0,0.08263849
0,0,0.16526042
0,0,0.06294521
1,0,0.2457859
1,0,0.15545146
0,0,0.13336974
1,0,0.07570575
0,0,0.44007188
0,0,0.20599551
0,0,0.06245825
0,0,0.083835706
0,0,0.08992337
0,0,0.14960106
0,0,0.082664266
0,0,0.09976177
0,0,0.10954136
1,1,0.7358965
0,0,0.13399547
0,0,0.11473242
0,0,0.2550359
0,0,0.42695585
0,0,0.18850645
0,0,0.29876637
0,0,0.11223056
0,0,0.18359691
0,1,0.72526187
0,1,0.512823
0,0,0.1391162
1,0,0.3032405
0,0,0.19812725
0,0,0.08519042
1,0,0.17437896
0,0,0.09922354
1,0,0.23938298
0,0,0.2660335
0,0,0.10989643
0,0,0.101770066
1,1,0.7714606
0,0,0.07001123
0,0,0.10956374
0,0,0.22592673
0,0,0.11952826
0,0,0.061109073
1,1,0.6643117
0,0,0.16293326
1,0,0.41176918
1,0,0.075125396
1,0,0.39675587
0,0,0.048363406
0,0,0.07436743
0,0,0.1077998
0,0,0.05584976
1,0,0.05716651
0,0,0.04697653
0,0,0.11575629
0,0,0.05700154
1,0,0.074364945
0,0,0.140334
0,0,0.1312149
0,0,0.15270914
1,0,0.15208516
1,1,0.6544819
1,1,0.6858835
0,0,0.26191616
0,0,0.2046102
0,0,0.04316729
0,0,0.10169921
0,0,0.13658533
0,0,0.13833568
0,0,0.12856925
1,0,0.13318773
0,0,0.36011812
0,0,0.09246356
0,1,0.7157543
1,0,0.16301899
1,1,0.7339638
0,0,0.0823304
0,0,0.1435662
0,0,0.097276464
0,0,0.099423625
0,0,0.083569296
0,0,0.2715169
0,0,0.048507106
0,0,0.12527993
0,0,0.12515539
1,1,0.6890161
0,0,0.0481363
0,0,0.1781757
0,0,0.056084253
0,0,0.19233885
0,0,0.07522549
0,0,0.110777296
0,0,0.050867513
0,0,0.18930276
0,0,0.32673818
0,0,0.18510972
0,0,0.14625953
1,0,0.24314733
0,0,0.12584907
0,0,0.07054535
0,0,0.12592581
0,0,0.07642776
1,0,0.18823725
0,0,0.086095236
0,0,0.0673558
0,0,0.21535297
1,1,0.553939
1,1,0.621971
0,0,0.3131718
1,0,0.1503782
0,0,0.37252456
0,0,0.061158434
0,0,0.14163335
0,0,0.17783241
1,1,0.68560815
0,0,0.13458219
0,0,0.114559755
0,0,0.06668332
0,1,0.6313398
1,1,0.72152346
0,0,0.29323065
0,0,0.059420582
0,0,0.17486215
1,1,0.5874949
0,0,0.12623757
0,0,0.34153306
0,0,0.20619757
0,1,0.6460798
0,0,0.13316317
0,0,0.11682712
0,0,0.07359791
0,0,0.15151195
1,0,0.2199435
0,0,0.050400436
0,0,0.3039012
0,0,0.09129589
0,0,0.03446348
1,0,0.48760024
1,0,0.21468067
1,0,0.15753968
0,0,0.17949049
0,0,0.17410202
0,0,0.23517348
0,0,0.10390471
0,0,0.2400029
1,0,0.3601289
0,0,0.26598248
0,0,0.25047806
0,0,0.09693064
0,0,0.23898076
0,0,0.13161618
1,1,0.7302751
0,0,0.07735989
1,0,0.09039093
0,0,0.45035177
0,0,0.2962825
1,0,0.115910344
1,1,0.7341662
0,0,0.09960884
1,0,0.2095408
0,0,0.20112997
0,0,0.044451095
1,1,0.6790816
0,0,0.21103163
0,0,0.10164726
0,0,0.101469934
0,0,0.10068593
0,1,0.66139734
0,0,0.03163571
1,0,0.07839503
0,0,0.08377928
0,0,0.09057344
0,0,0.24059977
0,0,0.16778898
0,0,0.09502142
1,0,0.19707595
0,0,0.12823887
1,0,0.20728815
0,0,0.12054205
0,0,0.098024905
0,0,0.10240771
0,0,0.3049992
0,0,0.07728456
0,0,0.2800686
1,1,0.63936096
0,0,0.060103726
0,0,0.1200572
0,0,0.19967937
0,0,0.10038813
0,0,0.3508357
0,0,0.07041652
0,0,0.07450753
0,0,0.20333764
0,0,0.08324204
0,0,0.09987857
0,0,0.059309363
1,0,0.4491534
1,1,0.5670408
1,0,0.14337745
1,0,0.17166184
0,0,0.22995521
0,0,0.17003454
0,0,0.100222126
1,0,0.349414
0,0,0.06463469
0,0,0.20296513
0,0,0.25826547
0,0,0.3382696
0,0,0.12975904
0,0,0.12076031
0,0,0.063674
0,0,0.098220274
0,1,0.7200859
1,0,0.23458241
1,0,0.111242376
0,0,0.1694333
0,0,0.119335614
0,0,0.112280585
0,0,0.34219816
0,0,0.09232666
0,0,0.062351387
0,0,0.08992337
0,0,0.37973693
0,0,0.09258652
1,0,0.18710448
0,0,0.1784807
0,0,0.04498125
0,0,0.10716838
0,1,0.6310317
1,0,0.07623065
1,0,0.13856514
0,0,0.16180317
0,0,0.12659478
0,0,0.059720043
0,0,0.048198048
0,0,0.045350764
0,0,0.2111035
1,0,0.123702705
0,0,0.05067512
1,0,0.1108063
0,0,0.096527316
0,0,0.04517768
0,0,0.078971565
0,0,0.17808576
0,0,0.18175718
0,0,0.12564643
0,0,0.0574062
1,1,0.7761407
0,0,0.21270628
0,0,0.24468762
0,0,0.12841599
1,0,0.14736463
0,0,0.07149338
0,0,0.0975353
0,0,0.2002796
0,0,0.06659228
0,0,0.12061484
0,0,0.13716005
1,0,0.21303938
0,0,0.21695736
0,0,0.051562294
0,0,0.17848122
0,0,0.20498176
0,0,0.21218565
0,0,0.12037552
0,0,0.2639488
0,0,0.1778537
0,0,0.21265414
0,0,0.1888916
1,0,0.15727788
1,0,0.20991056
0,1,0.60008883
0,0,0.16766602
0,0,0.057663612
1,1,0.6729972
0,0,0.0691734
0,0,0.052909732
0,0,0.16542414
0,0,0.08080749
0,0,0.08148832
1,0,0.29740372
0,0,0.11072238
0,0,0.095739625
0,0,0.096543156
1,0,0.096744515
0,0,0.128046
0,0,0.05374664
0,0,0.08846926
0,1,0.72915787
0,0,0.08021206
0,0,0.11243897
1,0,0.20894061
0,0,0.10023398
1,0,0.2860703
0,0,0.06764226
0,0,0.07625294
1,1,0.63467246
0,0,0.05949598
0,0,0.17493798
0,0,0.09276529
0,0,0.41760105
0,0,0.14643714
0,0,0.25714868
1,1,0.6020699
1,0,0.1534385
0,0,0.10972003
0,0,0.20929305
1,1,0.76647663
0,0,0.2529049
0,0,0.17897697
0,0,0.48204395
0,0,0.31942368
1,0,0.20161429
0,0,0.16646107
0,0,0.055201225
0,0,0.33334228
1,0,0.3541588
0,0,0.10730751
0,0,0.18990223
0,0,0.12262876
1,0,0.49932694
1,0,0.22777201
0,0,0.17934535
0,0,0.06530213
0,0,0.21717751
1,1,0.7148007
0,0,0.18285578
0,0,0.1521468
0,0,0.14625607
0,1,0.7937761
0,0,0.162313
0,0,0.08704423
1,0,0.10272372
1,0,0.37372768
0,0,0.30485898
0,0,0.06572016
0,0,0.035207737
0,1,0.62490517
0,0,0.2613974
0,0,0.17033073
1,0,0.2550368
0,0,0.14339165
0,0,0.076050885
1,0,0.3329454
1,0,0.09777577
1,0,0.27132595
0,0,0.12904511
0,1,0.6976074
0,0,0.10824384
0,0,0.26555935
0,0,0.22490536
1,0,0.053517565
0,0,0.3251765
0,0,0.33382973
1,0,0.11081191
0,0,0.13424858
1,1,0.7524168
0,0,0.122306965
0,0,0.19164507
0,0,0.10049297
1,0,0.4518987
1,0,0.10989791
1,0,0.123135515
0,0,0.04021066
0,0,0.19087142
0,0,0.099593334
0,0,0.18613386
0,0,0.3330361
0,0,0.09176589
1,0,0.12196428
0,0,0.10190373
1,0,0.21642895
1,0,0.2953643
0,0,0.07365824
0,0,0.23643361
0,0,0.1420653
0,0,0.11129088
0,0,0.039981894
0,0,0.12439645
0,0,0.24658562
0,0,0.20251551
0,0,0.25292435
0,0,0.14817984
0,0,0.14939933
0,0,0.18826903
1,1,0.7350432
0,0,0.10151909
0,0,0.24492355
1,0,0.36668602
0,1,0.7002005
1,0,0.07159267
1,1,0.64180577
0,0,0.06383245
1,0,0.21947864
0,0,0.05344933
0,0,0.19366895
0,0,0.10812324
0,0,0.26348245
0,0,0.12796022
1,1,0.59252983
0,0,0.2086082
0,1,0.7158871
0,0,0.069159925
1,0,0.1511802
0,0,0.21459338
0,0,0.20974979
0,0,0.44839376
0,0,0.076317936
0,0,0.09273357
0,0,0.11789876
0,0,0.057286043
0,0,0.12155275
0,0,0.095197864
0,0,0.17242344
0,0,0.36404496
0,0,0.3082595
1,0,0.13605537
0,1,0.63825274
0,0,0.17974249
0,0,0.11916197
0,1,0.6690962
1,1,0.612774
0,0,0.18702418
0,0,0.15320513
0,0,0.15171926
0,0,0.0600301
0,0,0.13363467
0,0,0.09872337
0,0,0.094060875
0,0,0.13443255
0,0,0.10117805
0,0,0.103200465
0,0,0.25674123
0,0,0.13181746
0,0,0.05230669
0,1,0.6902694
0,0,0.13269359
1,0,0.1812748
0,0,0.054602932
0,0,0.23233655
0,0,0.07404499
0,0,0.059281584
0,0,0.33961704
0,0,0.13081332
0,0,0.22557133
1,1,0.5145162
0,0,0.22448207
0,0,0.094971366
0,0,0.24742278
0,0,0.13738666
0,0,0.07210825
0,0,0.0713607
1,0,0.21794711
0,0,0.105625294
0,0,0.09487114
0,0,0.3074807
1,0,0.28889266
0,0,0.12612914
0,0,0.14669088
1,0,0.20122874
0,0,0.12719898
0,0,0.23619097
0,0,0.060344864
0,0,0.07625168
0,0,0.12544037
0,0,0.08092008
0,0,0.111852996
0,0,0.12881002
0,0,0.24406557
0,0,0.41407976
0,0,0.19642666
0,0,0.208234
0,0,0.05068439
0,0,0.0639375
0,0,0.2177624
0,1,0.6111397
0,0,0.13099824
0,0,0.29822657
0,0,0.22645625
0,0,0.27620322
0,0,0.033602525
0,0,0.049354076
0,0,0.14164174
1,0,0.25206947
0,0,0.16137713
0,0,0.04571598
0,0,0.27931434
0,0,0.1035009
0,0,0.09413003
0,0,0.09575901
0,0,0.029279226
0,0,0.123906575
1,0,0.21011943
0,0,0.055729184
0,0,0.14429988
0,0,0.13247669
0,0,0.09068145
0,0,0.13551074
0,0,0.071629636
0,0,0.2511448
0,0,0.078906834
0,0,0.13535982
0,0,0.11356996
0,0,0.10815811
0,0,0.16959684
0,0,0.083974
0,0,0.110365026
0,0,0.2733586
0,0,0.22692661
0,0,0.1314308
0,0,0.0978842
0,0,0.15364532
0,0,0.111885555
0,0,0.14071853
1,0,0.16840126
0,0,0.16945411
0,0,0.089354075
0,0,0.079918265
0,0,0.14873977
1,0,0.31485775
1,0,0.19340561
1,1,0.5609473
0,0,0.123136155
0,0,0.07086238
0,0,0.0967882
0,0,0.13176985
0,0,0.14037436
0,0,0.22489703
0,0,0.34899855
0,0,0.09125833
1,0,0.34670964
1,0,0.22223338
0,0,0.09506858
0,0,0.26320654
0,1,0.5892149
1,0,0.29499802
0,0,0.1927167
1,0,0.08974508
0,0,0.13459057
0,0,0.104919
0,0,0.13947906
0,0,0.1569198
1,1,0.7656113
1,0,0.38808653
0,0,0.05165059
0,0,0.23876546
0,0,0.14640895
0,0,0.13106255
0,0,0.12654921
0,0,0.09670631
0,0,0.25519037
0,0,0.06114333
1,0,0.13010971
0,0,0.06844729
1,0,0.22324966
1,0,0.19780217
0,0,0.14690317
0,0,0.21932507
1,1,0.7992314
1,1,0.6738641
0,0,0.087493844
0,0,0.49007523
0,0,0.09785009
0,0,0.071222626
0,0,0.43961045
1,1,0.6321901
0,0,0.13450304
0,0,0.12657751
0,0,0.26794204
0,1,0.596721
0,0,0.21314684
0,0,0.23765965
1,0,0.102730386
0,0,0.21532321
1,1,0.5735852
0,0,0.18044281
0,0,0.083084084
0,0,0.17426592
0,0,0.1365111
0,0,0.246107
0,0,0.11982727
0,0,0.1798496
0,0,0.1441131
0,0,0.094920516
0,0,0.21585469
1,0,0.32099754
0,0,0.12617978
0,0,0.08824159
0,0,0.12225988
0,0,0.13875355
0,0,0.2712857
0,0,0.2735024
1,0,0.07285963
1,0,0.23584287
1,1,0.6721719
1,1,0.738324
0,0,0.1374307
1,0,0.12125714
0,0,0.14783596
0,0,0.2471028
0,0,0.18282637
1,0,0.2511448
0,0,0.10168752
0,0,0.1354448
1,0,0.1696805
0,0,0.12089589
0,0,0.1397663
1,1,0.54276276
0,0,0.0730521
0,0,0.21795635
1,1,0.5317047
0,0,0.034982253
0,0,0.064879455
1,1,0.7153148
0,0,0.27761796
1,0,0.40290254
0,0,0.13354263
0,0,0.3080299
0,0,0.11513954
0,0,0.44231993
0,0,0.089986496
0,0,0.14935422
0,0,0.063783355
1,0,0.40967742
0,1,0.5012071
0,0,0.13275991
0,0,0.31588122
0,0,0.05109906
0,0,0.058941644
1,1,0.6684256
0,0,0.074679144
0,0,0.19860817
0,0,0.15436108
0,0,0.059749488
0,0,0.088157155
0,0,0.15039216
1,0,0.11233275
1,0,0.37484074
0,0,0.13180985
0,0,0.12369587
0,0,0.12309961
0,0,0.17107119
0,0,0.13908881
0,0,0.14124665
1,0,0.32082865
0,0,0.11064588
0,0,0.23626575
0,0,0.041270893
0,0,0.075138636
0,0,0.21630196
0,0,0.12370943
1,0,0.27127632
1,0,0.21031334
0,0,0.101683594
0,0,0.21246462
0,0,0.08319567
0,0,0.079962105
0,0,0.1274774
0,0,0.13430302
0,0,0.045584355
0,0,0.10037163
1,0,0.3343811
0,0,0.121691674
0,0,0.3060392
1,1,0.77012974
0,0,0.19736244
0,0,0.0986183
0,0,0.060614415
0,0,0.055995263
0,0,0.13800466
0,0,0.07080351
0,0,0.27671778
0,1,0.64265
0,0,0.07277223
0,0,0.11593721
0,0,0.21374364
0,0,0.07326545
0,1,0.5528082
0,0,0.0741343
0,0,0.19141592
0,0,0.16161712
1,0,0.15794197
0,0,0.17213048
0,0,0.097579986
0,1,0.58073914
1,0,0.21403463
0,0,0.038707826
1,0,0.17168558
0,0,0.101431236
1,0,0.29822657
0,0,0.22907232
0,0,0.27428797
1,0,0.102191515
0,0,0.09269602
0,0,0.15987977
0,1,0.5889294
0,0,0.071292214
0,0,0.1334053
0,0,0.11528643
0,0,0.1905923
1,0,0.09530008
0,0,0.11379629
0,1,0.76464885
0,0,0.13776223
0,0,0.3918947
0,0,0.12644596
0,0,0.12534706
1,0,0.27213246
0,0,0.09521394
0,0,0.094883695
0,0,0.12649485
1,1,0.54405415
1,0,0.35489303
0,0,0.08838635
1,1,0.6733359
1,0,0.2348587
0,0,0.10756163
0,0,0.27065074
0,0,0.051834323
0,0,0.13660885
0,0,0.0955907
0,0,0.09767836
0,0,0.10808914
0,0,0.075027764
0,0,0.0394543
0,0,0.17606772
1,1,0.6886272
0,0,0.12595056
1,0,0.20232673
1,1,0.63014007
0,0,0.28692174
0,0,0.17490864
1,0,0.1255878
0,0,0.1916893
0,0,0.12446043
0,0,0.20368156
0,0,0.074117236
0,0,0.09612629
0,1,0.7834927
0,0,0.0793892
0,0,0.10530282
0,1,0.60842603
0,0,0.08849376
0,0,0.12648503
1,1,0.76735306
0,0,0.056267608
1,0,0.12808834
0,0,0.12259037
0,0,0.3321314
0,0,0.09634443
0,0,0.21160714
1,1,0.66197854
1,1,0.75544244
0,0,0.058617875
1,0,0.11599663
0,0,0.059863452
0,0,0.24304605
0,0,0.09686413
1,1,0.66960096
0,0,0.13243598
0,0,0.066487886
0,0,0.0857121
0,0,0.18559505
0,0,0.1076408
0,0,0.16493775
0,0,0.15886688
0,0,0.23229626
0,0,0.07172912
0,0,0.14971301
0,0,0.19417451
0,0,0.13229325
0,0,0.12441154
1,0,0.04524702
0,0,0.21342447
0,0,0.2895403
0,0,0.0725744
1,0,0.12880768
0,0,0.22237132
0,0,0.19402507
0,0,0.17126827
1,1,0.71317834
0,0,0.13182385
1,0,0.24789283
0,0,0.12441339
0,0,0.038063105
0,0,0.06126201
0,0,0.1065067
0,0,0.10441682
0,0,0.19035192
0,0,0.13942736
0,0,0.054739445
1,1,0.6129764
0,0,0.04920878
0,0,0.147511
1,0,0.1423157
0,0,0.16182141
0,0,0.11959251
0,0,0.1652111
0,0,0.428792
1,0,0.27362573
0,0,0.13631244
1,0,0.14539003
1,1,0.66122055
0,0,0.12634505
0,0,0.21061708
1,0,0.40417793
0,0,0.10368282
0,0,0.10698105
0,0,0.19063663
0,0,0.10711072
0,0,0.16243218
0,0,0.10182271
0,0,0.14057888
0,0,0.20240869
0,0,0.06321596
0,0,0.14557593
0,0,0.1710828
0,0,0.1335801
0,0,0.17950054
0,0,0.12290109
0,0,0.045285873
0,0,0.057915352
0,0,0.060329273
0,0,0.053907678
0,0,0.15700747
0,0,0.13871402
0,0,0.14749299
1,0,0.23665667
0,0,0.21143147
1,0,0.21590585
0,0,0.1660908
0,0,0.032558754
0,0,0.14152779
1,1,0.5920516
0,0,0.12331482
0,0,0.39640242
0,0,0.17230098
1,0,0.3557437
0,0,0.07237863
0,0,0.16077915
0,0,0.11901336
0,0,0.23025429
0,0,0.13819595
0,0,0.07844657
0,0,0.09651625
0,0,0.23928007
1,0,0.105639696
0,0,0.09841488
0,0,0.1600528
0,0,0.028876657
1,0,0.15159759
0,0,0.36869726
0,0,0.048821814
0,0,0.27564174
1,0,0.06815196
0,0,0.06404676
0,0,0.088425875
0,0,0.14418155
0,0,0.086162865
0,0,0.1736171
1,0,0.28242832
0,0,0.12033829
0,0,0.20469718
0,0,0.24115711
1,0,0.3074807
0,0,0.0533484
0,0,0.03592556
1,1,0.70285803
1,1,0.75036764
0,0,0.081298634
0,0,0.10024327
0,1,0.7011047
0,0,0.11149788
0,0,0.0927317
0,0,0.3050305
1,0,0.04072594
0,0,0.21834084
0,0,0.24731943
0,0,0.21788824
0,0,0.18105422
1,0,0.18147399
0,0,0.039565235
0,0,0.1842617
0,0,0.13359438
0,0,0.09278509
0,0,0.1773298
0,0,0.103788875
0,0,0.029698296
0,0,0.1830726
1,0,0.3039012
0,0,0.067853585
0,0,0.20559773
0,0,0.12312912
0,0,0.14566566
0,0,0.114849634
0,0,0.17705949
0,0,0.058117904
0,0,0.10517665
0,0,0.031984985
0,0,0.070121385
1,1,0.6807924
1,0,0.25276613
0,0,0.33254522
1,0,0.31536534
0,0,0.11732564
0,0,0.07750408
1,1,0.7519439
0,0,0.14621583
0,0,0.27399254
0,0,0.08186427
0,0,0.20329477
1,0,0.16015817
1,1,0.64224637
0,0,0.06444992
0,0,0.26136604
1,1,0.6091366
0,0,0.10929189
1,0,0.24368215
1,0,0.21685731
0,0,0.31521043
1,1,0.56478095
0,0,0.07790636
0,0,0.14259933
0,0,0.157814
0,0,0.109140955
0,0,0.061116327
0,0,0.19862881
1,0,0.31821373
0,0,0.048198476
0,0,0.14848717
0,0,0.065388255
0,0,0.11177509
0,0,0.15672103
0,1,0.7084338
1,0,0.1271824
0,0,0.1020536
0,0,0.12325273
1,0,0.08867875
0,0,0.04913413
0,0,0.060495947
0,0,0.09773756
0,0,0.2033117
0,0,0.27428797
0,0,0.16903907
1,1,0.6564094
1,0,0.39027023
1,0,0.37252456
0,0,0.09337988
0,0,0.24253418
1,1,0.823399
0,0,0.13463381
0,0,0.21197523
0,0,0.07040961
1,0,0.2334852
0,0,0.32975292
1,0,0.21889532
1,0,0.1778539
0,0,0.057133857
1,0,0.07189615
0,0,0.0895239
0,0,0.17861919
1,1,0.6372149
0,0,0.16267121
0,1,0.7512241
0,0,0.3325046
0,0,0.24207719
1,0,0.14876589
1,0,0.13125198
0,0,0.26136604
0,0,0.21812777
0,1,0.6509053
0,0,0.100947976
0,0,0.17850175
1,1,0.66214556
0,0,0.13843851
0,1,0.6553828
0,1,0.6228769
0,0,0.21492013
0,0,0.32227308
0,0,0.10163788
1,1,0.6601162
0,0,0.3918947
0,0,0.13959353
0,0,0.0988418
0,0,0.119804315
0,0,0.15198383
0,0,0.09864278
0,0,0.26436797
0,0,0.0921066
0,1,0.72275513
0,0,0.10556482
0,0,0.24236521
0,0,0.15780844
0,0,0.16508076
0,0,0.15489101
0,0,0.10586286
0,0,0.15527274
1,0,0.12658732
1,0,0.120793976
0,0,0.30038804
0,0,0.11261089
0,0,0.068547145
0,0,0.12726441
0,0,0.1241104
0,0,0.13841973
0,0,0.11575943
1,1,0.70104223
1,0,0.067774564
1,1,0.7638712
0,0,0.13028266
0,0,0.05930129
0,0,0.09422614
0,0,0.094474316
0,0,0.08308766
0,0,0.22509249
0,0,0.06704139
0,0,0.060626805
0,0,0.09408671
0,0,0.08281705
1,0,0.14546937
1,1,0.7031999
0,0,0.067233786
0,0,0.4630776
1,1,0.6391421
0,0,0.21783525
0,0,0.121691376
0,0,0.27856642
1,1,0.72285545
0,0,0.15219025
0,0,0.16579916
0,0,0.1156827
0,0,0.31133226
0,0,0.33416548
0,0,0.12626082
0,0,0.09307435
1,1,0.5848632
0,0,0.14630727
0,0,0.08788783
1,0,0.17917414
0,0,0.08274788
0,0,0.17997314
0,0,0.1442942
0,0,0.13504533
0,0,0.44340944
0,0,0.09105695
0,0,0.068627045
1,0,0.23470297
1,1,0.712399
0,0,0.1481209
0,0,0.13321458
0,0,0.09956249
1,0,0.13384247
0,0,0.10993727
0,0,0.13259467
0,0,0.096671455
1,0,0.0810725
0,0,0.13354231
1,0,0.13019353
1,0,0.17411779
0,0,0.09190535
0,0,0.11575861
0,0,0.06182512
0,0,0.065510206
0,0,0.106653206
1,0,0.34289855
0,0,0.27629012
1,1,0.6118195
0,0,0.2133848
0,0,0.09701657
0,0,0.12653619
0,0,0.13903792
0,0,0.065963484
0,0,0.21081448
0,0,0.10786097
1,0,0.15132432
1,1,0.7576464
0,0,0.08446948
0,0,0.15927142
1,1,0.63417906
1,0,0.0901813
1,0,0.16057046
1,0,0.31628343
0,0,0.21537754
0,0,0.44348115
0,0,0.0965631
0,0,0.13326864
0,0,0.057223856
0,0,0.038436346
0,0,0.2674874
0,0,0.080395445
0,0,0.3450367
0,0,0.09369762
0,0,0.12140481
0,0,0.07632627
0,0,0.09118254
1,0,0.17162655
0,0,0.101703286
0,0,0.09121951
0,0,0.26043436
0,0,0.21078837
1,0,0.21833609
0,0,0.10247424
0,0,0.19218546
0,0,0.11666098
0,1,0.54779595
0,0,0.31721497
0,0,0.096260205
0,0,0.16552818
0,0,0.080121264
0,0,0.29540944
0,0,0.22397384
0,0,0.15594652
1,1,0.74590695
0,0,0.19339556
0,0,0.06273259
1,0,0.10271399
0,0,0.16919604
1,1,0.5077354
0,0,0.17720605
1,0,0.17608114
0,0,0.0632273
0,0,0.20460291
0,1,0.5605805
0,0,0.06261459
0,0,0.07595645
1,0,0.17231718
0,0,0.1095542
0,0,0.10787375
1,0,0.15304947
0,0,0.09815114
0,0,0.2319212
0,0,0.12250055
0,0,0.10174322
1,0,0.29876637
0,0,0.14011526
0,0,0.031519827
0,0,0.09660084
0,0,0.26942745
0,0,0.17295274
0,0,0.24904367
0,0,0.21019942
1,1,0.72319424
0,0,0.033471834
0,0,0.094247594
0,0,0.043575045
0,0,0.2013235
0,0,0.069091775
1,0,0.35700977
0,0,0.08413318
1,1,0.6699788
0,0,0.065686055
0,0,0.10225791
0,0,0.11430674
1,0,0.09698141
1,0,0.14210977
0,0,0.08231721
0,0,0.21911456
0,0,0.13850214
0,0,0.1100581
0,0,0.05033324
0,0,0.056286477
0,0,0.15659824
0,0,0.058803625
1,1,0.75239617
0,0,0.090966426
0,0,0.1606939
0,0,0.10081757
1,0,0.15239125
1,1,0.7599276
0,0,0.045077365
0,0,0.10622334
0,0,0.085692726
0,0,0.16323954
1,0,0.4781405
0,0,0.09841708
1,0,0.1326457
0,0,0.05180172
0,0,0.14384277
0,0,0.17731053
0,1,0.71452194
0,0,0.068260975
0,0,0.28424463
1,1,0.6399247
0,0,0.08182567
1,0,0.40631238
0,0,0.3131718
0,0,0.059894193
0,1,0.52035433
0,0,0.14145465
0,0,0.10000665
0,0,0.22586733
0,0,0.1653788
0,0,0.16266973
1,0,0.25273716
0,0,0.1688557
0,0,0.068809845
0,0,0.43808725
0,0,0.13317272
0,0,0.056556277
1,0,0.4029592
0,0,0.05151034
0,0,0.13632268
0,0,0.09888803
1,0,0.14687707
0,0,0.14844602
0,0,0.1808893
0,0,0.32787743
0,0,0.057572115
0,0,0.14830317
0,0,0.09208643
1,0,0.17642696
0,0,0.30220002
0,0,0.059037838
0,0,0.47168052
0,0,0.09521515
1,0,0.12738784
0,0,0.17649823
0,0,0.25689223
0,0,0.08389363
0,0,0.09634443
0,0,0.13484176
0,0,0.24891202
0,0,0.18782769
0,0,0.09615455
1,0,0.20447093
0,0,0.12580226
0,0,0.048340317
0,0,0.109706655
0,0,0.2231008
0,1,0.58858025
0,0,0.07311206
1,0,0.12758812
0,0,0.071253344
1,0,0.070642665
0,0,0.19109793
1,0,0.38453156
1,0,0.19065079
0,0,0.0459529
1,0,0.35285923
1,1,0.76938015
0,0,0.15845627
1,0,0.34259233
1,1,0.58784014
0,0,0.06720613
0,0,0.34301862
1,0,0.3699906
0,0,0.17532794
0,0,0.093477435
1,1,0.695842
1,0,0.39841217
0,0,0.105182394
0,0,0.15986691
0,0,0.2903142
0,0,0.13292372
0,1,0.7306162
0,0,0.16533385
0,0,0.26733413
1,1,0.66658
0,0,0.18532574
0,0,0.19475985
1,0,0.13005121
1,0,0.09227964
0,0,0.11990263
0,0,0.07714585
0,0,0.33728865
1,0,0.37252456
1,0,0.10459525
1,0,0.2322873
1,0,0.18000337
0,0,0.18992852
0,0,0.18308847
0,0,0.11269952
0,0,0.19899926
0,0,0.10084746
0,0,0.09372693
0,0,0.09296217
0,0,0.15921831
1,1,0.7173225
0,0,0.13662785
1,1,0.823399
0,0,0.12919207
0,0,0.07277502
0,0,0.14338242
1,1,0.68119603
0,0,0.09150737
1,0,0.15028532
0,0,0.12860948
0,0,0.15117231
1,0,0.35489303
0,0,0.1051952
0,0,0.062883824
0,0,0.12835264
0,0,0.06737018
0,0,0.09731611
1,0,0.052035086
0,0,0.09752936
0,0,0.1136085
0,0,0.10196206
0,0,0.056465093
0,0,0.07034478
1,0,0.35199156
0,0,0.20531219
0,0,0.1293682
0,1,0.708162
0,0,0.07762484
0,0,0.099324696
0,0,0.081581004
0,0,0.19822368
0,0,0.09698905
0,1,0.7331475
1,0,0.059703708
0,0,0.48587036
0,0,0.08265068
0,0,0.25781006
0,0,0.060532127
0,0,0.26709265
0,0,0.12708278
0,0,0.35314763
1,0,0.1076972
0,0,0.22713554
1,0,0.07959482
0,0,0.27154782
0,0,0.10159811
0,0,0.2964781
0,0,0.20978697
0,0,0.29708865
0,0,0.20568013
0,0,0.2854975
0,0,0.10504025
0,0,0.1991527
0,0,0.061226152
1,0,0.22929879
0,0,0.36723426
0,0,0.12861562
0,0,0.1517723
0,0,0.35005635
1,0,0.09566264
0,0,0.2134606
0,0,0.03887376
0,0,0.2601421
0,0,0.120205514
0,0,0.10377556
0,0,0.066032164
0,0,0.35102642
0,0,0.18007503
0,0,0.07597066
0,0,0.07682682
0,0,0.09298807
0,0,0.07292369
0,0,0.12088781
0,0,0.06691321
0,0,0.31788072
1,0,0.14490876
0,0,0.16548972
0,0,0.21190982
0,0,0.07874531
1,1,0.65902466
0,0,0.04095341
0,0,0.15742944
0,0,0.21567564
0,0,0.06700531
0,0,0.087198295
0,0,0.16508076
0,0,0.13164327
0,0,0.04382488
0,0,0.13852303
0,0,0.04921698
0,0,0.13849527
0,0,0.12914534
0,0,0.14093584
0,0,0.08118794
0,0,0.31801176
0,0,0.13352579
0,0,0.1885831
0,0,0.043082997
1,1,0.5989438
1,0,0.35889548
0,0,0.12969774
0,0,0.03709047
0,0,0.14132269
0,0,0.07115762
0,0,0.085017055
0,0,0.13897538
0,0,0.11835499
1,0,0.09214513
0,1,0.6153179
0,0,0.09083964
0,0,0.22412522
0,0,0.15028962
0,0,0.16913104
0,0,0.09821814
1,0,0.14361407
0,0,0.12595734
0,0,0.048575398
0,0,0.21940155
0,0,0.2501942
0,0,0.25314125
0,0,0.04738053
0,0,0.12175882
0,0,0.26136604
0,0,0.16963208
0,0,0.18174876
0,1,0.63233614
0,0,0.097147696
0,0,0.15595998
0,0,0.07211153
0,0,0.06569463
0,0,0.102775425
0,0,0.10412716
0,0,0.40461227
1,0,0.1674251
1,1,0.7054576
0,0,0.11187164
0,0,0.07729228
0,0,0.06337724
0,0,0.14349225
1,1,0.60962665
1,0,0.103078395
0,0,0.21284346
0,0,0.15371342
0,0,0.06699635
0,0,0.21707715
1,0,0.48500362
0,0,0.25009975
0,0,0.30204874
0,0,0.13043526
0,0,0.19895895
0,0,0.18380408
0,0,0.067251794
1,0,0.13784212
0,0,0.47386947
0,0,0.034333345
0,0,0.07089999
0,0,0.06629329
1,0,0.09052743
1,0,0.31536534
0,0,0.14100017
0,0,0.054722115
0,1,0.5534193
1,0,0.3039012
0,0,0.062852345
0,0,0.12840123
0,0,0.26560587
0,0,0.081280135
0,1,0.6454237
0,1,0.60845417
0,0,0.13103154
0,0,0.28337565
0,1,0.66251767
0,0,0.08298346
1,1,0.8583767
1,0,0.4665929
0,0,0.07581481
1,0,0.15184253
0,0,0.26432616
1,0,0.096993856
0,1,0.5627613
0,0,0.07666868
0,0,0.07547357
0,0,0.19924113
0,0,0.08645215
0,0,0.1350767
0,0,0.12373165
1,1,0.5311731
0,1,0.611246
0,0,0.38208452
0,1,0.621373
0,0,0.31278834
0,0,0.44528684
0,0,0.40327707
0,0,0.2651255
1,1,0.7363243
0,0,0.037841525
0,0,0.23056562
0,0,0.052325003
1,0,0.37144336
0,0,0.40402657
0,1,0.68883944
0,0,0.1476273
0,0,0.06640184
0,0,0.2762853
1,0,0.10284601
1,0,0.24772826
0,0,0.070499346
0,0,0.20325771
0,0,0.117439166
0,0,0.115912706
1,0,0.20925511
0,0,0.4942095
1,0,0.36484835
0,1,0.6299116
0,0,0.23281085
0,0,0.060350552
0,0,0.108204074
0,0,0.19211942
0,0,0.15261719
0,0,0.13291414
1,0,0.34937853
1,1,0.62242174
0,0,0.16581814
1,1,0.63163054
1,0,0.14577952
0,0,0.06376927
0,0,0.05149244
1,0,0.23966394
0,0,0.13034526
1,0,0.3433399
1,0,0.39146483
1,0,0.22821854
0,0,0.16144861
1,0,0.11639637
0,1,0.5294765
0,0,0.04647469
0,0,0.093346775
0,0,0.07801725
0,0,0.1971014
0,0,0.066780135
0,0,0.040733572
0,0,0.15859362
1,1,0.62229043
0,0,0.075649954
0,0,0.10809985
0,0,0.07876649
0,0,0.32376534
1,0,0.3132528
0,0,0.098686874
0,0,0.14535315
0,0,0.15899482
0,0,0.08750676
1,0,0.1384839
0,0,0.18796147
0,0,0.093032956
0,0,0.12474402
0,0,0.074882746
0,1,0.60883284
0,0,0.09081721
0,0,0.13116278
0,0,0.23408008
1,1,0.7386741
1,0,0.15405464
0,0,0.11322769
0,0,0.06513177
0,0,0.0917538
1,0,0.2241779
0,0,0.17132272
1,0,0.23645195
0,0,0.14641413
1,1,0.7213515
1,1,0.69223404
0,0,0.23284702
1,1,0.6348359
0,0,0.31429884
0,0,0.19572255
0,0,0.08314337
0,0,0.05245569
0,0,0.17345776
0,0,0.16999611
0,0,0.14147334
0,0,0.044701107
1,0,0.22649494
0,0,0.12717079
0,1,0.51309806
0,0,0.26575634
0,0,0.17960463
1,1,0.64317566
0,0,0.14643551
1,0,0.19358283
0,0,0.22944695
0,0,0.058041506
0,0,0.10476743
0,0,0.09135237
0,0,0.06945671
1,0,0.3039012
1,0,0.31252632
0,0,0.13557278
0,0,0.12580314
0,0,0.06172816
0,0,0.16236554
0,0,0.11176785
0,0,0.093873926
0,0,0.04971099
0,0,0.06788639
0,0,0.12986952
0,0,0.08803574
0,0,0.31536534
0,0,0.109515
1,0,0.060451306
0,0,0.12367233
0,0,0.10297308
0,0,0.08168389
0,0,0.27656877
0,0,0.22687489
1,0,0.17402278
1,1,0.7462452
0,0,0.037394233
0,0,0.122415565
0,0,0.10245878
1,0,0.2181126
0,0,0.13001962
0,1,0.6056495
0,0,0.24794272
0,0,0.17903627
1,0,0.19139951
1,0,0.1102326
0,0,0.09436835
0,0,0.07511949
0,0,0.04707169
0,0,0.11956702
0,1,0.69113165
0,0,0.20213716
0,0,0.050097283
0,0,0.087546125
0,0,0.1254071
0,1,0.5248211
0,0,0.048537593
0,0,0.15684804
0,0,0.17230278
0,0,0.14683154
0,0,0.066968985
0,0,0.15775727
0,0,0.10220653
0,0,0.16924492
1,0,0.20829488
0,0,0.2987226
0,0,0.24407496
1,0,0.066539966
0,0,0.15086679
0,0,0.13336009
0,0,0.28815186
1,0,0.48970297
0,0,0.33736423
0,0,0.19628635
1,1,0.7381679
0,0,0.07031454
1,0,0.23522064
0,0,0.23466168
1,0,0.1345206
1,0,0.18351676
0,0,0.11920616
0,0,0.08294749
1,1,0.54289
1,1,0.58632535
0,0,0.14251244
0,0,0.1575901
0,0,0.0692767
1,1,0.700937
0,0,0.18714932
1,1,0.6374758
0,0,0.20095177
0,0,0.29883212
0,0,0.06568355
0,0,0.08090531
0,0,0.076510936
0,0,0.05462349
0,0,0.22252177
0,0,0.14703797
1,0,0.46642017
1,0,0.20251904
0,0,0.2361437
0,0,0.0475291
0,0,0.14056498
0,0,0.15115932
0,1,0.64168805
0,0,0.14124086
0,0,0.08858245
0,0,0.24387532
1,0,0.08519536
1,0,0.34397915
0,0,0.14946489
1,1,0.67783964
0,0,0.1685765
0,0,0.11941572
1,0,0.37154192
0,0,0.15618335
0,0,0.10060632
0,0,0.19115852
1,1,0.6558952
1,1,0.70709157
1,0,0.13931724
0,0,0.13661419
0,0,0.2573601
0,0,0.057753418
1,0,0.435356
0,0,0.07284528
0,0,0.04406161
0,0,0.095987245
0,0,0.07913305
0,0,0.09593767
0,0,0.12605223
1,1,0.73122627
0,1,0.58233714
0,0,0.2033076
0,0,0.06986166
0,0,0.12421982
0,0,0.09508447
0,0,0.04694661
0,0,0.06988825
0,0,0.087339945
0,0,0.19415845
0,0,0.13494335
0,0,0.101454325
0,0,0.10008431
1,0,0.49989024
0,0,0.23462233
0,0,0.17934458
0,0,0.09799173
0,0,0.18643424
1,0,0.10895988
0,0,0.31942368
0,0,0.15641627
0,0,0.20508195
0,0,0.21299534
0,0,0.27095854
0,0,0.07151014
0,0,0.07061611
0,1,0.57819295
0,0,0.21799767
0,0,0.07386446
0,0,0.06810081
0,0,0.085142136
0,0,0.13808692
1,1,0.7112743
0,0,0.057576224
0,0,0.15302907
1,0,0.24709965
0,0,0.053149298
0,0,0.17480749
0,0,0.20879583
0,0,0.12595056
0,0,0.124923244
0,0,0.05377005
0,0,0.08765324
0,1,0.67549855
0,0,0.073724724
0,0,0.24164668
0,0,0.07265585
0,0,0.028379887
0,0,0.12966555
0,0,0.21036053
0,0,0.2521588
0,0,0.037044294
0,0,0.038704403
1,0,0.2545565
0,0,0.30081737
1,0,0.31536534
0,0,0.14634283
0,0,0.063827395
0,0,0.12357862
1,0,0.10566981
1,0,0.12773669
0,0,0.09403741
0,0,0.18724851
0,0,0.055663366
0,0,0.1324026
1,0,0.111017495
0,0,0.37252456
0,0,0.24542414
0,0,0.28985882
0,0,0.033441897
1,1,0.7417384
0,0,0.0968037
0,0,0.1363396
0,0,0.09006526
0,1,0.7879083
1,0,0.42766124
0,0,0.18138777
1,0,0.31536534
0,0,0.11190055
0,0,0.09595453
0,0,0.14991574
0,0,0.14427245
0,0,0.14726745
0,0,0.045099787
1,0,0.061945513
0,0,0.110682756
1,0,0.038423736
0,0,0.3132528
0,0,0.16759987
0,0,0.29587024
0,0,0.10896461
0,0,0.05376129
1,0,0.3260151
0,0,0.43458232
1,0,0.053610418
0,0,0.1331934
0,0,0.06763525
1,1,0.6194028
0,0,0.06489897
0,0,0.08898469
0,1,0.6219777
1,1,0.7683006
0,0,0.17615893
0,0,0.08592283
0,0,0.17941175
1,0,0.45298788
0,1,0.6628718
0,0,0.3193196
0,0,0.22189516
0,0,0.111062095
0,0,0.09013379
0,0,0.121259905
0,0,0.14860632
0,0,0.12596872
0,0,0.11924284
0,0,0.08328654
0,0,0.12552752
1,0,0.07630039
0,0,0.19014935
0,0,0.068897896
0,0,0.06380356
0,0,0.25835937
0,0,0.037186056
0,0,0.07493669
0,0,0.25178653
0,0,0.09945217
0,0,0.16646107
0,0,0.10663039
0,0,0.061735515
0,0,0.15261187
0,0,0.27751246
1,0,0.19837692
1,1,0.7267789
1,0,0.2500821
0,0,0.1711657
0,0,0.12678136
0,0,0.104668535
1,0,0.11039941
1,0,0.34962106
0,0,0.11436712
0,0,0.02663101
1,1,0.7409842
0,0,0.07414867
0,0,0.20603864
0,0,0.11144181
0,0,0.10601262
0,0,0.05832112
0,0,0.12896934
0,0,0.066526726
0,0,0.086398765
0,0,0.06573628
0,0,0.083749205
1,0,0.13585536
0,0,0.114943676
0,0,0.12639993
1,0,0.2092356
0,0,0.08667751
1,1,0.65393215
0,0,0.29005873
1,1,0.5193665
0,0,0.11214106
0,0,0.10010618
0,0,0.078685634
0,0,0.05327764
0,0,0.23143464
1,0,0.14078054
1,0,0.34761408
0,0,0.24923891
0,0,0.3229439
1,0,0.26660872
0,0,0.06422184
0,0,0.17936191
0,0,0.20675346
0,0,0.16632105
1,1,0.62592036
0,0,0.07379051
1,1,0.7697898
1,1,0.78344184
0,0,0.068717465
0,1,0.73690647
0,0,0.036761824
1,0,0.054571528
1,0,0.31977466
0,0,0.20507766
0,0,0.12864384
0,0,0.09466652
0,0,0.14671604
1,1,0.656572
0,0,0.104909375
0,0,0.141323
0,0,0.08629817
0,0,0.14732045
0,0,0.15565185
0,0,0.12137767
0,0,0.10228244
0,0,0.05714788
0,0,0.11109898
1,1,0.68633336
0,0,0.08796712
1,0,0.13577513
0,0,0.21554348
0,0,0.09435075
0,0,0.11365037
1,0,0.11794151
0,0,0.17717987
0,0,0.15956862
0,0,0.25812644
0,0,0.046118878
0,0,0.20566025
0,0,0.19245225
0,0,0.29094192
0,0,0.26885882
1,0,0.2651606
1,0,0.161262
0,0,0.109058365
0,0,0.22259194
0,0,0.100416094
1,1,0.64961123
0,0,0.06829747
0,0,0.29183865
1,0,0.32654074
0,1,0.70286214
1,0,0.1583249
0,0,0.16299288
0,0,0.4826857
0,0,0.1031389
0,0,0.24961323
0,0,0.06253633
0,1,0.5237188
1,0,0.32567573
0,0,0.22233336
1,0,0.22099361
1,1,0.70251286
1,0,0.10960221
1,0,0.38516885
1,1,0.74301493
0,1,0.5891451
0,0,0.121161535
0,0,0.03247304
0,0,0.08819076
0,0,0.16839124
1,0,0.08422337
0,0,0.16747554
1,0,0.099191375
0,0,0.08560661
0,0,0.15399852
0,0,0.037829146
0,0,0.14440328
0,0,0.3359339
0,0,0.045178194
0,0,0.3546538
0,0,0.1412054
1,0,0.06324929
0,0,0.15119089
1,1,0.7238375
1,1,0.82147306
1,0,0.21660815
0,0,0.2521588
0,0,0.13755628
0,0,0.44537762
1,0,0.25149032
1,0,0.16827863
0,0,0.03985596
0,0,0.075260155
0,0,0.38385317
1,0,0.4003826
0,0,0.13431466
1,0,0.17864238
0,0,0.06100719
0,0,0.068817966
0,0,0.33907354
0,0,0.10696032
0,0,0.2740104
0,0,0.32673818
0,0,0.122391276
0,0,0.102891386
0,0,0.24470301
0,0,0.0495792
0,0,0.062042672
1,0,0.21904925
0,0,0.24608192
0,0,0.062720254
0,0,0.41197962
1,0,0.1725302
0,0,0.06254585
1,0,0.10975286
0,0,0.06966893
0,0,0.34374493
0,0,0.123745665
0,0,0.1451628
0,0,0.15286022
1,0,0.3433598
0,1,0.7003566
0,0,0.09594177
0,0,0.1577965
1,0,0.41237953
0,0,0.101509675
0,0,0.072668545
0,0,0.045480482
0,0,0.19542082
0,0,0.46827754
0,0,0.16894948
0,0,0.18641672
1,0,0.06808535
0,0,0.06094922
0,0,0.11138687
0,0,0.14238513
0,0,0.066407576
0,0,0.09245078
1,0,0.20996346
1,0,0.23124188
0,0,0.035885043
1,0,0.18431093
0,0,0.08107121
0,0,0.104627475
0,0,0.111576185
0,0,0.16471224
0,0,0.15688163
1,1,0.69697505
0,1,0.53305125
0,0,0.15502448
1,0,0.15382384
0,0,0.0660752
1,0,0.05439064
0,0,0.20762625
0,0,0.088696815
0,0,0.17706685
0,0,0.080209084
0,0,0.07997368
1,0,0.3986808
0,0,0.15593491
0,0,0.20715661
0,0,0.11018696
0,1,0.7156579
0,0,0.1756598
0,0,0.0876264
0,0,0.15707657
0,0,0.18602799
0,0,0.09904958
0,0,0.09045348
0,0,0.4300237
1,0,0.3039012
0,1,0.6278402
1,0,0.43555284
0,0,0.19754344
1,1,0.7777882
1,0,0.39593026
0,0,0.126964
0,0,0.06054732
0,0,0.039755266
0,1,0.56626093
0,0,0.1572991
0,0,0.20194224
1,1,0.60770863
0,0,0.047583915
0,0,0.091271326
0,0,0.09134816
0,0,0.17180078
0,0,0.10937471
0,0,0.07961414
0,1,0.6446945
0,0,0.17128865
0,0,0.09930344
0,0,0.10102958
0,0,0.19631891
0,0,0.28497365
1,0,0.26747516
0,0,0.100001544
0,0,0.40548965
0,0,0.15113115
1,1,0.6761
0,1,0.519153
0,0,0.26538563
0,0,0.0629752
0,0,0.11479818
0,0,0.048897516
0,0,0.113869384
0,0,0.18723215
1,0,0.07192726
0,0,0.15317693
0,0,0.24164668
0,0,0.18732573
0,0,0.05726692
0,1,0.5022163
0,0,0.310499
0,0,0.14924029
1,0,0.25717783
0,0,0.09873081
0,0,0.12712613
0,1,0.72077507
0,1,0.65656984
0,0,0.05644862
0,0,0.21110588
0,0,0.06393631
0,0,0.101008385
0,0,0.098356314
0,0,0.056588165
0,0,0.0361656
0,0,0.14456944
0,0,0.059904274
0,0,0.093088716
0,0,0.10302289
0,0,0.14230852
0,0,0.2907823
0,0,0.1257079
0,0,0.1938308
0,0,0.23011473
0,0,0.23719259
0,0,0.2700765
0,0,0.14529783
0,0,0.11018884
0,0,0.22733916
0,0,0.08896127
0,0,0.17777792
0,0,0.07829948
0,0,0.1374874
0,0,0.3131718
0,0,0.23049553
0,1,0.5365325
0,0,0.060779363
1,0,0.1882501
0,0,0.08206166
1,0,0.21713825
1,1,0.7346739
0,0,0.10165958
0,0,0.10249829
0,0,0.21190678
0,0,0.26390782
0,0,0.13450845
1,0,0.41483757
0,0,0.16805802
0,0,0.05959632
0,0,0.049002603
0,0,0.23550482
0,0,0.109452516
0,0,0.26854223
0,0,0.31072584
0,0,0.20240514
0,0,0.13145684
0,0,0.1101899
0,0,0.07522036
0,0,0.09364663
0,1,0.60949713
0,0,0.20021014
0,0,0.16623278
0,0,0.4191321
0,0,0.1619351
0,0,0.07546668
0,0,0.22627626
0,0,0.2212572
0,0,0.09723791
0,0,0.12571494
0,0,0.18383364
1,0,0.30900547
1,0,0.12374158
0,0,0.03992178
0,0,0.05109117
0,0,0.13686773
0,0,0.39187133
0,0,0.13600862
0,0,0.06773458
0,0,0.21005423
1,0,0.37371996
0,0,0.11070432
0,0,0.057671864
0,0,0.13954554
0,0,0.13255878
0,0,0.057940833
1,0,0.09327298
0,0,0.22374743
1,0,0.06853929
0,0,0.11908461
0,0,0.098402716
0,0,0.148332
0,0,0.099051386
1,1,0.6226007
0,0,0.073210955
0,0,0.028928664
1,0,0.31536534
1,0,0.23521684
1,0,0.10576196
0,0,0.09908831
0,0,0.09581396
0,0,0.1251366
1,0,0.40632692
0,0,0.059638727
1,0,0.20938577
1,0,0.23746859
0,0,0.19044857
0,0,0.1650378
0,0,0.06154003
0,0,0.22697474
0,0,0.2584808
0,1,0.64239144
0,0,0.07025444
0,0,0.14945698
1,0,0.12395837
1,0,0.087768584
0,0,0.18894061
0,0,0.21957259
1,0,0.074218854
0,0,0.12408699
0,0,0.059239414
1,1,0.72090095
0,0,0.1977948
0,0,0.11365904
0,0,0.20370442
0,0,0.32673818
0,0,0.06288766
0,1,0.72685903
0,0,0.31804064
1,0,0.13309522
0,0,0.15952982
0,0,0.15565245
0,0,0.11521446
1,0,0.31021154
0,0,0.10295278
0,0,0.09260072
1,0,0.29266497
0,0,0.28987673
0,0,0.10736431
1,0,0.25864774
1,1,0.64788896
0,0,0.10043197
0,0,0.17219199
1,0,0.2511448
0,1,0.72894317
0,0,0.21822022
0,0,0.10965167
0,0,0.06428996
0,0,0.1028164
1,0,0.39154744
0,0,0.14471687
1,1,0.7746389
1,1,0.7976568
0,0,0.10443899
0,0,0.16526781
1,1,0.5939183
0,0,0.28382817
0,0,0.1731159
1,1,0.70810837
0,0,0.09921954
1,0,0.1696242
0,0,0.09424423
0,0,0.27838457
1,0,0.3538296
1,0,0.13143358
0,0,0.29195848
0,0,0.0925085
0,0,0.085685514
0,0,0.18478301
0,1,0.8189149
0,0,0.075375326
0,0,0.12067534
0,0,0.07982189
1,1,0.68045825
0,0,0.07836287
0,0,0.37697414
0,0,0.14065394
0,0,0.35176453
0,0,0.08506493
0,0,0.101009466
0,0,0.12461439
0,0,0.17956343
0,0,0.18551311
0,0,0.13170242
0,0,0.08605463
0,0,0.39482492
0,0,0.11085625
1,1,0.5705007
1,0,0.2488185
0,0,0.06415178
0,0,0.13366547
0,0,0.18125404
0,0,0.1298736
0,0,0.096313715
0,0,0.118645996
0,0,0.06583501
0,0,0.29876637
0,0,0.07793599
0,0,0.27820963
0,0,0.2553431
1,1,0.73683405
1,0,0.2760132
1,0,0.15162233
0,0,0.119807355
1,0,0.11680393
0,0,0.16936675
1,1,0.6861198
0,0,0.08179407
0,0,0.19493131
0,0,0.26199025
0,0,0.06984426
0,0,0.15508904
0,1,0.5376868
0,0,0.035002593
0,0,0.21018268
0,0,0.04922607
0,0,0.15476158
1,1,0.75034016
1,0,0.18024646
1,0,0.08574127
0,0,0.13837956
0,0,0.35489303
0,0,0.065353245
0,0,0.22939931
0,0,0.19128373
0,0,0.13162433
0,0,0.08707761
0,1,0.7268914
0,0,0.1454553
0,0,0.085987784
0,1,0.5911988
0,0,0.082886085
0,0,0.24343768
0,0,0.08072227
0,0,0.40672716
0,0,0.19702156
0,0,0.1490118
0,0,0.078336276
0,0,0.23939703
0,0,0.08751308
0,0,0.095812015
1,0,0.08458651
0,0,0.10174586
0,0,0.04832619
0,0,0.047002614
0,0,0.05221254
0,0,0.07949216
0,0,0.08158308
0,0,0.1283182
0,0,0.11252643
0,0,0.106255636
0,0,0.25650164
0,0,0.067746535
0,0,0.42364162
0,1,0.57140434
1,1,0.6328428
0,0,0.07535073
1,1,0.6399137
0,0,0.06294713
0,0,0.31935018
0,0,0.114337154
0,0,0.078968585
1,0,0.15184247
0,0,0.13971949
0,0,0.07974057
1,1,0.71735287
0,0,0.0802966
0,0,0.07246758
0,0,0.11629144
0,0,0.12439615
0,0,0.06440162
0,0,0.10471312
1,0,0.123768896
0,0,0.102726005
0,0,0.28891987
0,0,0.27513093
1,1,0.64673406
0,0,0.09562076
0,0,0.38167816
0,0,0.2680733
0,0,0.05954797
0,0,0.083226375
0,0,0.07094091
0,0,0.34341824
0,0,0.1521015
1,0,0.15282474
1,0,0.22792403
0,0,0.17731431
0,1,0.6734402
1,0,0.35618886
0,0,0.3363073
0,0,0.3555226
0,0,0.22024843
1,0,0.4346297
0,0,0.38321927
0,0,0.07021998
1,1,0.6960042
0,0,0.41386834
0,0,0.10849319
0,0,0.102507144
0,0,0.097059794
0,0,0.099283546
0,0,0.09755383
1,0,0.3036387
0,0,0.17001379
1,0,0.06328364
0,0,0.15081824
0,0,0.0834785
1,0,0.16856363
0,0,0.05223238
1,1,0.75558
0,0,0.08791474
0,0,0.07119394
0,0,0.115835644
0,0,0.13017559
0,0,0.05406789
0,0,0.07680354
0,0,0.057938203
0,0,0.12546875
0,0,0.08743765
0,0,0.14038771
0,0,0.13912547
1,0,0.100084096
0,0,0.1280759
0,0,0.08704755
1,1,0.5981641
0,0,0.22728622
0,0,0.3249603
1,0,0.19289175
0,1,0.57834786
1,1,0.75397784
1,0,0.17175834
0,0,0.09832803
0,0,0.15100513
0,0,0.1453184
1,0,0.38069645
0,0,0.28836063
0,0,0.069362156
0,0,0.0873955
1,0,0.3617499
0,0,0.46855575
0,0,0.10228388
0,0,0.24184261
0,0,0.055259123
0,0,0.122592494
1,0,0.1457351
0,0,0.16905512
0,0,0.15211932
0,0,0.22615622
0,0,0.10151551
1,1,0.77887475
0,0,0.24889158
0,0,0.041144084
0,0,0.15337929
0,0,0.09160665
0,0,0.082713544
1,1,0.5882927
1,0,0.12871873
1,1,0.6226245
0,0,0.1472449
0,0,0.08541129
0,0,0.030606078
0,0,0.09821793
0,0,0.067607746
0,0,0.3782167
0,0,0.2802408
0,0,0.108137876
0,0,0.1152219
1,0,0.18851352
1,1,0.7264919
1,1,0.6286618
0,1,0.74098825
1,0,0.20854041
1,0,0.101514414
0,0,0.19101441
0,0,0.03616973
0,0,0.10200036
1,0,0.059368692
0,0,0.059900187
0,0,0.13633189
0,0,0.10587089
0,0,0.07257392
0,0,0.06452411
1,0,0.11194203
0,0,0.048709977
0,0,0.26136604
0,0,0.34048212
0,0,0.054925222
0,0,0.18893021
1,0,0.1650374
0,0,0.1124377
0,0,0.24458049
0,0,0.14967093
0,0,0.1676671
0,1,0.61996245
0,0,0.027300172
0,0,0.20860977
0,1,0.6143428
0,0,0.3271136
0,0,0.12895669
0,0,0.23995134
0,0,0.08796944
1,1,0.58644634
0,0,0.13051243
0,0,0.14211977
0,0,0.07261071
0,0,0.059842188
0,0,0.21002854
1,1,0.66582626
0,0,0.09236218
0,0,0.0554433
0,0,0.106559895
1,1,0.53574663
0,0,0.11622429
0,0,0.40754882
1,1,0.6828482
0,0,0.18357757
1,0,0.06233969
0,0,0.10092556
0,0,0.110365026
0,1,0.6927833
0,0,0.21299095
0,0,0.4063519
0,0,0.099423625
0,0,0.12513927
0,0,0.1414582
1,0,0.08603511
0,0,0.05117248
0,0,0.17176211
0,0,0.10854697
1,0,0.070685774
1,1,0.64936584
0,0,0.25007644
0,0,0.12891531
0,0,0.15356116
0,0,0.41813317
1,0,0.41762185
0,0,0.118983485
0,0,0.086218774
0,0,0.19436122
0,0,0.0814038
1,1,0.6426882
0,0,0.12641448
1,0,0.17897813
0,0,0.098369844
0,0,0.04259385
0,0,0.22776103
0,0,0.10629309
0,0,0.09963305
0,0,0.24519616
0,0,0.07798921
0,0,0.068161905
1,1,0.73753
0,0,0.08035858
0,0,0.2217721
0,0,0.22675245
1,0,0.2046849
0,0,0.14161377
0,0,0.15276332
0,0,0.15699092
0,0,0.08311853
0,0,0.33334228
0,0,0.06535963
1,0,0.15246958
0,0,0.19056268
0,0,0.16860583
0,0,0.21047162
1,0,0.13280226
0,0,0.25626737
0,0,0.09403514
0,0,0.12576881
0,0,0.042367082
0,0,0.23584287
0,0,0.110215336
0,0,0.06912918
0,0,0.099706
0,0,0.1652111
0,0,0.085292295
1,1,0.5347133
1,1,0.631237
1,1,0.67419434
0,0,0.14026158
0,0,0.11207673
0,0,0.101133786
0,0,0.13940004
0,0,0.09686067
1,0,0.04672432
0,1,0.62681454
0,0,0.14199902
0,0,0.103143096
0,0,0.10634687
0,0,0.076846756
0,0,0.07075805
0,0,0.19912395
0,0,0.13097891
0,0,0.43450302
1,0,0.41633287
0,0,0.07177516
0,0,0.38739535
0,0,0.060014516
0,0,0.10693377
1,1,0.60843897
0,0,0.07988219
1,1,0.74583673
0,0,0.07549217
1,0,0.44635946
0,0,0.13960597
0,0,0.040412165
1,1,0.6563335
1,0,0.10398939
0,0,0.09153019
0,0,0.10894535
0,0,0.19706464
0,0,0.10285173
0,0,0.08496193
1,0,0.1063893
0,0,0.18651922
0,0,0.09846839
1,0,0.18710017
0,0,0.11923788
1,0,0.40634307
0,0,0.38563645
1,0,0.14381656
0,0,0.19857459
0,1,0.697712
1,1,0.64310735
1,1,0.740389
0,0,0.14722548
1,0,0.47597715
0,0,0.15037929
0,0,0.11306547
0,0,0.090108514
0,0,0.11604278
0,0,0.15794694
0,0,0.25665042
0,0,0.05988322
1,0,0.08659007
1,0,0.112314425
0,0,0.089959666
0,0,0.19524716
1,1,0.6803233
0,0,0.05955543
1,1,0.59356713
0,0,0.070894636
0,0,0.049690813
0,0,0.1977045
0,0,0.1642177
0,0,0.14697492
0,0,0.15041588
0,0,0.09022086
1,0,0.4365509
0,0,0.13774282
0,0,0.18753393
0,0,0.088386446
0,0,0.05148415
0,0,0.1178156
0,0,0.11774897
0,0,0.39147997
0,0,0.06324539
0,0,0.1079822
0,0,0.15992115
0,0,0.122241974
0,0,0.08165796
0,0,0.17739792
1,1,0.6721719
0,0,0.08086319
0,1,0.6721719
0,0,0.17437224
0,0,0.08004466
1,0,0.0643559
0,0,0.14022927
0,0,0.1773803
0,0,0.15130267
0,0,0.1521294
0,0,0.059342135
0,0,0.079256274
0,0,0.15781432
0,0,0.0537948
1,0,0.3039012
0,0,0.050645377
0,0,0.102141894
0,1,0.6311224
0,0,0.30181703
0,0,0.12056902
1,0,0.36716676
1,0,0.18213028
0,0,0.23105605
1,0,0.27372977
0,0,0.08659116
0,0,0.29876637
1,0,0.31909302
0,0,0.14844453
0,0,0.23522064
0,0,0.07154111
0,0,0.14453365
0,0,0.24665593
0,1,0.6353615
0,0,0.091516785
0,0,0.1182012
1,0,0.26407304
0,0,0.07884453
0,0,0.31646293
0,1,0.6160807
0,0,0.0750579
0,0,0.30408213
0,0,0.273839
0,0,0.0900552
0,0,0.04608667
0,0,0.07459001
0,0,0.079916246
0,0,0.06188818
0,0,0.05031434
0,0,0.19727008
0,0,0.13530523
0,0,0.09857886
1,1,0.7192804
0,0,0.25064552
0,0,0.07687626
0,0,0.12996538
0,0,0.2302721
0,0,0.09901352
0,0,0.121513166
0,0,0.3823483
1,0,0.15609184
1,0,0.19650419
0,0,0.2642009
0,0,0.2375912
1,1,0.6206809
1,0,0.08363192
1,1,0.6518238
0,0,0.39322317
1,0,0.19037278
0,0,0.14352797
0,0,0.09086368
0,0,0.44179195
0,0,0.11788335
0,0,0.19879642
1,0,0.21410067
0,0,0.05861148
0,0,0.0628449
0,0,0.16443072
0,0,0.26848775
1,0,0.29155806
0,0,0.20587687
0,0,0.12227854
0,0,0.16207877
0,0,0.19978404
0,0,0.15965874
0,0,0.105715044
1,0,0.13226369
1,0,0.2379794
0,0,0.25737125
1,1,0.5223364
1,1,0.70170957
1,0,0.16530149
0,0,0.054470666
0,0,0.4954737
0,0,0.09108038
0,1,0.6657228
1,0,0.28464907
1,0,0.12580004
0,0,0.2291034
0,0,0.11702273
0,0,0.037822057
0,0,0.08730818
0,0,0.15018383
0,1,0.6729445
0,0,0.19245501
0,0,0.08299338
0,0,0.44793376
1,0,0.07891372
0,0,0.21934783
0,0,0.07022359
1,0,0.23997246
0,0,0.08915446
1,1,0.7402303
0,0,0.07185835
0,0,0.099423625
0,0,0.17496158
0,0,0.13000683
0,0,0.3586067
0,0,0.18146586
0,0,0.14630958
0,0,0.3074807
1,0,0.43761373
0,0,0.05613773
1,0,0.12427906
1,0,0.20720004
0,0,0.13092473
1,0,0.0872311
1,0,0.3112728
0,0,0.16000152
0,0,0.13660906
0,0,0.08725406
0,0,0.15059647
0,0,0.10979962
1,0,0.21476062
0,0,0.07839832
1,0,0.054341692
0,0,0.109950334
0,0,0.14000252
0,0,0.06363866
1,0,0.31536534
0,0,0.10314669
0,0,0.17019811
0,0,0.10280466
0,0,0.1502302
1,0,0.40539634
0,0,0.047685556
0,0,0.12111538
1,1,0.63475573
0,0,0.1347939
0,0,0.029288985
0,0,0.051855594
0,0,0.23255217
0,0,0.07015214
0,0,0.14026737
0,0,0.096017875
0,0,0.17798707
0,0,0.07290608
0,0,0.09310046
1,1,0.749885
1,1,0.6709821
0,0,0.06873711
0,0,0.17855372
0,0,0.044447076
1,1,0.6837513
1,0,0.23958558
0,0,0.11033108
0,0,0.19854932
0,0,0.09450816
1,0,0.3097621
0,0,0.25623578
0,0,0.0779806
0,0,0.317705
0,0,0.15947112
0,0,0.13182864
1,1,0.6426225
0,0,0.3255893
0,0,0.16740707
1,0,0.18091829
0,0,0.14898531
1,0,0.29973483
1,1,0.60674846
0,0,0.22330876
0,0,0.10154069
0,0,0.13722222
0,0,0.08215201
0,0,0.13014078
1,0,0.07419864
0,0,0.16854994
0,0,0.10416206
0,0,0.22891138
1,1,0.60801506
0,0,0.099406846
0,0,0.089214936
1,1,0.7136871
0,0,0.22747287
0,0,0.06849252
0,0,0.08200414
0,0,0.11280472
1,0,0.31246105
0,0,0.2572906
0,0,0.35251698
0,0,0.10766142
0,0,0.12222382
0,0,0.05504151
0,0,0.14909352
0,0,0.044718664
0,0,0.12675206
0,0,0.13006732
1,0,0.29726228
1,0,0.104924954
0,0,0.09738462
0,0,0.17097929
0,0,0.22853464
0,0,0.0375853
0,0,0.21417719
1,1,0.6241515
0,0,0.10782465
0,0,0.04840175
0,0,0.09282893
0,0,0.31536534
0,0,0.16075681
0,0,0.05104443
0,0,0.100855485
0,0,0.08860232
0,0,0.04551112
0,0,0.09361327
1,1,0.5558554
0,0,0.07802138
0,0,0.068913296
0,0,0.08991846
0,0,0.087467365
0,0,0.3375179
0,0,0.10776458
0,0,0.13908142
1,1,0.5103085
0,0,0.14381947
0,0,0.1826793
0,0,0.034131058
1,0,0.05624675
1,0,0.32924768
0,0,0.24388245
0,0,0.09459691
0,0,0.13436651
0,0,0.05585263
1,1,0.80339795
0,0,0.23487228
0,0,0.15891382
1,0,0.2351182
0,0,0.12872894
0,1,0.61979336
0,0,0.06126397
0,0,0.16008563
1,0,0.099423625
0,0,0.16935943
0,0,0.09063842
0,0,0.07451306
0,0,0.25386867
0,0,0.06351812
0,0,0.086954564
0,0,0.32658595
0,0,0.108101755
0,0,0.16040424
0,0,0.16504614
0,0,0.10043059
0,0,0.07174048
0,1,0.64447594
0,0,0.34824806
0,0,0.08629825
0,0,0.14549392
0,0,0.18069844
0,0,0.12039464
0,0,0.13123551
0,0,0.10548047
0,0,0.14289661
1,1,0.61658645
0,0,0.053953025
1,1,0.6434005
0,0,0.055850178
0,0,0.039506525
0,0,0.050375927
0,0,0.11778902
0,0,0.14707252
0,0,0.06784796
0,0,0.19584064
0,0,0.29051068
0,0,0.069699064
0,0,0.43092108
0,0,0.09006585
1,0,0.2118364
1,0,0.10160115
0,0,0.048118442
0,0,0.19260623
0,0,0.18851398
0,0,0.051151704
0,0,0.42549974
0,0,0.13924608
0,0,0.033492003
0,0,0.12939599
0,0,0.0667655
0,0,0.3039012
1,0,0.10625911
0,0,0.13246867
1,1,0.6583209
0,0,0.42274573
0,0,0.08793308
1,0,0.31536534
0,0,0.16706292
0,0,0.09090018
0,0,0.09559394
0,0,0.1169884
0,0,0.1814847
0,0,0.15863015
0,0,0.08114763
0,0,0.11532092
0,0,0.0351977
0,0,0.10207929
0,1,0.7407083
0,0,0.11456977
0,0,0.14260666
1,0,0.14806165
0,0,0.18415467
1,0,0.3270502
0,0,0.097661264
0,0,0.21933754
0,0,0.23169583
0,0,0.10846118
1,0,0.20161429
0,0,0.107451215
0,0,0.16719691
0,0,0.13018078
0,0,0.13176988
0,0,0.46990827
1,0,0.1535305
0,0,0.03539858
0,0,0.07751467
0,0,0.22851701
1,0,0.09031267
0,0,0.093720905
1,1,0.6634549
0,0,0.06856467
0,0,0.10420489
0,0,0.09639295
0,0,0.045644835
1,0,0.47069374
1,0,0.17692472
1,1,0.7913753
0,0,0.22610734
0,0,0.0839437
0,0,0.108161815
1,0,0.24866378
1,0,0.36166012
1,0,0.33229417
0,0,0.06453385
0,0,0.099475354
0,0,0.16294259
1,0,0.20785807
0,0,0.09529206
0,0,0.035182014
0,0,0.13155493
0,0,0.12599617
0,0,0.038878072
0,0,0.15535688
0,0,0.1325493
0,0,0.19398281
0,0,0.06387421
1,0,0.19852813
0,0,0.06998283
1,0,0.28860006
0,0,0.04365553
0,0,0.17531277
0,0,0.10202729
1,0,0.37856534
0,0,0.21597306
1,1,0.5194217
1,0,0.08233191
0,0,0.035319928
0,0,0.10043053
0,0,0.07438458
0,0,0.09296193
0,0,0.1524744
1,0,0.08187296
1,0,0.4056757
0,0,0.24650264
1,0,0.38471884
0,0,0.3036495
0,0,0.10952446
0,0,0.16998555
1,0,0.15082003
0,0,0.092079446
0,0,0.31748387
0,1,0.6953211
0,0,0.18570763
0,0,0.04877744
0,0,0.4251072
0,0,0.09739931
1,1,0.70104223
0,0,0.32862893
0,0,0.19654772
0,0,0.1764032
0,0,0.410023
1,0,0.074282244
0,0,0.05043962
1,1,0.8018319
0,0,0.095884606
0,0,0.12554629
1,1,0.51752466
1,1,0.6181728
0,0,0.1256291
0,0,0.07873193
0,0,0.16599052
0,0,0.05692874
1,1,0.6360445
0,0,0.049155597
0,0,0.08165067
0,0,0.16288519
0,0,0.08107588
0,1,0.72452307
0,0,0.37252456
0,0,0.0673127
0,0,0.15441453
0,0,0.19558276
0,0,0.1257498
0,0,0.099665835
0,0,0.07347392
0,0,0.13245244
0,0,0.05551585
0,0,0.04150023
0,0,0.13990194
0,0,0.35055268
0,0,0.12707978
0,0,0.094695196
0,0,0.13099824
1,0,0.2313821
0,0,0.14889915
0,0,0.13120292
0,0,0.092830434
0,0,0.15175828
0,0,0.16118503
1,0,0.35049316
0,0,0.15548074
0,0,0.069964506
1,0,0.2451358
0,0,0.12451743
0,0,0.1390078
1,0,0.15593275
0,0,0.09466853
1,0,0.25676283
1,0,0.43265182
0,0,0.25369078
0,0,0.13868117
0,0,0.04949804
0,0,0.093381956
0,0,0.23972969
0,0,0.08069172
1,0,0.16894025
0,0,0.26489106
0,0,0.25771722
1,0,0.08263914
0,0,0.065954514
1,0,0.23551336
0,0,0.069647774
0,0,0.0862172
0,0,0.111741506
0,0,0.18071079
0,0,0.07656759
1,1,0.58578783
0,0,0.12814628
0,0,0.083377846
1,1,0.7797177
0,1,0.5829793
0,0,0.089451455
1,0,0.33334228
1,0,0.14936642
0,0,0.1341823
0,0,0.10299651
1,1,0.6380931
0,0,0.12994063
0,0,0.063945696
0,0,0.13320556
1,1,0.7707611
0,0,0.064837314
0,0,0.09683593
0,0,0.21780103
1,0,0.4046786
1,0,0.18995094
0,0,0.14077419
0,0,0.10250541
0,0,0.06430245
1,0,0.07292355
1,0,0.11083005
0,0,0.101703286
0,0,0.070199154
0,1,0.57442534
1,1,0.7462588
0,0,0.22711425
1,1,0.63139385
0,0,0.104502685
0,0,0.066152155
0,0,0.18973039
0,0,0.1094549
0,0,0.07522621
1,0,0.43271056
0,0,0.08924883
0,0,0.3131718
0,0,0.06554231
0,0,0.07993085
1,1,0.67223495
0,0,0.39952126
0,0,0.10529157
0,0,0.09448502
0,0,0.06093911
0,0,0.1303625
0,0,0.028366098
0,0,0.29051068
0,0,0.13560744
0,0,0.09919981
0,0,0.07965804
1,1,0.71592367
1,0,0.062434036
1,1,0.5938991
0,0,0.112502456
0,0,0.19093072
0,0,0.3074807
0,1,0.66897887
0,0,0.25133112
0,0,0.12834264
1,1,0.78655136
0,0,0.1127081
1,1,0.6221912
1,1,0.6559046
0,0,0.067249656
0,0,0.07593774
0,0,0.109294005
1,0,0.32796112
1,1,0.64421684
0,0,0.2413151
0,0,0.09729443
1,1,0.89801437
0,0,0.19367956
0,0,0.14366044
0,0,0.22141218
0,0,0.12577921
1,0,0.26466012
1,1,0.6859025
0,0,0.12513214
0,0,0.23272748
0,0,0.12515539
0,0,0.27449685
0,0,0.12724844
0,0,0.26834515
0,0,0.17442061
0,0,0.18020917
0,0,0.12482364
0,0,0.2707151
0,0,0.15054993
0,0,0.19484885
0,0,0.082240626
1,1,0.616165
0,0,0.08400775
0,0,0.08203385
0,0,0.19076711
1,0,0.3368806
0,0,0.1272922
1,1,0.72741944
0,0,0.23458381
0,0,0.090741806
0,0,0.14180563
1,1,0.76128024
1,1,0.63589555
0,0,0.10430159
1,0,0.27791226
1,0,0.19783045
0,0,0.16431604
0,0,0.103338614
0,0,0.06942103
0,0,0.19609493
0,0,0.09964225
0,0,0.23572448
0,0,0.13713963
0,0,0.117260866
0,0,0.100717865
0,0,0.33434534
0,0,0.13411088
0,0,0.42995262
0,0,0.16628222
0,0,0.13719146
0,0,0.1793301
0,0,0.17645304
0,0,0.14297828
0,0,0.062070806
0,0,0.08988446
1,1,0.7046051
1,0,0.13951671
1,0,0.19510694
0,0,0.13517737
1,0,0.21969023
0,0,0.062916234
0,0,0.22022109
1,0,0.108364545
0,0,0.24717258
1,0,0.33860984
0,0,0.097166725
0,0,0.3061271
0,0,0.1076972
0,0,0.08500294
0,0,0.10257792
1,0,0.26021865
0,0,0.06459018
1,0,0.11460148
0,0,0.098615885
0,0,0.09518554
0,0,0.38752457
0,0,0.19660994
0,0,0.06602422
0,0,0.040481947
1,0,0.18084499
1,1,0.61615396
0,0,0.10745285
0,0,0.058316834
1,1,0.6584628
1,0,0.19055496
1,1,0.64084977
0,0,0.1495488
0,0,0.11230083
0,0,0.18694353
0,0,0.19465637
0,0,0.37752247
0,1,0.61589104
0,0,0.14055489
1,1,0.6869365
0,1,0.5728572
0,0,0.05592863
0,0,0.21725936
0,0,0.13185601
1,0,0.10037163
0,0,0.27251858
0,0,0.107732005
0,0,0.3257348
0,0,0.12269879
0,0,0.09755795
0,0,0.046748187
0,0,0.29381272
1,0,0.38043436
1,1,0.589711
0,0,0.12909286
0,0,0.03947817
0,0,0.11386016
0,0,0.09729166
1,0,0.23140769
0,0,0.12610647
1,0,0.35361037
0,0,0.066278934
1,0,0.12573667
1,0,0.16934554
1,1,0.7465555
0,0,0.30017903
0,0,0.10034953
1,0,0.15184143
0,0,0.036198366
0,0,0.06285746
0,0,0.0894412
0,0,0.070682764
0,0,0.18535241
1,1,0.59438294
0,0,0.102747045
0,0,0.25595638
0,0,0.12791806
0,0,0.3753033
0,0,0.095605075
0,0,0.15120487
0,0,0.10008431
0,1,0.52462286
0,0,0.09999125
1,0,0.107691206
0,0,0.12941942
0,0,0.12819497
1,0,0.23617186
0,0,0.3918947
0,0,0.060731784
0,0,0.0581782
0,0,0.088722646
1,0,0.07502388
0,0,0.101887055
0,0,0.098138876
0,0,0.110971555
0,0,0.18769762
0,0,0.07364271
0,0,0.048768643
0,0,0.08680777
0,0,0.10627314
0,0,0.07273288
0,0,0.13267612
0,0,0.096099734
0,0,0.06317394
0,0,0.13236773
0,0,0.09080003
0,0,0.30492315
0,0,0.054177895
1,0,0.20732732
0,0,0.10803904
0,0,0.23037302
0,0,0.12590553
0,0,0.1261064
0,0,0.26136604
1,0,0.10058175
1,0,0.12142885
0,0,0.23524882
0,0,0.1265504
0,0,0.056661513
0,0,0.10341634
1,0,0.18674013
0,0,0.27318707
0,0,0.12701768
0,0,0.098865926
0,0,0.09136162
1,0,0.23881783
0,0,0.09435021
1,0,0.16520728
0,0,0.04365838
0,0,0.19017278
0,0,0.09123471
0,0,0.074273735
1,0,0.46335262
0,0,0.095781624
1,1,0.62479025
0,0,0.13460936
0,0,0.12283438
0,0,0.096584715
0,0,0.057026356
0,0,0.16623278
1,0,0.3061271
0,0,0.13092473
0,0,0.077506155
0,0,0.4388224
1,0,0.24849704
0,0,0.099525794
0,0,0.13766694
0,0,0.3916392
0,0,0.37454188
0,0,0.08394447
0,0,0.06871908
0,0,0.11435037
0,0,0.08272042
1,1,0.641059
0,1,0.50553524
0,0,0.1017434
0,0,0.14422704
0,0,0.13756658
1,1,0.7290776
0,0,0.2818256
0,0,0.06604984
0,0,0.09157689
0,0,0.15598111
0,0,0.07933177
0,0,0.09563324
1,1,0.64912283
1,0,0.17459874
0,0,0.08078418
0,0,0.10238818
1,0,0.33435756
0,0,0.105897196
0,0,0.100122094
0,0,0.09658764
0,0,0.12321627
1,0,0.29111707
0,0,0.07124124
1,0,0.3039012
1,1,0.6477644
0,0,0.13948385
0,0,0.028752757
0,0,0.06675546
0,0,0.19203229
0,0,0.11439903
0,0,0.15078624
0,0,0.06674151
0,0,0.09144335
0,0,0.061853416
0,0,0.2148304
0,0,0.14309089
0,0,0.1594073
1,0,0.31295845
0,0,0.16745126
0,0,0.3959758
0,0,0.27158007
0,0,0.08057845
0,0,0.11385105
0,0,0.099423625
0,0,0.21946806
0,0,0.39552525
1,1,0.8155827
0,0,0.13709395
0,0,0.16304988
0,0,0.43699273
0,0,0.12667228
0,0,0.13932706
0,0,0.11962583
0,0,0.08699247
0,0,0.17387195
0,0,0.105322
0,0,0.097565226
0,0,0.20760588
1,0,0.10173156
1,1,0.6872687
1,0,0.31133226
0,0,0.13864385
1,0,0.11884685
1,0,0.24530199
0,0,0.15108523
0,0,0.1680549
1,0,0.34296715
1,0,0.4675922
0,0,0.07449525
0,0,0.12035505
0,0,0.07953894
0,0,0.16696498
0,0,0.06811286
0,0,0.09589648
0,0,0.053952284
0,0,0.2785762
0,0,0.11554811
0,0,0.17393132
0,0,0.19906048
0,0,0.13878524
0,0,0.16434619
1,1,0.6903961
0,1,0.5414955
0,0,0.09691162
0,0,0.09352231
0,0,0.19994283
1,1,0.52191085
1,0,0.06764381
0,0,0.23255973
0,1,0.56238663
1,1,0.7647784
0,0,0.11115038
0,0,0.2844584
0,0,0.066937156
1,0,0.12282109
0,0,0.1071831
0,0,0.10308344
0,0,0.16553938
0,0,0.09962665
0,0,0.04877559
0,0,0.28356892
0,0,0.11813045
1,0,0.14817984
0,0,0.21362388
0,0,0.09337172
0,0,0.12453116
0,0,0.056187183
1,0,0.45558426
0,0,0.29779196
1,0,0.16255516
0,0,0.24401945
0,0,0.06267479
0,0,0.17239256
0,0,0.108191736
0,0,0.23298399
1,0,0.17262037
0,0,0.097088225
0,1,0.66600484
0,0,0.46311378
1,1,0.7331488
0,0,0.23615627
0,0,0.06086214
0,0,0.0698855
0,0,0.16379604
0,0,0.116845675
0,0,0.34901834
0,0,0.08498497
0,0,0.15308304
1,0,0.35179463
0,0,0.0949351
0,0,0.13030899
0,0,0.05966758
0,0,0.044387802
1,0,0.29323572
0,0,0.089625135
0,0,0.20280993
0,0,0.1851978
0,0,0.108573414
0,0,0.08180148
0,0,0.17199199
0,0,0.1191346
1,1,0.7310106
0,0,0.18622565
1,0,0.23664115
0,0,0.13091831
0,0,0.043742962
0,0,0.110351354
0,0,0.08512469
0,0,0.13109729
0,0,0.120725326
1,1,0.505324
1,0,0.16283652
0,0,0.16828208
0,0,0.07211153
1,0,0.136904
0,0,0.14706168
1,0,0.08691316
1,0,0.3602839
1,0,0.23149268
1,0,0.11800137
0,0,0.13984841
0,0,0.24264897
0,0,0.3045742
1,0,0.22145568
0,0,0.19230342
0,0,0.185294
0,0,0.10262512
0,0,0.031841937
1,0,0.4144932
0,0,0.11916197
0,0,0.2511448
0,0,0.06649497
1,0,0.27656877
0,0,0.20797293
1,0,0.12511821
0,0,0.19549906
1,0,0.21795823
0,0,0.0638835
0,0,0.06147535
0,0,0.09940659
0,0,0.17622076
0,0,0.31122413
0,0,0.07438458
0,0,0.11777529
0,0,0.12330218
0,0,0.17626737
0,0,0.11009011
0,0,0.09178904
0,0,0.20095867
0,0,0.08486372
0,0,0.12761064
0,0,0.06306838
0,0,0.25650245
0,0,0.30641913
0,0,0.10434919
0,0,0.07328434
0,0,0.16224973
1,1,0.746479
1,0,0.3270037
0,0,0.12940353
0,0,0.054449033
0,0,0.16484404
0,1,0.59229374
0,0,0.20770115
0,0,0.14902385
0,0,0.39527917
0,0,0.07088416
0,0,0.096543156
1,0,0.063153245
0,0,0.048067592
0,0,0.1556137
0,0,0.106109716
0,0,0.092150815
0,0,0.1062137
0,0,0.07807578
1,0,0.13382106
0,0,0.3254969
0,0,0.12693813
1,1,0.63979
0,0,0.13660948
0,0,0.15346943
0,0,0.06886519
0,0,0.05431038
0,0,0.06880895
0,0,0.064808756
0,0,0.13194841
0,0,0.097089976
1,0,0.3074807
1,1,0.74673873
1,0,0.12263487
0,0,0.04982556
0,0,0.15284227
1,0,0.14987393
1,0,0.30770218
1,1,0.7011967
0,0,0.10443899
0,0,0.08343999
0,1,0.6524287
0,0,0.11495751
0,0,0.08545171
1,0,0.2337291
1,0,0.11893721
0,0,0.10029187
0,0,0.063323766
0,0,0.026636392
1,1,0.50979537
0,0,0.061337516
1,0,0.19289438
0,0,0.06434806
0,1,0.7461892
1,0,0.12526453
1,0,0.17655677
0,0,0.24279584
0,0,0.1664391
0,0,0.12206394
0,0,0.12515539
0,1,0.52240306
0,0,0.13962808
1,1,0.6152684
0,0,0.12052121
1,0,0.2950202
0,0,0.16879158
0,0,0.13552514
0,0,0.07069355
0,0,0.19784166
0,0,0.033046022
0,0,0.18057904
0,0,0.06322647
1,1,0.7559836
0,0,0.24850793
0,0,0.11835223
0,0,0.17860103
1,1,0.7413536
0,0,0.09405001
0,0,0.11199856
0,0,0.03959335
0,0,0.3027292
0,0,0.055896938
0,1,0.71854943
0,0,0.069563225
1,1,0.63889784
0,0,0.3080549
0,0,0.3140357
0,0,0.2907997
0,0,0.13129336
0,0,0.13520503
1,0,0.4146799
0,0,0.031928215
0,0,0.25339508
0,0,0.14201039
0,0,0.1461174
0,0,0.09264107
1,0,0.38516885
0,0,0.23825577
0,0,0.3331
0,0,0.15726343
1,1,0.69738674
0,0,0.38726616
1,0,0.2594058
0,0,0.102548644
0,0,0.15350246
0,0,0.066089444
0,0,0.106653586
0,0,0.384367
0,0,0.055995412
1,0,0.052045185
1,1,0.7588897
1,1,0.7578726
0,0,0.04916876
0,0,0.17416535
0,0,0.10161994
0,0,0.09609644
0,0,0.35645717
0,0,0.123318955
0,0,0.24411859
0,0,0.08895997
1,1,0.7250485
0,0,0.15250051
0,0,0.055471487
0,0,0.061005503
0,0,0.15624532
0,0,0.06976971
0,0,0.09707878
0,0,0.06452645
0,0,0.033029698
1,0,0.22077279
1,1,0.6915248
0,0,0.076088786
1,0,0.40386838
0,0,0.20060942
0,0,0.11607376
1,0,0.1949581
1,0,0.1603777
0,0,0.14171284
0,0,0.079615586
0,0,0.26043734
0,0,0.37252456
0,0,0.25780216
1,1,0.6337107
0,0,0.17486535
1,0,0.14106219
1,0,0.11101853
0,0,0.1872413
1,0,0.31504843
0,0,0.20711581
0,0,0.066303104
0,0,0.16858079
0,0,0.114774
0,0,0.07860164
0,0,0.029055405
0,0,0.13573669
0,0,0.13953443
0,0,0.11313606
0,0,0.07905687
1,1,0.5577498
0,0,0.24110378
0,1,0.7593904
0,0,0.25543317
0,0,0.2777294
1,1,0.57881725
0,0,0.09532838
0,0,0.1638495
0,0,0.12887162
0,0,0.1334768
0,0,0.065137506
0,0,0.08316809
0,0,0.13786587
1,0,0.07699292
0,0,0.15794306
1,0,0.22395973
0,0,0.06977233
0,0,0.08328712
0,0,0.2154717
0,0,0.28123495
0,0,0.122953355
0,0,0.15058504
1,0,0.16144003
0,0,0.064731486
0,0,0.14432368
0,0,0.19169302
1,0,0.14756414
0,0,0.090550736
0,0,0.11991167
1,0,0.065371595
0,0,0.2511448
1,0,0.105753906
1,0,0.28451237
0,0,0.09113414
1,0,0.3701484
1,1,0.8912935
0,0,0.12843703
1,0,0.26136604
0,1,0.6883001
0,0,0.10593056
0,0,0.17075248
0,0,0.06367561
0,0,0.11808398
0,1,0.56617147
1,0,0.46514082
0,0,0.1790091
0,0,0.21454139
0,0,0.10756193
0,0,0.13127305
1,1,0.77787256
0,0,0.13755913
1,0,0.29637155
1,0,0.27407995
0,0,0.10152345
0,0,0.09135418
0,0,0.2820108
0,0,0.099372335
0,0,0.35497063
0,0,0.34477162
0,0,0.06073831
0,0,0.077944934
0,0,0.17411871
0,0,0.14373752
0,0,0.08517474
0,0,0.14640239
0,0,0.109148726
0,0,0.10540669
0,0,0.12619653
0,0,0.17608798
0,0,0.13231601
0,0,0.13731726
1,0,0.29353166
0,0,0.35020542
0,0,0.13409632
0,0,0.06767354
0,0,0.16336767
0,0,0.0999489
1,0,0.16130888
1,1,0.66826576
1,1,0.7492178
0,0,0.08228572
0,0,0.08652863
0,0,0.043151103
0,0,0.07687735
0,0,0.054631565
0,0,0.08053786
0,0,0.26629224
1,0,0.11678936
0,0,0.08459635
0,0,0.19339356
0,0,0.17719495
0,0,0.16737773
0,0,0.17739144
1,0,0.2549151
0,0,0.15522377
0,0,0.07942376
0,0,0.14719428
1,1,0.63898355
0,0,0.08211184
0,0,0.06583023
0,0,0.20340323
0,0,0.3759733
0,0,0.14099942
0,0,0.12312354
0,0,0.08480501
0,0,0.13285938
0,0,0.06996124
0,0,0.20447765
1,0,0.09900035
1,1,0.6446669
1,0,0.19297914
0,0,0.22886442
0,0,0.08320946
1,1,0.66937566
1,1,0.6112144
0,0,0.19692667
0,0,0.06369962
0,0,0.084966496
0,0,0.13017769
0,0,0.07908193
0,0,0.2457438
1,0,0.27585074
0,0,0.10226975
0,0,0.049242813
0,0,0.26869315
0,0,0.19633083
0,0,0.07360012
0,1,0.6805475
0,0,0.12815616
1,1,0.70728713
0,0,0.18378446
0,0,0.10985646
0,0,0.07099997
0,0,0.04352882
0,0,0.11152492
0,0,0.03699864
0,0,0.09764011
1,0,0.13262855
0,0,0.22247303
0,0,0.15659815
0,0,0.09866687
0,0,0.13706306
0,0,0.10112884
0,0,0.13690366
0,0,0.23029616
0,0,0.09124803
0,0,0.24316531
1,0,0.1556853
1,1,0.5105931
0,0,0.10213796
0,1,0.6137068
0,0,0.11604106
0,0,0.20365606
1,0,0.43403265
0,1,0.6373034
0,0,0.11241861
0,0,0.051697455
0,0,0.052585445
0,0,0.2820108
0,0,0.12346696
0,0,0.07151672
0,0,0.073632985
0,0,0.087076336
1,1,0.6551202
0,0,0.13125198
0,0,0.05349989
0,0,0.12947021
0,0,0.13187248
0,0,0.05943755
0,0,0.47266862
0,1,0.7527692
0,0,0.08222312
0,0,0.05502372
0,0,0.09774431
0,0,0.2067451
0,0,0.07525128
0,0,0.19861576
0,0,0.16928503
0,0,0.033276282
0,0,0.11130857
0,0,0.12927794
0,0,0.097307995
0,0,0.08924379
0,0,0.0831582
0,0,0.07944524
1,1,0.8131149
1,1,0.6362548
1,0,0.24093212
0,0,0.45664784
0,0,0.16212447
0,0,0.16222602
1,1,0.7259931
0,0,0.30440256
0,1,0.7270212
1,0,0.1314308
0,0,0.14906979
0,0,0.2547345
0,0,0.22227731
0,0,0.114616185
0,0,0.14439297
0,0,0.14613126
0,0,0.15820871
0,0,0.096264645
0,0,0.15918396
1,0,0.49889132
0,0,0.12945135
0,0,0.12783903
0,0,0.07888946
0,0,0.13005261
1,0,0.2082629
0,1,0.678231
0,0,0.09599209
0,1,0.72494537
1,1,0.707482
0,0,0.10087285
1,0,0.10900714
0,0,0.12001433
1,1,0.8159447
1,0,0.45690215
0,0,0.30787832
0,0,0.14962225
0,0,0.10328388
0,0,0.063581504
0,0,0.12875059
0,0,0.1007559
0,0,0.14691122
0,0,0.047624245
1,0,0.16331407
0,0,0.13645898
0,0,0.04809714
0,0,0.14418152
1,0,0.2092068
0,0,0.07217309
0,0,0.38801566
0,0,0.21741591
0,0,0.10171808
0,0,0.0543018
0,0,0.048011035
1,0,0.17609857
0,0,0.13542148
0,0,0.10434035
0,0,0.18533108
0,0,0.070197195
0,0,0.16159949
0,0,0.11224774
1,0,0.25269935
1,1,0.60413986
0,0,0.13610683
0,0,0.27164558
0,0,0.045390714
1,0,0.19006717
0,0,0.14094883
1,1,0.72973543
0,0,0.09351498
1,0,0.49378714
0,0,0.15364304
1,1,0.7310838
1,1,0.73098195
0,0,0.11756028
1,1,0.7255422
0,0,0.08925286
0,0,0.19302449
0,0,0.07185691
0,0,0.2929814
0,0,0.10046524
0,0,0.4839135
0,0,0.16012387
0,0,0.096554294
0,0,0.16719815
0,0,0.084444426
1,0,0.06959145
0,0,0.44523573
0,0,0.20161429
0,0,0.29483524
0,1,0.5637311
0,0,0.3074807
1,0,0.22125177
1,1,0.662283
0,0,0.06626269
0,0,0.06811319
1,1,0.6175881
0,0,0.34720582
0,0,0.12562029
0,0,0.40245655
0,1,0.79370546
0,0,0.17934561
0,0,0.09122236
0,0,0.18651736
0,0,0.19724646
0,0,0.11247868
0,0,0.27386156
0,0,0.08464204
0,0,0.04365135
1,0,0.19882795
0,0,0.14166814
0,0,0.11346922
1,0,0.0828119
0,0,0.1287771
1,1,0.6417538
0,0,0.15262775
0,0,0.16370437
0,0,0.08562584
0,0,0.09546906
1,0,0.24911726
0,0,0.079730965
0,0,0.05903194
0,0,0.1306561
0,0,0.16524321
0,0,0.109724425
0,0,0.13413149
0,0,0.19715458
0,0,0.08870083
1,0,0.18288489
1,0,0.112809666
1,0,0.40955752
0,0,0.10700081
1,1,0.6449208
0,0,0.12028858
0,0,0.37569883
0,0,0.15981607
0,0,0.14545299
0,1,0.664307
0,0,0.2615579
0,0,0.12733978
0,0,0.07312102
1,0,0.21292345
0,0,0.072374016
0,0,0.068942726
1,0,0.35489303
0,0,0.092128314
1,0,0.24658562
0,0,0.48938963
0,0,0.114914894
0,0,0.099713705
0,0,0.16371314
1,0,0.11304189
0,0,0.24085528
0,0,0.058884542
1,1,0.7354405
0,0,0.06137511
0,0,0.24934849
0,0,0.13088654
0,0,0.20325771
0,0,0.14280646
0,0,0.071155295
0,0,0.10315193
0,1,0.5638329
0,0,0.04598089
0,0,0.07525128
1,0,0.17149799
0,0,0.48289675
0,0,0.14333005
1,0,0.31942368
0,0,0.09815706
1,0,0.1597957
1,0,0.21962899
0,0,0.13294926
1,0,0.22383904
1,0,0.3309596
0,0,0.08764527
0,0,0.07252874
0,0,0.078128636
0,0,0.051259324
0,0,0.14801067
0,0,0.13194302
0,0,0.14081448
1,1,0.6645251
0,0,0.08900994
0,0,0.07530686
1,0,0.3775122
1,1,0.64866364
0,0,0.45399424
0,0,0.11209746
0,0,0.11350606
0,0,0.15359993
0,0,0.40127695
1,0,0.16490811
0,0,0.3375179
1,1,0.66242844
0,0,0.13945292
0,0,0.14624082
0,0,0.1773544
0,1,0.6543863
0,0,0.057750005
1,0,0.10169596
0,0,0.03464279
0,0,0.30440256
0,0,0.087476656
0,0,0.12620838
0,0,0.09567452
1,0,0.09372818
0,0,0.034374364
0,0,0.091272786
0,0,0.12773871
0,0,0.08795262
0,0,0.11834711
1,0,0.2828168
0,0,0.0409921
0,0,0.05376796
1,0,0.16158894
0,0,0.16026573
0,0,0.10600415
0,0,0.19105051
0,0,0.055098232
0,0,0.18362206
0,0,0.1682964
0,0,0.49996972
0,0,0.056573365
0,0,0.11158027
0,1,0.64458984
0,0,0.05260966
0,1,0.6213675
0,0,0.11972383
0,0,0.2521588
0,0,0.08918627
1,0,0.14269532
0,0,0.1324215
1,0,0.33585
0,1,0.6959797
0,0,0.3039012
0,1,0.63675493
0,0,0.22772808
1,0,0.17326647
0,1,0.50362664
0,0,0.14508691
1,0,0.4076695
0,0,0.20770822
0,0,0.039609704
0,0,0.1706077
0,0,0.1227127
1,0,0.38430926
0,0,0.46407008
0,0,0.07608997
0,0,0.08292541
0,0,0.46425003
0,0,0.03908367
1,1,0.6802213
0,0,0.086059146
0,0,0.18083388
0,0,0.062840074
1,1,0.6659698
0,0,0.18491632
1,1,0.5936994
0,0,0.054133788
0,0,0.19089936
0,0,0.09795831
1,0,0.20189361
0,0,0.39254868
0,0,0.24624975
0,0,0.11544896
0,0,0.09619021
0,0,0.091325656
0,0,0.052718032
1,0,0.1329174
0,0,0.15698424
0,0,0.14348438
0,0,0.09753584
0,0,0.05156571
0,0,0.094369955
0,0,0.27615258
0,0,0.0583917
0,1,0.5834111
0,0,0.14640135
0,0,0.05591132
0,0,0.15624227
1,1,0.7090864
1,0,0.31319183
0,0,0.075685285
1,0,0.28076974
0,0,0.20841749
0,0,0.057265766
1,0,0.32694057
0,0,0.11448471
0,0,0.13698585
0,0,0.17731683
0,0,0.39222914
0,0,0.08028803
0,0,0.19451757
0,0,0.109687306
0,0,0.1198363
0,0,0.24387532
1,0,0.36592236
0,0,0.104745984
0,0,0.17738491
0,0,0.16926901
0,0,0.29474738
0,0,0.13711809
1,0,0.09094302
0,0,0.07817603
0,0,0.079385094
0,0,0.43132967
1,1,0.69877195
0,0,0.15046768
0,0,0.029822852
1,0,0.07440492
0,0,0.1425573
0,1,0.5960061
0,0,0.10344948
0,0,0.19375466
1,0,0.35092762
0,0,0.06438992
0,0,0.3375179
0,0,0.16888677
0,0,0.29876637
1,0,0.21745627
0,0,0.19718711
0,0,0.17591047
0,0,0.17107385
1,0,0.13501891
0,0,0.098883025
1,0,0.43613788
0,0,0.083531655
0,0,0.10696904
0,0,0.368299
0,0,0.08048343
0,0,0.1366982
1,0,0.14707127
0,0,0.117880784
1,0,0.30849516
0,0,0.3039012
0,0,0.10755988
0,0,0.088208705
0,0,0.286107
1,0,0.23236315
0,0,0.107896715
0,0,0.118144706
0,0,0.28725302
0,0,0.13619551
0,0,0.21541934
0,0,0.09897526
0,0,0.05379213
0,0,0.07363944
0,0,0.13110006
0,0,0.07595939
0,0,0.18113944
0,0,0.035973728
1,1,0.7884501
1,0,0.14124155
1,0,0.12117371
0,0,0.14797221
0,0,0.29125342
0,0,0.12733865
0,0,0.10404638
0,0,0.13579054
0,0,0.10099994
1,1,0.63338906
1,0,0.09054773
0,0,0.16129738
1,0,0.35621625
0,0,0.102594405
0,0,0.08322365
0,0,0.10251106
0,0,0.08035509
0,0,0.16995783
0,0,0.21886317
1,1,0.7197108
0,0,0.19177411
1,0,0.08781651
1,1,0.74133414
0,0,0.19277461
0,0,0.3791105
0,0,0.15720363
0,0,0.119149916
0,0,0.07727897
0,0,0.10707276
0,0,0.3582854
0,0,0.11599323
0,0,0.051237322
0,0,0.412561
0,0,0.15291929
1,1,0.6482332
0,0,0.17326877
1,1,0.64416367
0,0,0.117506795
0,0,0.11903051
0,0,0.16957632
0,0,0.052016787
0,0,0.107299596
0,0,0.23491926
0,0,0.12405542
0,0,0.24638833
0,0,0.06146094
0,0,0.32746366
0,0,0.17855948
0,0,0.37139434
0,0,0.116716176
0,0,0.07422949
1,1,0.5958643
0,0,0.12970482
1,0,0.28619018
0,0,0.09136138
0,0,0.18659976
0,0,0.071659766
0,0,0.09257878
0,0,0.10262595
0,0,0.13717467
0,0,0.19311456
0,0,0.069934174
0,0,0.2796452
0,0,0.06678544
0,0,0.042773075
1,0,0.09245082
0,0,0.2570676
0,0,0.06354962
0,0,0.06636297
0,0,0.11921799
1,1,0.6240899
0,0,0.054631874
0,0,0.09857795
0,0,0.02738371
0,0,0.3074807
0,0,0.15513518
0,0,0.13350141
1,0,0.41211843
0,0,0.11827853
1,0,0.29419538
0,0,0.12712929
1,1,0.60647225
1,1,0.53002787
0,0,0.055108424
0,0,0.24424988
0,0,0.100354664
0,0,0.29785168
0,0,0.046525322
1,0,0.19511215
0,0,0.32877943
0,0,0.07116907
0,0,0.2069567
0,0,0.06316995
0,0,0.2881644
0,0,0.0926944
0,0,0.18864037
1,0,0.27591935
1,0,0.079551265
1,0,0.13787837
1,0,0.30665952
0,0,0.19056642
0,0,0.20873563
0,0,0.08288058
0,0,0.08961853
0,0,0.23536478
1,0,0.17791128
0,0,0.16762908
0,0,0.28410244
0,0,0.094315484
1,0,0.19478469
0,0,0.06629633
0,0,0.17077519
1,1,0.6689417
0,0,0.0373039
1,1,0.6075324
0,0,0.2158874
1,0,0.44686162
1,0,0.11915574
0,0,0.22693434
1,0,0.10794867
0,0,0.0754018
0,0,0.045575965
0,0,0.16257046
0,0,0.11781763
1,0,0.13346827
0,0,0.11084086
0,0,0.15184253
0,0,0.10851855
0,0,0.197939
1,1,0.6247342
0,0,0.0764778
0,0,0.14992265
1,0,0.2543191
1,0,0.15409267
0,0,0.06582437
0,0,0.1280251
0,0,0.14688599
0,0,0.0776138
0,0,0.18839522
1,0,0.2932103
0,0,0.09771742
1,0,0.10034389
1,0,0.31602135
0,0,0.105722
0,0,0.2811245
0,0,0.15392575
0,0,0.09575085
0,0,0.03171334
0,0,0.14224319
1,0,0.14536133
0,0,0.11388942
0,0,0.21141161
1,0,0.2643646
0,0,0.2556144
1,0,0.33386645
0,0,0.08143664
0,0,0.12695807
1,0,0.17428009
1,1,0.7672671
0,0,0.23192874
0,0,0.33295894
0,0,0.16597024
0,0,0.07847427
1,1,0.6910956
1,0,0.28071916
0,0,0.08173004
0,0,0.18581598
0,0,0.088316835
1,0,0.12840195
0,0,0.18938439
0,0,0.17927955
0,0,0.2045814
0,0,0.05838663
0,0,0.17763437
0,0,0.041682165
1,0,0.1158531
0,0,0.042021867
0,0,0.13164833
0,0,0.04328763
0,0,0.10144529
0,0,0.046036374
0,0,0.044931438
1,1,0.69430625
0,0,0.08350505
0,0,0.15798359
1,0,0.19715458
0,0,0.11869158
0,0,0.07287485
0,0,0.057904564
1,1,0.5965482
0,0,0.10242917
0,0,0.11196723
0,0,0.18894711
0,0,0.06472637
0,0,0.08196585
0,0,0.11463528
1,1,0.7852722
0,0,0.25165865
0,0,0.07797155
1,0,0.23323774
0,0,0.22383484
0,0,0.10801836
0,0,0.122511454
0,0,0.07388949
0,0,0.06004149
0,0,0.24313019
0,0,0.27025232
0,0,0.06756832
1,0,0.2590625
0,0,0.052791197
1,0,0.32845205
0,0,0.14731851
0,0,0.13834825
0,0,0.14428084
1,0,0.23184207
0,0,0.34533787
1,1,0.5419699
1,0,0.17396228
1,1,0.73598355
0,0,0.23055962
0,0,0.12108845
0,0,0.06368628
0,0,0.18185377
0,0,0.04614382
0,0,0.07987904
0,0,0.11608753
1,1,0.65887004
0,0,0.06458933
0,0,0.13781235
0,0,0.14796191
1,0,0.20665061
1,0,0.33334228
1,1,0.6721719
0,0,0.29335958
0,0,0.1381478
0,0,0.17249095
0,0,0.38692582
0,0,0.08325951
0,0,0.2936596
0,0,0.12905692
0,0,0.1261057
0,0,0.40578812
0,0,0.10718433
0,0,0.20245838
0,0,0.05773002
0,0,0.065564916
0,0,0.083270244
1,0,0.1425124
0,0,0.09448174
1,0,0.258352
1,0,0.47314724
1,0,0.13888961
1,1,0.681592
0,0,0.15652163
0,0,0.059951145
0,0,0.09484434
0,0,0.101788394
0,0,0.092892714
0,0,0.29399386
0,0,0.09308467
0,0,0.0744272
0,0,0.08418691
0,0,0.13980494
0,0,0.10541357
0,0,0.1017201
0,1,0.52612466
1,0,0.22351283
0,1,0.69668555
1,1,0.6927025
0,0,0.032311857
0,0,0.0917191
1,0,0.45681068
0,0,0.077254914
0,0,0.085572556
0,0,0.04784399
0,0,0.17331292
0,0,0.0798281
1,0,0.23321383
0,1,0.73209184
0,0,0.15604869
0,0,0.08756287
0,0,0.059081912
0,0,0.19520311
1,0,0.4212442
0,0,0.034640606
1,1,0.65777564
0,0,0.11873692
1,0,0.3405518
0,0,0.17247444
1,0,0.32728833
0,0,0.3405901
0,0,0.15159374
1,0,0.24407393
0,0,0.34154084
0,0,0.096696176
0,0,0.07049053
0,0,0.04877253
0,0,0.079050265
0,0,0.25246578
0,1,0.723884
1,0,0.1510623
1,0,0.18943742
0,0,0.13047457
1,1,0.63456345
1,0,0.28697503
1,1,0.7184607
0,0,0.17659873
0,0,0.081698254
0,0,0.04775036
0,0,0.36158866
0,0,0.18660423
1,0,0.17590874
0,0,0.27474055
0,0,0.14959964
0,1,0.6746089
0,0,0.073441036
1,1,0.7602335
0,0,0.07711989
0,0,0.1560263
0,0,0.041742466
0,0,0.18949611
0,0,0.099280454
0,0,0.05091414
0,0,0.19066814
0,0,0.09088966
0,0,0.1401459
0,0,0.15228575
0,0,0.049605433
0,0,0.06206823
0,0,0.10552145
1,1,0.72577256
1,0,0.2591958
0,0,0.07253463
0,0,0.08792169
0,0,0.08172587
1,1,0.6543258
0,0,0.049517795
0,0,0.03242244
0,0,0.08362068
0,0,0.27050897
1,0,0.19885089
0,0,0.058664687
0,0,0.09378052
0,0,0.13264774
0,0,0.15017127
1,1,0.6681085
0,0,0.14882664
1,0,0.09178401
1,1,0.53053004
0,0,0.056778584
0,0,0.13856234
0,0,0.246107
1,0,0.34450144
0,0,0.07123624
0,0,0.36558568
0,0,0.07072942
0,1,0.62595284
1,0,0.4274639
0,0,0.24714135
0,0,0.23394033
0,0,0.14214864
0,0,0.21995471
0,0,0.2181427
0,0,0.07834726
0,0,0.09259302
0,0,0.2584808
1,1,0.6936011
0,0,0.092237115
0,0,0.23243158
0,0,0.080778
0,0,0.072262295
0,0,0.1386784
1,0,0.3817447
0,0,0.051941127
0,0,0.14273755
1,0,0.14138503
0,0,0.16786744
1,1,0.715845
0,0,0.24522735
0,0,0.12385479
0,0,0.2134101
0,0,0.13159558
0,0,0.10982074
1,0,0.17578855
1,1,0.6730513
0,0,0.10958865
0,0,0.07097013
0,0,0.059489165
0,0,0.09881345
0,0,0.25527883
1,0,0.22463994
0,0,0.4295025
1,0,0.10202393
0,0,0.07438458
0,0,0.06689865
1,0,0.2217178
0,0,0.087297656
0,0,0.10884237
0,0,0.26653373
0,0,0.2083563
0,0,0.14776891
0,0,0.09440454
0,0,0.055089757
0,0,0.42313358
0,0,0.041022696
1,0,0.38704717
0,0,0.15192416
0,0,0.09792145
1,1,0.6496346
1,1,0.7242538
0,0,0.11050281
0,1,0.60902363
0,0,0.108263
0,0,0.091463834
0,0,0.13751715
0,0,0.12331508
0,0,0.37512794
0,0,0.33334228
1,0,0.13848491
0,0,0.19258767
0,0,0.17088775
1,0,0.1975051
0,0,0.109389804
0,0,0.4143399
0,0,0.093057305
0,0,0.17365342
0,0,0.09563973
0,0,0.29306412
0,0,0.21431127
0,0,0.10377556
0,0,0.051915996
0,0,0.100354664
0,0,0.094393186
0,0,0.035547953
1,0,0.13892972
0,0,0.048918653
0,0,0.07005828
0,0,0.43761775
1,0,0.44130695
0,0,0.17768279
0,0,0.08126696
1,0,0.23175219
0,0,0.095892236
0,1,0.7452431
0,0,0.19354573
0,0,0.068523996
0,0,0.11944514
0,0,0.2887176
0,0,0.44568262
0,0,0.066506535
0,0,0.2898059
0,0,0.08456107
0,0,0.20378014
0,0,0.029645046
0,0,0.0986098
0,0,0.09967733
1,1,0.6177729
1,0,0.2739178
0,0,0.11702238
1,0,0.37351674
0,0,0.2266266
0,0,0.063166596
0,0,0.074269176
0,0,0.10456201
0,0,0.10675312
0,0,0.29032245
0,0,0.08398692
0,0,0.10495003
1,0,0.17832933
0,0,0.13102496
0,0,0.06693521
0,0,0.24938197
1,0,0.16691303
0,0,0.22070995
0,0,0.3131718
1,0,0.18792383
0,0,0.10240771
0,0,0.19462442
0,0,0.09167841
1,1,0.63148046
1,1,0.7478023
0,0,0.113002405
1,0,0.11784475
0,0,0.14457919
1,0,0.36071372
0,0,0.15155339
0,0,0.1136005
1,0,0.19593492
0,0,0.13113692
0,1,0.673834
0,0,0.30435276
1,0,0.16984713
0,0,0.07074307
0,0,0.09856181
0,0,0.10001557
0,0,0.21185543
0,0,0.0948338
0,0,0.083560534
1,0,0.098885424
0,0,0.21221812
1,1,0.7596783
1,0,0.35469723
0,0,0.075739995
0,0,0.061298925
1,1,0.69907606
0,0,0.059535734
1,0,0.2704076
1,1,0.64528817
0,0,0.027427698
0,0,0.1639475
1,0,0.11222802
0,0,0.12474307
0,0,0.20532683
0,0,0.15951996
0,0,0.29371548
0,0,0.072185576
0,0,0.21503526
0,0,0.11584377
0,0,0.09605519
1,1,0.7550994
0,0,0.061922554
1,1,0.580182
0,0,0.14494926
1,0,0.31133226
1,0,0.3843906
0,1,0.64029896
0,1,0.68027955
0,0,0.17635448
0,0,0.1546537
0,0,0.094641335
0,0,0.13274398
0,0,0.21351044
0,0,0.13569319
0,0,0.20122364
0,0,0.19506764
0,0,0.09420095
1,1,0.5988048
0,0,0.102839306
0,0,0.33242452
0,0,0.13358632
0,0,0.1512241
0,0,0.088783175
0,0,0.115423895
0,0,0.20182462
0,0,0.07082665
0,0,0.12448153
0,0,0.03602449
1,0,0.14753392
0,0,0.08420669
0,0,0.074214004
0,0,0.14576614
0,0,0.075423144
1,1,0.59733087
0,0,0.2440954
0,0,0.16955006
0,0,0.05220735
0,0,0.08088801
0,0,0.24167603
0,0,0.15528509
0,0,0.028473413
0,0,0.068922125
1,0,0.4858857
0,0,0.10329837
0,0,0.22319937
0,0,0.28219992
0,0,0.15221915
1,0,0.1434065
0,0,0.062417347
1,1,0.76118314
0,0,0.066327125
0,0,0.16770995
0,0,0.39641216
0,0,0.0680109
0,0,0.107371576
0,0,0.110742725
1,1,0.7205226
0,0,0.37646842
0,0,0.11573012
0,0,0.18452483
0,0,0.16866493
0,0,0.42987156
0,0,0.21682444
0,0,0.28464556
0,0,0.16745596
0,1,0.66852194
0,0,0.10080734
0,0,0.09407099
1,1,0.6580138
0,1,0.62533057
0,0,0.10494282
1,1,0.77445084
0,0,0.05733419
0,0,0.23544098
0,0,0.18111645
0,0,0.13675821
0,0,0.23917763
0,0,0.18172139
0,0,0.16573258
0,0,0.17297019
0,0,0.13059396
0,0,0.04714991
0,0,0.103999116
0,0,0.18775344
1,0,0.17405921
0,0,0.031316984
0,0,0.09389386
0,0,0.22125815
0,0,0.109961934
0,0,0.04208054
1,0,0.29876637
0,0,0.09022523
0,0,0.14351831
0,0,0.18416429
0,0,0.065704174
0,0,0.09644105
0,0,0.112860225
0,0,0.08412858
0,0,0.07869483
0,0,0.122743145
0,0,0.04283756
0,0,0.39476132
0,0,0.04935986
0,0,0.23678114
0,0,0.1258271
0,0,0.11131468
0,0,0.14245899
0,0,0.060654566
0,0,0.12149039
1,0,0.13225652
1,1,0.783202
1,0,0.41224748
0,0,0.10000686
1,0,0.06649817
1,1,0.5540766
0,0,0.11946801
1,1,0.6454717
0,0,0.09845396
0,0,0.16245772
0,0,0.061580572
0,0,0.081026316
0,0,0.2178473
0,0,0.10026337
0,0,0.13153279
1,0,0.24395102
1,1,0.7341669
1,0,0.43812168
0,1,0.74603605
0,0,0.027780615
0,0,0.093233414
0,0,0.28794777
0,0,0.07372339
0,0,0.05703778
0,0,0.12515539
0,0,0.09323106
0,0,0.107319586
0,1,0.6894437
0,0,0.3049422
0,0,0.054215454
1,0,0.14325373
0,0,0.035734866
1,1,0.7416886
0,0,0.06317695
0,0,0.13459173
0,0,0.15743472
0,0,0.15697385
1,0,0.10377556
1,0,0.31649023
0,0,0.083115235
0,0,0.12546642
0,0,0.073244885
0,0,0.14936586
1,1,0.66937566
0,0,0.19585396
0,0,0.046804912
0,0,0.097879484
0,0,0.035795737
0,0,0.06709869
0,0,0.062234182
0,0,0.31825578
1,0,0.32111263
0,0,0.07832352
0,0,0.026824394
0,0,0.08140914
0,0,0.16282007
1,0,0.25236022
0,0,0.13154235
0,0,0.10948463
0,0,0.11277673
0,0,0.12287204
0,1,0.50084
0,0,0.05528801
0,0,0.28713697
0,0,0.061435446
1,0,0.1654616
0,0,0.09669802
0,1,0.6200783
0,0,0.04563905
0,0,0.23747374
1,1,0.7533959
0,0,0.22217363
0,0,0.09328467
1,1,0.71230054
0,0,0.10111157
0,0,0.05431337
1,0,0.11025397
0,0,0.09096993
0,0,0.08428808
0,0,0.10946671
1,0,0.13403988
0,0,0.18252489
0,0,0.19462425
0,0,0.10754056
0,0,0.047023956
0,0,0.17337553
0,0,0.07239666
0,0,0.12943858
1,1,0.57568026
1,0,0.18087497
0,0,0.14735304
0,0,0.06554963
0,0,0.20923309
1,0,0.06138845
0,0,0.12231969
1,0,0.21507904
1,0,0.16989727
0,0,0.047317527
0,0,0.2339043
0,0,0.21576928
0,0,0.24026014
1,0,0.36086747
0,0,0.182942
1,1,0.6858889
0,0,0.058620043
0,0,0.28973308
1,1,0.7638223
0,0,0.08937604
0,0,0.1296179
0,0,0.15447807
1,0,0.17217705
0,0,0.32758263
0,0,0.17555006
0,0,0.2534171
1,0,0.11756525
0,1,0.7552484
0,0,0.11006081
0,0,0.3520838
1,0,0.24574324
1,1,0.7377709
0,0,0.37495288
0,0,0.08312574
1,0,0.24136667
0,0,0.15812011
0,0,0.101543956
0,0,0.07654861
0,0,0.09887653
0,0,0.19881086
0,0,0.10986343
0,0,0.2296645
1,1,0.6261964
0,0,0.1611413
1,0,0.21828376
0,0,0.0677637
1,1,0.6506046
1,0,0.19488324
0,0,0.18165618
0,0,0.07299338
0,0,0.08306396
0,0,0.099423625
0,0,0.32837796
0,0,0.095135756
1,1,0.6905294
1,1,0.56188637
0,0,0.046554726
0,0,0.105233565
1,0,0.13121842
0,0,0.14976765
0,0,0.23617044
0,0,0.10206917
0,0,0.20788191
0,0,0.13934523
1,0,0.419595
1,0,0.23492719
0,0,0.06909538
0,0,0.08894052
1,0,0.3701484
0,0,0.04587313
0,0,0.10271109
0,0,0.12499346
0,0,0.07445677
0,0,0.095295064
0,0,0.09028873
0,0,0.09617661
0,0,0.13632958
0,0,0.17874195
0,0,0.12573475
0,0,0.17027554
0,0,0.28260833
0,0,0.0977793
0,1,0.7218422
1,1,0.7068459
0,0,0.14802584
0,0,0.06217472
1,0,0.31536534
1,0,0.18768115
0,0,0.06364346
1,0,0.25742388
0,0,0.095587015
0,0,0.19086681
0,0,0.091420494
0,0,0.06764491
1,0,0.27225986
1,0,0.32668334
0,0,0.13006638
0,0,0.15117738
0,0,0.09337172
0,0,0.18942025
0,0,0.16715133
0,0,0.07002243
0,0,0.37390342
0,0,0.26368147
0,0,0.32154214
1,1,0.744122
1,0,0.338619
0,0,0.13197002
0,0,0.23780008
1,0,0.22443995
0,0,0.3701484
0,0,0.07851426
0,0,0.11098456
1,1,0.7158798
0,0,0.10133363
0,0,0.42323563
0,0,0.13090335
0,0,0.086777516
0,0,0.14806165
1,0,0.18047354
0,0,0.32130864
0,0,0.054258242
0,0,0.24747306
0,0,0.17044634
0,0,0.08111726
0,0,0.06894696
0,0,0.07289684
0,0,0.12117258
0,0,0.326076
0,0,0.08387798
0,0,0.3934459
0,0,0.17299502
0,0,0.059653495
0,0,0.06410114
1,0,0.33891404
1,0,0.10065932
1,1,0.70257974
0,0,0.06975845
0,0,0.055119168
0,0,0.31133226
1,0,0.08980813
0,0,0.0648202
1,0,0.13074817
0,0,0.10034006
0,1,0.70800894
0,0,0.29051068
0,0,0.06701971
0,0,0.07807441
0,0,0.045863383
1,0,0.33713332
0,0,0.1064667
0,0,0.3039012
0,0,0.113065764
0,0,0.14452711
0,1,0.53388476
0,0,0.046466913
0,0,0.09566568
0,0,0.10817074
1,0,0.1028164
0,1,0.59609383
0,0,0.0861703
0,0,0.08092447
0,0,0.12826937
1,1,0.6106742
0,0,0.22759472
0,0,0.15624416
0,0,0.11618971
1,0,0.27562663
0,0,0.121706024
0,0,0.21225406
0,0,0.07978315
0,0,0.25306046
1,1,0.8241142
0,0,0.2714808
0,0,0.3039012
0,0,0.11215655
0,0,0.49288854
0,0,0.1513399
0,0,0.1683144
0,0,0.20158422
0,0,0.056453027
0,0,0.20424439
0,0,0.06619149
0,0,0.25657976
0,0,0.10620355
0,0,0.09138654
0,0,0.13512613
0,0,0.14181302
0,0,0.09967733
0,0,0.15987715
0,0,0.2952602
1,0,0.18550743
0,0,0.07770658
1,0,0.20970584
0,0,0.33524206
1,1,0.66128725
0,0,0.08293284
1,0,0.20040466
1,1,0.65433854
0,0,0.07917199
1,0,0.09287199
1,1,0.5961076
1,1,0.7325943
1,0,0.15946066
0,0,0.08672871
0,0,0.058242116
0,0,0.11621307
0,0,0.16806296
0,0,0.25779733
0,0,0.08192556
1,0,0.17481261
0,0,0.13589683
1,0,0.1287263
0,0,0.17837684
0,0,0.26547325
0,0,0.0811471
0,0,0.15996668
0,0,0.23579359
0,0,0.10185084
0,0,0.068681404
0,0,0.12921031
0,0,0.13875355
1,0,0.12325549
0,0,0.1112114
0,0,0.12664144
0,0,0.24538632
0,0,0.05660578
0,0,0.2198088
0,0,0.13664971
0,0,0.0831148
1,0,0.47096318
0,0,0.20317356
0,0,0.07263471
0,0,0.20682313
0,0,0.13111748
0,0,0.48983976
0,0,0.104525544
0,0,0.12923078
0,0,0.44390628
0,0,0.25115687
0,0,0.3457468
0,0,0.07966363
0,0,0.43913648
0,0,0.06927825
0,0,0.15280972
0,0,0.09332481
0,0,0.19694258
0,0,0.10008431
0,0,0.13825563
0,0,0.05702561
0,0,0.05937692
0,0,0.09983356
1,1,0.61546516
0,0,0.092047445
1,1,0.521383
1,1,0.71614826
1,0,0.16607744
1,0,0.26136604
0,0,0.12470346
0,0,0.26967332
0,0,0.14321166
0,0,0.10003899
0,0,0.07947524
0,0,0.11528137
0,0,0.25934166
0,0,0.2070266
0,0,0.028881405
0,0,0.20325771
0,0,0.12665112
0,0,0.1670262
0,0,0.052723832
0,0,0.17141828
0,0,0.07491079
0,0,0.06953631
1,0,0.2866234
0,0,0.1628333
1,0,0.066920444
1,0,0.1153973
0,0,0.37647438
0,0,0.15409651
1,0,0.08324966
0,0,0.121691376
1,1,0.53528714
0,0,0.16539672
1,1,0.7294755
0,0,0.136304
0,0,0.05195409
0,0,0.024686443
0,0,0.07672221
0,0,0.13530686
0,0,0.036850106
0,0,0.075802326
0,0,0.22350082
1,0,0.18650709
0,0,0.19037004
0,0,0.092453256
0,0,0.1145866
0,0,0.05439543
1,0,0.34960485
0,0,0.14534958
0,0,0.060703326
0,0,0.18506536
0,0,0.066562004
0,0,0.09423093
0,0,0.102201186
0,0,0.041820496
1,0,0.11399321
0,0,0.052826222
1,1,0.74718255
0,0,0.37252456
0,1,0.62273985
0,0,0.09797174
0,0,0.26184145
0,0,0.04603536
0,0,0.08203347
0,0,0.06897219
1,0,0.1773856
1,0,0.24829374
0,0,0.14565279
0,0,0.10655168
0,0,0.25737125
0,0,0.11630056
1,1,0.6842364
0,0,0.08879399
0,0,0.17386755
0,0,0.06227815
0,0,0.19577858
0,0,0.20109051
0,0,0.13441145
0,0,0.06543103
0,0,0.09457361
0,0,0.1944474
0,0,0.38470048
1,1,0.7486389
0,0,0.17360547
0,0,0.3450367
0,0,0.1307935
1,0,0.13340212
0,0,0.13282242
0,1,0.6968331
0,0,0.13266148
1,1,0.54077524
0,0,0.16482097
0,0,0.1337685
0,0,0.13394353
1,0,0.29285026
0,0,0.060046874
0,0,0.05757709
1,0,0.3774253
0,0,0.10295769
0,0,0.25676486
0,0,0.06057494
0,0,0.13890487
0,0,0.23526274
0,0,0.03336432
0,0,0.15218306
0,0,0.13428117
0,0,0.097619504
0,0,0.1873778
0,0,0.17814636
1,1,0.7768234
1,0,0.0917007
1,0,0.31126854
0,0,0.09493051
0,0,0.14528902
0,0,0.06871075
0,0,0.060166292
0,0,0.08766712
1,1,0.5971084
0,0,0.09440994
1,0,0.28414458
0,0,0.14591312
0,0,0.13619347
1,1,0.6960306
0,0,0.21009779
1,0,0.46220917
1,1,0.67952716
1,0,0.13963908
0,0,0.14197256
0,0,0.12680525
0,0,0.16374765
0,1,0.5416904
1,1,0.6047707
0,0,0.12834151
0,0,0.060614076
0,0,0.1240004
0,0,0.1307045
0,0,0.12435408
0,0,0.12246285
0,0,0.14231406
0,0,0.13128532
1,1,0.6633281
0,0,0.06762886
0,0,0.12761527
1,0,0.23851235
0,0,0.3847188
0,0,0.1591181
0,0,0.121245675
0,0,0.099296525
0,0,0.21406645
0,0,0.10452713
1,1,0.69067127
1,1,0.624954
0,0,0.102021195
0,0,0.172356
0,0,0.11785691
0,1,0.7802911
0,1,0.76633036
0,0,0.09594166
0,0,0.28722864
0,0,0.063660555
1,0,0.1498504
0,1,0.70455605
0,0,0.08918437
0,0,0.123471335
1,1,0.68752104
0,0,0.1146971
0,0,0.17750475
0,0,0.07442464
0,0,0.10422277
0,0,0.057924554
0,0,0.16141143
1,1,0.69288963
1,1,0.65411514
0,0,0.19702207
0,0,0.15216647
0,0,0.08183539
0,0,0.25623497
0,0,0.14828105
1,0,0.43716896
0,0,0.21028265
0,0,0.31648093
0,0,0.12869456
0,0,0.1893726
1,0,0.3271136
0,0,0.12691315
0,0,0.15769315
0,0,0.09678674
0,0,0.15264423
0,0,0.15344346
0,0,0.18347436
0,0,0.17226271
0,0,0.25713837
0,0,0.07256412
0,0,0.08654885
1,0,0.13782497
0,0,0.12618692
1,0,0.44428837
1,1,0.6787675
0,0,0.058271218
0,0,0.38069305
0,0,0.10266289
0,0,0.25840664
1,1,0.64719355
0,0,0.09976939
0,0,0.30848402
1,0,0.11911734
0,0,0.13128361
1,1,0.6667489
0,0,0.05874068
0,0,0.062431276
0,0,0.24314632
0,0,0.31536534
0,0,0.094009064
0,0,0.13410552
0,0,0.060956493
0,0,0.3263983
0,0,0.13894476
0,0,0.08324775
0,0,0.25375077
0,0,0.07098241
0,0,0.10776407
0,1,0.6242001
0,1,0.6095797
1,0,0.18266161
0,0,0.05552459
0,0,0.101371594
0,0,0.19662866
0,0,0.12851469
0,0,0.18011703
0,0,0.26951048
0,0,0.13246353
0,0,0.061895844
0,0,0.05211151
0,0,0.11670633
0,0,0.10504025
1,0,0.14774136
0,0,0.061421786
0,0,0.08420805
0,0,0.29725194
0,0,0.08107121
0,0,0.1364146
1,0,0.18267198
0,0,0.21276928
0,0,0.08192517
0,0,0.097297505
1,0,0.08008711
0,0,0.13096675
0,0,0.081911124
0,0,0.0616837
0,0,0.11670874
1,0,0.39041388
0,0,0.068641506
0,0,0.05868273
0,0,0.09183301
0,0,0.098478846
0,0,0.07481066
0,0,0.1074499
0,0,0.04015255
0,0,0.37862718
0,0,0.060301047
1,0,0.43957874
0,0,0.08466376
0,0,0.13208288
0,0,0.16035007
0,0,0.12829661
0,0,0.101536274
1,1,0.50630045
0,0,0.14135791
0,0,0.084808104
0,0,0.06727603
0,0,0.059388448
0,0,0.11950878
0,0,0.09839783
1,0,0.19368437
1,0,0.098711126
0,0,0.1178358
0,0,0.10562134
1,0,0.41665787
0,0,0.13982701
0,0,0.40603492
0,0,0.13262635
0,0,0.13666727
0,0,0.20855036
0,0,0.17144927
0,0,0.12814644
0,0,0.07379051
0,0,0.24192967
1,1,0.6455626
0,0,0.1850469
0,0,0.15394814
0,0,0.104706615
1,0,0.23822577
0,0,0.0313854
0,0,0.16965313
0,0,0.08941066
1,0,0.08198657
0,0,0.06248184
0,0,0.105780676
0,0,0.07630039
0,0,0.1471992
0,0,0.09516086
0,0,0.13637693
1,0,0.24466829
0,0,0.058899272
0,0,0.23283724
0,0,0.06683644
0,0,0.087574854
0,0,0.21095072
0,0,0.06756812
0,0,0.11847174
1,1,0.6225926
0,0,0.21111181
0,0,0.07185691
0,0,0.13646287
0,0,0.1087603
0,0,0.11874272
0,0,0.052327756
0,0,0.113340564
0,0,0.13739075
0,0,0.12736362
0,0,0.09880464
1,1,0.7405833
0,0,0.36005324
0,0,0.33334228
0,0,0.18262576
0,0,0.07490985
0,0,0.053666055
0,0,0.21747452
0,1,0.5899042
0,0,0.09337804
0,0,0.22590889
0,0,0.13826239
0,0,0.20221858
0,0,0.06850994
0,0,0.08898268
0,0,0.19997485
1,1,0.6285134
0,0,0.075665824
0,0,0.47407874
1,1,0.64922655
0,0,0.18918315
0,0,0.05441437
0,0,0.13480772
0,0,0.05359262
0,0,0.094664216
0,0,0.053632803
0,0,0.072990336
0,0,0.068204395
0,0,0.20810942
0,0,0.25599036
0,0,0.041610077
0,0,0.04020885
0,0,0.06753701
0,0,0.19635944
1,1,0.6198934
0,0,0.09512001
1,0,0.2530977
0,0,0.23469365
0,0,0.12645574
0,0,0.082451075
0,0,0.070411876
0,0,0.11425416
0,0,0.05786364
1,0,0.1395205
0,0,0.12131032
0,0,0.24990346
0,0,0.10521283
0,0,0.10752177
0,0,0.14789781
1,0,0.15322417
0,0,0.20723608
0,1,0.58955836
1,0,0.08123081
0,0,0.10240771
0,0,0.081122145
0,0,0.117570326
0,0,0.18912223
0,1,0.6491347
0,0,0.04114495
0,0,0.13525343
0,0,0.105761886
0,0,0.1356554
0,0,0.48130023
0,0,0.07802692
0,0,0.091379195
1,0,0.30541804
0,0,0.14697912
0,0,0.09913868
0,1,0.5164922
0,0,0.123974934
0,0,0.29077727
0,0,0.2267568
1,1,0.64064974
0,0,0.09046723
0,0,0.24377392
1,1,0.62154967
0,0,0.1296789
1,0,0.15918316
1,1,0.83760154
0,0,0.13382494
0,0,0.1804881
0,0,0.13913225
0,0,0.08928155
0,0,0.16865255
0,0,0.05271959
0,0,0.09641403
0,0,0.26013508
0,0,0.20931023
0,0,0.27804318
0,0,0.3074807
1,0,0.1746118
0,0,0.09408902
1,0,0.14698231
0,0,0.14735149
1,0,0.28491738
0,0,0.14051819
0,0,0.37898183
0,0,0.14924803
1,0,0.3946286
0,0,0.21417719
0,0,0.04684452
0,0,0.1748956
0,0,0.037199367
0,0,0.14439026
0,0,0.13612248
1,1,0.68223816
0,0,0.20754564
0,0,0.035259213
0,0,0.3132528
0,0,0.24658562
0,0,0.26167518
0,0,0.10561627
0,0,0.2180323
0,0,0.27322558
0,0,0.057037994
0,0,0.070020795
0,0,0.1628779
0,1,0.5859612
0,0,0.0684996
1,0,0.31909302
1,1,0.724729
0,0,0.059052695
1,0,0.21005212
0,0,0.0605215
0,0,0.17246808
0,0,0.06731008
1,0,0.35343564
0,0,0.1369215
0,0,0.09444196
0,0,0.07091925
0,0,0.14188328
1,1,0.6119952
1,0,0.049926657
0,0,0.077043734
0,0,0.23984644
0,0,0.3131718
0,0,0.06880895
0,0,0.058110006
1,0,0.3132528
1,0,0.1776643
0,0,0.17144707
1,0,0.2736065
0,0,0.101664394
1,0,0.11056502
0,0,0.16368212
1,0,0.1773559
0,0,0.47671917
0,0,0.10096972
1,0,0.32735848
0,0,0.09246666
0,0,0.18946382
1,1,0.6618711
0,0,0.16108023
0,0,0.15798424
1,0,0.070817366
0,0,0.27936134
0,0,0.41525266
0,0,0.1120637
0,0,0.06372111
0,0,0.1756682
0,0,0.1224437
0,0,0.0707685
0,0,0.16490656
1,1,0.7580648
1,0,0.08485795
0,0,0.039620683
1,0,0.1472278
1,0,0.16124493
1,1,0.65563846
0,0,0.08514008
0,0,0.11096619
0,0,0.057217505
0,0,0.30924022
0,0,0.1943328
0,0,0.05214651
0,0,0.23708034
0,0,0.09160727
1,0,0.37311155
0,0,0.09258902
0,0,0.13515422
0,0,0.07444757
0,0,0.080531254
1,1,0.5707922
1,0,0.3176832
0,0,0.07014816
0,0,0.058161642
0,0,0.2026664
1,1,0.7490547
0,0,0.1784607
0,0,0.059335284
0,0,0.10409531
0,0,0.104689114
0,0,0.15558106
1,0,0.1515717
0,0,0.3039012
1,1,0.7347157
1,1,0.59462094
0,0,0.09174021
0,0,0.19736505
1,0,0.06253022
0,0,0.04241529
0,1,0.6430584
1,0,0.27615258
0,0,0.0403339
0,0,0.04594459
0,0,0.055253513
1,1,0.6426485
0,0,0.059525635
0,0,0.0724801
1,1,0.7069558
0,0,0.17309709
0,0,0.080193095
0,0,0.07550169
0,0,0.046734475
1,1,0.654954
0,0,0.23389232
0,0,0.22457054
1,0,0.1384925
0,0,0.10284058
0,0,0.09304564
0,0,0.03266574
0,1,0.699719
0,0,0.07486637
0,0,0.18181533
0,0,0.17512056
1,0,0.13138703
1,0,0.18791822
0,0,0.057207834
0,0,0.13369794
0,0,0.1529702
1,0,0.10541155
1,1,0.65193266
0,0,0.14730792
0,0,0.101748995
1,0,0.4388946
0,0,0.057581294
1,1,0.65766007
0,0,0.11106275
0,0,0.08566536
0,0,0.06769415
0,0,0.03118987
0,0,0.09962186
0,0,0.099932335
0,0,0.15448776
1,1,0.846971
0,0,0.10403394
0,0,0.063050576
0,0,0.15363415
1,0,0.40693134
0,1,0.64852107
1,1,0.6380119
0,0,0.16533132
0,0,0.10582646
1,0,0.46179125
0,0,0.1523259
0,0,0.18365614
0,0,0.15976492
1,0,0.091217786
0,0,0.050142094
0,0,0.17191716
0,0,0.14280987
0,0,0.18733981
0,0,0.070127204
0,0,0.141451
0,0,0.09423093
0,1,0.56802654
1,1,0.6179392
0,0,0.11943952
0,0,0.246107
1,0,0.16290686
0,0,0.05350262
0,0,0.091769606
0,0,0.05304637
0,0,0.09689922
0,0,0.36201534
1,0,0.22611764
0,0,0.110751204
0,0,0.22671007
0,0,0.0923664
0,0,0.24229804
0,0,0.35781142
0,0,0.09632129
0,0,0.05511894
1,0,0.24444719
0,0,0.06737771
0,0,0.058509246
0,0,0.0918013
0,0,0.12563239
0,0,0.116964266
1,0,0.3541036
0,1,0.58763885
0,0,0.08024642
0,0,0.096959114
0,0,0.09465339
0,0,0.06161844
0,0,0.1580126
0,0,0.27769232
0,0,0.05795178
0,0,0.09757618
0,0,0.111903846
0,0,0.09804008
0,0,0.096657984
0,0,0.36146244
0,0,0.16662428
0,0,0.16970555
0,0,0.17913447
1,0,0.1520179
0,0,0.03859108
0,0,0.048971094
0,0,0.07967387
0,0,0.15896814
0,0,0.22679478
0,0,0.109078705
0,0,0.102192916
1,0,0.3006144
0,0,0.093408205
0,0,0.15249509
0,0,0.1421907
0,0,0.058237296
0,0,0.04049385
0,0,0.17827278
0,0,0.08539557
1,1,0.60076326
1,1,0.5040413
0,0,0.19357833
0,0,0.19624045
1,0,0.467404
0,0,0.1384164
0,0,0.32341173
0,0,0.11394547
0,0,0.19215287
0,0,0.054526415
1,0,0.37295365
0,0,0.033810247
0,0,0.23847711
0,0,0.06996663
0,0,0.3325046
0,0,0.06586381
0,0,0.16214822
1,0,0.037436128
1,0,0.20250118
0,0,0.2648301
1,0,0.22323826
0,0,0.16676243
0,0,0.04767799
0,0,0.28990886
0,0,0.11121636
1,0,0.1056146
0,0,0.09075573
0,0,0.060736917
0,0,0.4360023
1,1,0.5461673
0,0,0.19757669
0,0,0.09900035
0,0,0.1804773
0,0,0.036513202
0,0,0.123873584
0,0,0.11030158
0,0,0.26007694
0,0,0.050246827
0,0,0.06699048
0,0,0.18740122
0,0,0.06931967
0,0,0.2594058
0,0,0.1003198
0,0,0.058194313
0,0,0.06386115
0,0,0.12274583
0,0,0.05588715
1,1,0.6463347
0,0,0.079652265
0,0,0.19248083
0,0,0.2778803
0,0,0.130441
0,0,0.05396313
0,0,0.16228172
0,0,0.1015194
1,1,0.7337532
0,0,0.13675119
0,0,0.08327803
1,0,0.13347986
0,0,0.29285026
0,0,0.170149
0,0,0.2400246
0,0,0.14823891
0,0,0.1534728
1,0,0.19154242
0,0,0.08654959
0,0,0.04785669
0,0,0.09857638
0,0,0.15891689
0,1,0.6636871
0,0,0.11796282
0,0,0.07616124
0,0,0.15692084
1,0,0.21210645
0,0,0.09189934
0,0,0.22042446
0,0,0.19767684
0,0,0.23337927
0,0,0.3778985
0,0,0.16767931
1,1,0.6575885
0,0,0.45645413
0,0,0.09058316
0,0,0.07938493
0,0,0.11532782
0,0,0.30473047
1,1,0.6434172
1,1,0.66074806
0,1,0.65057784
1,1,0.7678215
0,0,0.12879558
1,1,0.5920452
0,1,0.69858235
0,0,0.16915287
1,1,0.75666815
0,0,0.43019968
0,0,0.26109222
1,0,0.14172299
0,0,0.1938308
1,0,0.1685765
0,0,0.11717591
1,1,0.74401504
0,0,0.06009431
1,1,0.6956807
0,0,0.1354448
0,0,0.1130066
1,0,0.46253943
1,1,0.7915825
0,0,0.13686563
0,0,0.10043653
0,0,0.081364654
0,0,0.10254209
0,0,0.22787286
1,1,0.7353782
0,0,0.09186982
0,0,0.10566668
0,0,0.124710724
1,1,0.7425185
0,0,0.045059443
0,0,0.104524374
0,0,0.12258458
1,0,0.24420364
0,0,0.12450572
0,0,0.17424163
1,0,0.2884218
0,0,0.1039248
0,0,0.13736661
0,0,0.19274327
0,0,0.30813855
0,0,0.207465
0,0,0.074978076
0,1,0.609776
0,0,0.12934747
0,0,0.11264427
0,0,0.27423114
0,0,0.09761459
0,0,0.08161479
0,0,0.39820546
0,0,0.07798045
1,1,0.70859987
0,0,0.12450025
0,0,0.12595803
1,0,0.1739744
0,0,0.39606875
0,0,0.2987226
0,0,0.067206465
0,0,0.067775525
0,0,0.048539236
0,0,0.15104425
0,1,0.6180761
0,0,0.19465616
1,0,0.30778852
0,1,0.63185835
0,0,0.39702883
0,0,0.1677794
1,1,0.7014964
0,0,0.099423625
0,0,0.04945149
0,0,0.14886752
0,0,0.0915446
1,0,0.35898396
0,0,0.131402
0,0,0.03837567
1,1,0.6361928
0,0,0.31493613
0,0,0.13114761
0,0,0.1103162
0,0,0.04622295
0,0,0.1481572
0,0,0.13593669
0,0,0.092624344
1,1,0.6503622
1,1,0.6603936
0,0,0.12512356
0,0,0.15215941
1,0,0.15021023
0,0,0.097258404
0,0,0.11916197
0,0,0.13479096
1,0,0.45605916
0,0,0.16036524
0,0,0.29177964
1,1,0.75150955
0,0,0.09040475
1,1,0.7191813
0,0,0.431765
0,0,0.08221533
0,0,0.14274824
0,0,0.098457426
0,0,0.055307664
1,1,0.7019853
1,0,0.26212105
0,0,0.24223652
0,0,0.21540534
0,0,0.08147646
0,0,0.21706674
1,1,0.6798226
0,0,0.062226973
0,0,0.036803674
0,0,0.08265886
0,1,0.752332
0,0,0.09835756
0,0,0.09656765
0,0,0.14711344
1,0,0.17352535
0,0,0.13477373
1,0,0.27362078
1,0,0.103775986
0,0,0.10424732
0,0,0.10683072
0,0,0.17476471
0,0,0.13251024
0,0,0.16938913
0,0,0.1272806
0,1,0.6511742
0,0,0.3771005
0,0,0.05678696
0,0,0.30093917
0,0,0.22293848
1,1,0.6090588
0,0,0.099423625
0,0,0.15348744
0,0,0.16403848
0,0,0.08194791
0,0,0.41651925
1,0,0.2144194
0,0,0.1068752
1,0,0.40645254
0,0,0.09341266
0,0,0.18667209
0,0,0.10232144
1,1,0.5198296
1,1,0.62792087
0,0,0.0948937
0,0,0.057544783
0,0,0.08186427
0,1,0.615381
0,0,0.13230412
0,0,0.4667746
0,0,0.05792874
0,0,0.057268005
0,0,0.104753576
1,0,0.18193482
1,0,0.28288195
0,0,0.1588585
1,0,0.15554321
0,0,0.04218909
0,0,0.10004312
0,1,0.65782356
0,0,0.064966165
0,0,0.10540361
1,1,0.67910635
0,0,0.03597134
1,0,0.47153682
0,0,0.19807968
0,0,0.049818788
0,0,0.106492676
0,0,0.11580265
1,1,0.71771735
0,0,0.0615967
0,0,0.059450228
0,0,0.12935065
0,0,0.16114013
0,0,0.08302092
1,1,0.7440285
0,0,0.08384461
0,0,0.39938217
0,0,0.059295315
1,0,0.41526842
0,0,0.15808573
0,1,0.60180146
0,0,0.053899933
0,0,0.117953904
0,0,0.10063447
0,0,0.057796225
0,0,0.2511448
1,1,0.8132652
0,0,0.08569581
0,0,0.09726847
1,0,0.29218957
0,0,0.20717037
0,0,0.027899377
0,0,0.18594347
1,1,0.6583761
0,0,0.09001809
0,0,0.13361064
1,1,0.67863363
0,0,0.08543302
1,1,0.6596418
0,0,0.056241646
0,0,0.28013498
0,0,0.11447565
0,0,0.1257379
1,1,0.693121
0,0,0.16533455
0,0,0.15957038
1,0,0.15334125
0,0,0.11330971
1,0,0.4735878
1,0,0.20081836
0,0,0.088692255
1,0,0.3846475
1,0,0.19066814
0,0,0.10248481
1,0,0.3019927
1,0,0.19236618
0,0,0.089902475
1,0,0.14276761
0,0,0.09110512
0,0,0.38519043
0,0,0.34225884
0,0,0.2492309
1,1,0.6244127
1,0,0.13426675
0,0,0.37300387
0,0,0.10231563
1,1,0.7242962
1,0,0.14917874
0,0,0.10706508
0,0,0.26514846
0,0,0.3078472
0,0,0.16623278
0,0,0.054241985
0,0,0.10686035
0,0,0.08566146
1,0,0.10827778
0,0,0.26152027
1,0,0.2642279
0,0,0.10589486
1,1,0.8213038
0,0,0.15861142
1,0,0.3172712
0,0,0.07926606
0,0,0.07166925
0,0,0.07733672
0,0,0.11987688
0,1,0.65926844
0,0,0.14192098
0,0,0.118568115
0,0,0.09227451
0,0,0.14250459
0,0,0.2089459
0,0,0.17446543
0,0,0.208096
0,0,0.1329029
0,1,0.6167829
0,0,0.13000406
0,0,0.05274128
0,0,0.10982037
0,0,0.2770886
0,0,0.33891565
0,0,0.06768764
0,0,0.18721041
0,0,0.085857615
1,0,0.42004523
1,1,0.6334456
0,0,0.21587369
1,0,0.26524806
1,0,0.38471237
0,0,0.037343185
0,0,0.44345072
0,0,0.11792178
1,0,0.26570386
0,0,0.119122334
0,0,0.14780204
0,0,0.10205729
0,0,0.10303137
0,0,0.3667414
1,1,0.8018831
0,0,0.12963468
0,0,0.143197
0,0,0.21339531
1,0,0.2150245
0,0,0.3471626
0,0,0.10484632
1,0,0.22737722
0,0,0.30644304
0,0,0.13008207
0,1,0.6166352
0,0,0.039274223
0,0,0.07750179
1,1,0.69446063
0,0,0.07789451
0,0,0.04885369
0,0,0.14540139
0,0,0.17104273
0,0,0.10283277
0,0,0.14955872
1,0,0.13120799
0,0,0.45090216
0,0,0.16298728
0,0,0.1270267
0,0,0.20929448
0,0,0.18199643
0,0,0.09634443
1,1,0.6392175
0,0,0.24744096
0,0,0.16465501
0,0,0.21106148
0,0,0.121271126
0,0,0.112425186
0,0,0.08744406
0,0,0.096774854
0,0,0.11876632
1,1,0.6703799
0,0,0.1518909
0,0,0.12747271
1,0,0.28288195
0,0,0.100354664
0,0,0.06369783
0,0,0.10102518
0,1,0.6176789
0,0,0.38814983
0,0,0.09823094
1,0,0.17608057
0,0,0.06351812
1,0,0.1582153
1,0,0.08461022
1,1,0.5483819
0,0,0.34548587
1,1,0.7048322
1,1,0.69729745
0,0,0.095100895
1,0,0.29383793
0,0,0.19247623
0,0,0.18131849
1,1,0.50036824
1,1,0.7291576
1,0,0.21873966
1,0,0.14755793
0,0,0.04356915
0,0,0.045206908
0,1,0.54543304
1,0,0.14026085
1,0,0.19837289
1,0,0.13214032
1,1,0.5845307
0,0,0.18209396
0,0,0.10333198
1,0,0.07061415
0,0,0.06726089
0,0,0.12892841
0,0,0.08525456
0,0,0.07311861
1,0,0.4346297
1,0,0.10976219
0,0,0.060016293
0,0,0.17948918
0,0,0.10168725
0,0,0.13921957
1,0,0.45193005
0,0,0.042257402
0,0,0.1320812
1,1,0.634466
1,1,0.7270443
0,1,0.7471264
0,0,0.13958739
1,0,0.10607939
0,0,0.12899083
0,0,0.14364149
0,0,0.26634353
1,1,0.63009655
1,0,0.14122579
1,0,0.33860314
1,0,0.12647872
0,0,0.40779194
1,0,0.21007124
1,0,0.34886208
0,0,0.05993398
0,0,0.4239898
0,0,0.40482527
0,0,0.1394947
0,0,0.045271173
0,0,0.07860977
0,0,0.097107664
0,0,0.07455457
0,0,0.10047915
1,0,0.13368617
0,0,0.115220785
0,0,0.20981461
0,0,0.12425217
0,0,0.106414184
0,0,0.20875165
1,1,0.6851882
1,0,0.293888
1,0,0.09945037
1,1,0.67934185
0,0,0.102371246
0,0,0.092490055
0,0,0.07429225
0,0,0.100484304
1,1,0.6178545
0,0,0.23292899
0,0,0.14275452
0,0,0.13805144
0,0,0.15406285
0,0,0.071373075
0,0,0.09454142
1,0,0.18868725
0,0,0.24720398
0,0,0.034882013
0,0,0.27573645
0,0,0.16347353
1,0,0.0916048
0,0,0.12534493
0,0,0.13340212
1,1,0.73958766
0,0,0.25737125
1,0,0.14048742
0,0,0.057124216
1,0,0.10199195
0,0,0.059118308
1,0,0.25041714
1,0,0.14201707
0,0,0.10200307
0,0,0.0692625
0,1,0.61172336
1,1,0.62800354
0,0,0.06539521
1,0,0.26706788
1,1,0.665601
0,0,0.06341042
0,0,0.056145053
0,0,0.11644629
1,0,0.058251295
0,0,0.0698984
0,0,0.3081709
0,0,0.11359865
0,0,0.13069695
0,0,0.3039012
0,0,0.12655678
0,0,0.13202071
0,0,0.18212724
0,0,0.18906698
0,0,0.14009243
0,0,0.091349244
0,0,0.102620445
1,0,0.056111608
1,1,0.8002845
0,0,0.19520666
0,0,0.42112273
0,0,0.12330113
0,0,0.086535774
0,0,0.11698689
0,0,0.13045894
0,0,0.06288035
0,0,0.19939
0,0,0.12419504
1,0,0.20871666
0,0,0.061418775
0,0,0.08900994
1,1,0.76193136
1,1,0.76430684
1,0,0.40955752
1,0,0.15260836
1,1,0.7245573
0,0,0.21815555
1,1,0.73750126
0,0,0.07710474
0,0,0.13142277
1,0,0.24688706
0,0,0.054000594
0,0,0.07909028
0,0,0.21392325
1,1,0.6378118
0,1,0.64439076
1,1,0.75204706
0,0,0.086216494
0,0,0.07917222
0,0,0.12686762
0,0,0.0709387
0,0,0.12338383
1,0,0.294033
0,0,0.18845516
0,0,0.18524149
1,0,0.46959507
1,1,0.7478023
0,0,0.17071311
0,0,0.18127474
0,0,0.29068437
0,0,0.39402086
0,0,0.09197034
0,0,0.10194198
1,0,0.31405234
0,0,0.29876637
0,0,0.13471612
1,0,0.15085587
0,0,0.24325918
1,1,0.6730854
0,0,0.4599976
0,0,0.066543564
0,0,0.08413575
0,0,0.052301906
1,0,0.27085236
0,0,0.10294439
0,0,0.08367212
0,0,0.12490578
0,0,0.058796886
0,0,0.08429717
0,0,0.0767301
0,0,0.12655786
0,0,0.21369962
0,0,0.18788399
0,0,0.30130714
0,0,0.09753501
1,0,0.04562843
0,0,0.13028117
0,0,0.1040844
0,0,0.111407064
0,0,0.054021705
0,0,0.3039012
0,0,0.054345675
0,0,0.0935227
0,1,0.56100655
0,0,0.3103525
0,1,0.59730464
0,0,0.16482681
1,0,0.16600764
1,0,0.42098185
1,0,0.2016704
0,0,0.109537505
1,0,0.15923308
0,0,0.15376267
1,0,0.35857964
0,0,0.21484008
0,0,0.23083413
1,1,0.67650324
0,0,0.14522678
1,1,0.5192021
0,0,0.06675668
0,0,0.16968916
1,1,0.65912896
0,0,0.030632261
1,1,0.72843283
1,0,0.2736772
0,0,0.14791636
1,1,0.6273751
0,0,0.09231699
0,1,0.7335414
0,0,0.1276807
0,0,0.09862372
0,0,0.12374317
0,0,0.12840195
0,0,0.105102465
0,0,0.46045265
0,0,0.17004731
0,0,0.14048968
0,0,0.13582431
0,0,0.23046143
0,0,0.13931558
0,0,0.23067264
1,0,0.25693202
0,0,0.09260749
1,0,0.15058504
0,0,0.4208044
1,0,0.10010532
0,0,0.27751246
0,0,0.1898248
0,0,0.098901
1,1,0.5258062
0,0,0.10485344
0,0,0.13687462
1,0,0.1324025
0,0,0.10630263
0,0,0.29206917
0,0,0.13009575
1,0,0.09819114
1,0,0.101410955
1,1,0.7555254
0,0,0.13440476
0,0,0.11622989
0,0,0.07673342
1,0,0.27210128
0,0,0.23392686
0,0,0.07623065
1,0,0.3390324
0,1,0.6634392
0,0,0.054076616
1,0,0.0852622
0,1,0.6670717
0,0,0.091215335
1,0,0.15169625
1,0,0.29988495
0,0,0.069306575
0,0,0.16726318
0,0,0.11377727
0,0,0.32959566
0,0,0.17094651
0,0,0.15982303
0,0,0.2511448
0,0,0.0804227
0,0,0.32766902
0,0,0.15816616
0,0,0.11215182
0,0,0.1521562
0,0,0.18279555
1,0,0.12738964
0,0,0.078634486
0,0,0.039528668
0,0,0.10027574
0,0,0.04422446
0,0,0.1700146
0,0,0.062540196
1,1,0.71661675
1,0,0.4384852
1,1,0.7478613
0,0,0.084543765
0,0,0.10408917
1,0,0.47927147
1,0,0.33683178
1,0,0.13059047
1,0,0.35964325
0,0,0.24605776
0,0,0.16045928
0,0,0.15328029
1,0,0.26590732
0,0,0.04780718
0,0,0.0955658
0,0,0.38750026
1,0,0.13078016
1,0,0.1274576
0,0,0.09643672
0,0,0.1566594
0,0,0.095915735
0,0,0.046824917
0,1,0.64383
0,0,0.16219674
0,0,0.23739912
0,0,0.1917944
1,1,0.74967396
0,0,0.20721978
0,0,0.13154902
0,0,0.28657886
0,0,0.28466243
1,0,0.1251224
1,0,0.1682702
0,0,0.26904437
0,0,0.10744129
0,0,0.07154049
0,0,0.13168691
0,0,0.09212812
0,0,0.20325771
0,0,0.20239778
0,0,0.15050355
0,0,0.4735101
0,0,0.14523832
0,0,0.12780884
0,0,0.076362096
0,0,0.2125536
0,0,0.030280625
0,0,0.13492696
0,0,0.09953126
1,0,0.26293424
0,0,0.10227953
0,0,0.08960463
0,1,0.6263797
0,0,0.23837012
0,0,0.22818658
0,0,0.1265544
0,0,0.07631083
0,1,0.6341401
1,1,0.55488527
1,0,0.19757597
1,0,0.25889677
0,0,0.21656148
0,0,0.18265463
0,0,0.06797645
1,0,0.14010099
1,0,0.20598675
1,0,0.32142597
0,0,0.29353982
0,0,0.19156674
0,0,0.23190334
0,0,0.1545307
0,0,0.10324787
1,0,0.48315462
0,0,0.21081892
1,0,0.1325669
0,0,0.08276211
0,0,0.15562274
1,1,0.7361537
0,0,0.08419277
0,0,0.32971764
1,1,0.6833051
0,1,0.6706318
1,0,0.13119689
0,0,0.089307435
0,0,0.4838444
1,1,0.57808006
0,0,0.10307778
1,1,0.7804701
0,0,0.109109916
1,1,0.72945285
0,0,0.08854587
0,0,0.111128844
0,0,0.12823887
1,0,0.29374364
0,0,0.13308375
1,1,0.7139194
0,0,0.07624877
0,0,0.07458467
0,0,0.1021494
0,0,0.27177548
0,0,0.21471064
1,0,0.45444602
0,0,0.12702735
1,1,0.68875873
1,1,0.63907236
1,0,0.42966193
1,0,0.35884023
0,0,0.11844291
1,0,0.3061149
0,0,0.15256806
1,0,0.18959165
0,0,0.12403309
0,0,0.10307778
1,1,0.63248354
0,0,0.2885731
1,1,0.7732271
1,0,0.41104886
0,0,0.21374397
0,0,0.110014915
0,0,0.1365181
0,0,0.12365134
1,0,0.20142278
0,0,0.25212714
0,0,0.46726298
0,0,0.16876945
0,0,0.10569312
1,0,0.15919548
0,0,0.20781836
1,1,0.7568887
0,0,0.21323954
0,0,0.1464926
1,1,0.54778785
1,0,0.37091896
1,1,0.6552922
0,0,0.21502282
1,1,0.6434073
0,0,0.08461614
1,1,0.7403746
1,1,0.7515236
0,0,0.08356301
1,1,0.51207584
1,0,0.35598782
0,0,0.04466237
1,1,0.7368936
0,0,0.16819842
1,0,0.4153388
0,1,0.75395066
1,1,0.59868056
0,0,0.26990122
0,0,0.1745864
0,0,0.42284247
0,0,0.257987
0,1,0.67463046
0,0,0.07474726
0,0,0.15340103
0,0,0.10035643
0,0,0.13018787
0,0,0.16013408
0,0,0.1282331
0,0,0.11999611
0,0,0.14163274
1,0,0.42108113
0,0,0.04455021
0,0,0.09425221
0,0,0.3080299
0,0,0.3102068
0,0,0.34972236
1,1,0.6373677
1,1,0.71488726
1,0,0.43938366
0,0,0.13295016
0,0,0.19712764
1,0,0.100354664
0,0,0.05713382
0,0,0.48851907
0,1,0.62127715
0,0,0.05792648
0,0,0.15592085
1,0,0.103394344
0,0,0.33462188
1,1,0.8113929
0,0,0.22144426
0,0,0.08677717
0,0,0.09160749
1,1,0.78288317
1,0,0.15091075
0,0,0.0888997
1,0,0.33679295
0,0,0.2075169
0,0,0.121588126
0,0,0.055174313
0,0,0.14132982
1,1,0.51791185
0,0,0.2609499
0,0,0.3190134
0,0,0.128719
1,0,0.19291162
0,1,0.6598362
0,0,0.09634663
0,0,0.14083003
0,0,0.40686542
0,0,0.19069897
0,1,0.6663612
0,0,0.08070056
1,0,0.4328681
0,0,0.16056257
0,0,0.102283254
0,1,0.7281179
1,0,0.15047128
0,0,0.0914461
1,0,0.14828207
0,0,0.06146251
0,0,0.06958046
0,0,0.054631334
0,0,0.047292814
0,0,0.13227783
0,0,0.3180724
0,0,0.18146747
1,1,0.7341751
0,1,0.6350867
1,0,0.46814585
1,0,0.10241255
0,0,0.20143288
0,0,0.05947527
1,0,0.22180772
0,0,0.18597755
0,1,0.7780892
0,0,0.10647751
1,1,0.7191065
0,0,0.12396539
0,0,0.080612704
0,0,0.15437314
0,0,0.183836
0,0,0.40955752
1,0,0.3132528
0,0,0.09304185
0,1,0.582144
0,0,0.42846632
1,1,0.638938
0,0,0.10499013
1,0,0.11627901
0,0,0.1611762
0,0,0.19729458
0,0,0.061647624
0,0,0.06670199
0,0,0.20235056
0,1,0.6118336
0,0,0.12294549
1,1,0.6850391
0,0,0.09307244
0,0,0.113471374
1,1,0.7341751
1,1,0.60441005
1,0,0.0974249
0,0,0.1455616
0,0,0.09563534
0,0,0.20920038
1,0,0.3342254
0,0,0.20044087
1,1,0.6515957
1,1,0.73846143
0,0,0.028781481
1,0,0.19307192
1,0,0.47055984
0,0,0.13445398
1,0,0.3786985
1,1,0.6878195
0,0,0.09900035
0,0,0.44794816
0,0,0.26886848
1,0,0.27615258
0,0,0.101754196
0,0,0.103870176
0,0,0.12866792
0,0,0.20710902
1,1,0.5509074
0,0,0.21168774
1,0,0.44130608
0,0,0.15045099
0,0,0.12396057
1,0,0.22015463
0,0,0.10893542
0,0,0.25373682
0,0,0.05145397
0,0,0.12941356
0,0,0.14028427
0,0,0.10304203
0,0,0.09343901
1,1,0.74585015
0,0,0.14990203
0,0,0.098808125
0,0,0.045948237
1,0,0.13185787
1,0,0.44377866
0,0,0.14075962
0,0,0.1018325
0,0,0.16766505
0,0,0.053942658
0,0,0.28952524
0,0,0.10168725
0,0,0.41981864
0,0,0.12139639
0,0,0.14133643
0,0,0.14600937
0,0,0.24614385
1,0,0.40842628
0,0,0.13365026
0,0,0.40533668
0,0,0.1333257
1,1,0.73590267
0,0,0.15976134
0,0,0.30257076
1,0,0.41117755
0,0,0.0946175
1,0,0.35179228
1,1,0.72723174
1,1,0.64155525
0,0,0.11650573
0,0,0.041341744
1,1,0.68182933
0,0,0.1269289
0,0,0.11755307
0,1,0.7268921
0,0,0.38107353
0,0,0.18717897
1,1,0.7886148
1,0,0.29460737
0,0,0.065762624
0,0,0.1294521
0,0,0.1281566
0,1,0.73572135
0,0,0.07359359
0,0,0.10334897
0,0,0.13097459
0,0,0.11201804
0,0,0.09403378
0,0,0.32191575
1,0,0.35967815
0,0,0.17925394
1,1,0.7287267
0,0,0.117915176
0,0,0.10418686
0,0,0.10091167
1,0,0.24056065
0,0,0.17154655
0,0,0.06956381
1,0,0.10410286
0,0,0.15129243
1,1,0.6291504
0,0,0.10257945
0,0,0.040832464
0,0,0.07397758
0,0,0.2368292
1,1,0.6061501
0,0,0.13350484
1,0,0.4378495
0,0,0.104303434
1,0,0.16241841
0,1,0.74001795
1,0,0.1314583
0,0,0.18934831
0,0,0.08431278
0,0,0.1328404
0,0,0.10458617
1,0,0.34835064
0,0,0.08635187
1,0,0.42543447
0,0,0.1548603
0,0,0.4346297
0,0,0.4626325
1,0,0.1071893
0,0,0.06591627
0,0,0.06603365
0,0,0.0665352
0,1,0.7215318
0,0,0.22676513
0,0,0.1601106
0,0,0.44883728
0,0,0.10278318
1,0,0.39237028
0,0,0.1784141
1,0,0.12837856
0,0,0.12729779
0,0,0.17445587
0,0,0.12941942
0,0,0.097693056
0,0,0.096443176
0,0,0.13386756
1,1,0.7155721
0,0,0.19884355
0,1,0.656099
0,0,0.16538168
0,0,0.14998507
1,0,0.14727457
0,1,0.591382
0,0,0.17364497
1,1,0.69196767
1,1,0.70374876
1,0,0.25109535
0,0,0.13857484
0,0,0.20975843
0,0,0.10203922
0,0,0.13356961
0,0,0.07842343
0,0,0.16200444
1,0,0.37845725
1,0,0.13669121
0,0,0.40790853
1,0,0.3750627
1,0,0.13001962
1,0,0.14583606
1,0,0.33825937
0,0,0.12391845
1,0,0.26123714
1,1,0.8046477
1,1,0.7642193
0,0,0.11490232
0,0,0.10132464
0,1,0.76373994
0,0,0.07430362
0,0,0.12049697
0,0,0.04962734
0,0,0.22595097
0,0,0.1171933
0,1,0.51221246
1,0,0.48406002
0,0,0.12384163
1,0,0.49432743
0,0,0.14084142
0,0,0.06890645
0,0,0.2711102
0,0,0.14562921
1,0,0.2241955
1,0,0.09762446
0,0,0.09628177
0,0,0.044185225
0,0,0.113002405
0,0,0.14360185
1,1,0.7014032
1,0,0.16202275
1,0,0.14115389
0,0,0.17676917
0,0,0.08481308
0,0,0.10225228
0,0,0.14738636
0,0,0.06534813
0,0,0.21836062
0,0,0.07907577
0,1,0.53905463
0,0,0.11421782
1,0,0.13670433
1,0,0.09455968
1,0,0.2475606
0,0,0.113443464
0,0,0.07324405
1,0,0.07718189
0,0,0.1303832
1,0,0.11572884
1,1,0.69054073
0,1,0.5197719
1,1,0.66194147
0,0,0.10242711
0,0,0.10400447
0,0,0.13919252
1,1,0.78805846
1,0,0.3046614
0,0,0.07734349
0,0,0.15160857
0,0,0.10504025
0,0,0.16260016
1,0,0.3131718
1,0,0.2025416
0,0,0.1149883
1,1,0.65932333
0,0,0.16741966
1,1,0.66258276
0,0,0.08858513
0,0,0.16784202
0,0,0.051609688
1,1,0.73707795
0,0,0.29372972
0,0,0.17515121
0,1,0.6737188
0,0,0.1429286
1,0,0.41158384
0,0,0.10794544
0,0,0.07734349
0,0,0.07217803
1,0,0.15482816
1,0,0.16654573
0,0,0.21515399
0,0,0.06998421
0,0,0.13548367
0,0,0.23229682
0,0,0.05987393
1,1,0.52799344
0,0,0.1847647
1,0,0.36185148
1,0,0.17830752
0,0,0.26136604
0,0,0.31925014
0,0,0.1015122
0,0,0.071624584
1,0,0.18573035
0,0,0.04183436
0,0,0.13679634
0,0,0.44097847
0,0,0.18022493
0,0,0.083339974
0,0,0.12116329
1,0,0.18426237
0,0,0.1255635
0,0,0.107738316
0,0,0.11016171
0,0,0.054960776
1,1,0.7456316
0,0,0.050960917
0,0,0.24589156
0,0,0.10546459
0,0,0.12825465
1,0,0.15919104
1,0,0.2025416
0,0,0.2108654
0,0,0.05627137
0,0,0.07530204
0,0,0.10429619
0,0,0.20360944
0,0,0.099487364
0,0,0.1844856
0,0,0.11174527
0,0,0.06311051
0,0,0.14493135
0,0,0.09332101
1,0,0.26902047
1,1,0.5947063
0,0,0.11794053
0,0,0.058553252
0,0,0.11240161
0,0,0.21729898
0,0,0.123809345
1,1,0.5541635
0,0,0.05518299
0,0,0.09960183
0,0,0.08549737
0,0,0.21121737
0,1,0.7676957
0,0,0.2967946
0,0,0.107121274
1,0,0.34169266
0,0,0.26216877
0,0,0.15698098
1,1,0.57633895
0,0,0.1028164
0,0,0.11333206
0,0,0.114830494
0,0,0.12576777
0,0,0.13441034
0,0,0.3032405
1,1,0.7750151
0,0,0.22377178
0,0,0.16183662
0,0,0.13341758
0,0,0.14637883
1,1,0.7856022
0,0,0.119360305
0,0,0.07969359
1,0,0.11162445
1,1,0.5919181
1,1,0.69301355
0,0,0.12685083
0,0,0.06255563
0,1,0.6376971
0,1,0.54032654
0,0,0.15107869
0,0,0.102823295
1,1,0.6190468
0,0,0.22484206
0,0,0.066490196
1,0,0.30890563
0,1,0.735677
0,0,0.21997933
0,0,0.13086727
0,1,0.56785756
0,0,0.043060236
0,0,0.06140137
1,0,0.2067737
1,1,0.74193686
1,0,0.12976061
0,0,0.081952445
1,1,0.6842522
0,0,0.072575636
0,0,0.12454941
0,0,0.06707431
0,0,0.3392192
0,0,0.18494174
1,0,0.099521376
1,1,0.62580717
0,0,0.17881782
1,0,0.48130023
0,0,0.057255678
1,1,0.68237025
0,0,0.16096011
0,0,0.0928365
0,0,0.47226632
1,0,0.2475766
0,0,0.20481922
0,0,0.061861094
0,0,0.11129227
0,0,0.08411999
0,0,0.13209972
0,0,0.04639587
0,0,0.09623383
1,0,0.09241072
1,1,0.61287427
0,0,0.2963393
0,0,0.07717372
0,0,0.29999384
1,1,0.7119928
1,0,0.19227897
0,0,0.15971598
1,1,0.62562364
0,1,0.68166363
0,0,0.15712014
0,0,0.06467818
0,0,0.2736046
0,0,0.092862464
0,0,0.13653056
1,0,0.29340458
0,0,0.09807757
0,0,0.1547831
0,1,0.69623965
0,0,0.18115728
1,0,0.3820924
1,0,0.08568664
0,1,0.7313351
0,0,0.05277662
0,0,0.16507886
0,0,0.18825945
0,0,0.21974935
0,0,0.15606312
0,0,0.2176278
1,1,0.6388517
0,0,0.10335118
1,0,0.3749399
0,0,0.123682275
1,0,0.35450926
1,1,0.6506344
0,0,0.21181984
0,0,0.13142926
1,0,0.16893204
0,0,0.19996
1,1,0.6300134
1,0,0.15674087
1,0,0.20847984
0,0,0.15047458
0,0,0.1307045
0,0,0.39131054
1,1,0.7540903
0,0,0.3074807
1,1,0.8078473
1,0,0.20537521
0,0,0.1047947
0,0,0.094181605
0,0,0.17149858
0,0,0.14791636
1,1,0.7208272
0,0,0.35222512
0,0,0.07398523
0,0,0.045398496
1,1,0.7107271
0,0,0.24162269
1,0,0.20046514
1,0,0.18117465
0,0,0.11749459
1,1,0.6847009
1,1,0.6640276
1,1,0.685118
1,1,0.565655
1,1,0.62972933
1,0,0.13860865
0,0,0.22847526
0,1,0.7010048
0,0,0.16629611
1,1,0.5962568
1,0,0.1687459
1,1,0.6435554
1,0,0.14971659
0,1,0.6275718
0,0,0.16479559
1,0,0.36562493
0,0,0.16687934
0,0,0.07756266
0,0,0.12530884
0,0,0.07650693
0,0,0.1051683
1,1,0.63264155
0,0,0.09157566
1,0,0.13600254
0,0,0.10315804
0,0,0.246107
0,0,0.24190646
0,0,0.14626913
1,1,0.7028556
0,0,0.29785356
0,0,0.20132232
0,0,0.099026926
0,0,0.08278217
0,0,0.17123349
0,0,0.113333516
0,0,0.3947698
0,0,0.1406241
1,1,0.53410125
0,0,0.43794447
1,1,0.5128786
0,0,0.1957448
0,0,0.14904663
0,0,0.09744956
0,0,0.42454782
1,0,0.109852284
0,0,0.10280049
0,0,0.0687965
0,0,0.1027379
0,0,0.12282273
0,0,0.099893704
0,0,0.105487
0,0,0.08491038
1,1,0.59462893
1,0,0.20794822
0,0,0.25108373
0,0,0.2383085
0,0,0.10449988
1,0,0.12970482
1,0,0.18916133
0,0,0.122759506
0,0,0.05224071
1,0,0.13468339
0,0,0.19408175
0,0,0.27965346
0,0,0.123992845
0,0,0.12575465
0,0,0.21713492
0,0,0.104018316
0,0,0.13077709
0,0,0.14637177
0,0,0.08227682
0,0,0.057302948
0,0,0.20635736
1,1,0.72824425
0,0,0.12155035
0,0,0.10351299
0,0,0.0672297
0,0,0.13514237
0,0,0.2056608
0,0,0.06978192
0,0,0.2024783
1,1,0.7246438
0,0,0.14048626
0,0,0.14830883
1,0,0.19709344
1,1,0.6290052
0,0,0.0873786
0,0,0.12622611
1,0,0.0962839
1,0,0.37982303
1,0,0.3670529
1,0,0.37471962
1,1,0.7341751
0,0,0.1107624
1,0,0.41895795
0,0,0.07089061
0,0,0.053316016
0,0,0.07190134
1,0,0.18990378
0,0,0.177276
0,0,0.39053738
0,0,0.19587517
0,0,0.14081477
0,0,0.07944113
0,0,0.06388707
1,1,0.6480405
1,1,0.6849102
1,1,0.757455
0,0,0.028080188
0,0,0.18687451
0,0,0.067635745
1,1,0.67196393
0,0,0.06118179
0,0,0.08969796
0,0,0.17224976
0,0,0.15494469
0,0,0.09722857
0,0,0.16020618
0,0,0.1373084
0,0,0.14302236
0,0,0.12704597
0,0,0.12662841
0,0,0.24666308
0,0,0.2546018
0,0,0.10416206
0,0,0.18233226
1,1,0.74157226
0,0,0.08539985
0,0,0.078049265
0,0,0.13243829
0,0,0.05174886
1,0,0.158344
1,1,0.6841279
0,0,0.1485988
0,0,0.052063573
0,0,0.05645632
0,0,0.06138833
0,0,0.09447748
0,0,0.089059345
0,0,0.35956275
1,1,0.58989835
1,1,0.6081719
0,1,0.60752946
0,1,0.54845643
0,0,0.0463835
1,0,0.18337621
0,0,0.136636
0,0,0.07826368
0,0,0.14160638
0,0,0.15260701
0,0,0.09874976
0,0,0.08755273
0,0,0.19858964
1,1,0.6186624
0,0,0.07389609
1,1,0.7359137
0,0,0.07604666
0,0,0.14123778
0,0,0.16770954
1,1,0.73257416
0,0,0.3831866
0,0,0.15798822
0,0,0.0832271
0,0,0.17340532
0,0,0.22935446
1,0,0.3557785
0,0,0.1269553
0,0,0.20023917
0,0,0.14410006
0,0,0.16310297
0,0,0.45435783
1,0,0.29312
0,0,0.15858333
0,0,0.12027307
0,0,0.09978008
0,0,0.21277638
0,0,0.2508141
0,0,0.061399773
0,0,0.106700346
0,0,0.09911675
0,0,0.06627588
0,0,0.122323684
1,1,0.72299
0,0,0.3202856
1,1,0.79437727
0,0,0.1339772
1,1,0.7043106
1,1,0.73590475
1,1,0.6332436
0,0,0.06406091
0,0,0.13788773
1,1,0.81664664
0,0,0.18856911
0,0,0.14631617
0,0,0.13728829
0,0,0.10240771
1,1,0.65107805
0,0,0.21113048
0,0,0.18818732
1,1,0.83760154
1,1,0.7088665
1,0,0.07274186
0,0,0.10247459
1,0,0.35401407
0,1,0.6371105
0,0,0.13496158
1,1,0.66081345
1,1,0.73379254
1,1,0.643572
1,0,0.111739695
0,0,0.17801723
0,0,0.15632057
0,0,0.103095256
0,0,0.12970482
0,0,0.11773202
0,0,0.09278495
1,0,0.1341282
1,1,0.5245711
0,0,0.16614689
0,0,0.11959722
0,0,0.3398263
0,0,0.099015094
0,0,0.06455508
0,0,0.09109102
0,0,0.06895212
0,0,0.28893018
1,0,0.14909425
0,0,0.10436803
0,0,0.19180152
0,0,0.12414868
0,1,0.7283202
0,0,0.19821751
0,0,0.17449485
1,0,0.39505634
1,0,0.24436538
0,0,0.10544807
1,0,0.32130864
0,0,0.1487887
0,0,0.10557427
0,0,0.054846603
0,0,0.1205194
1,0,0.1685328
0,0,0.101574086
1,0,0.14797449
0,0,0.09154361
0,0,0.17404026
0,1,0.65598696
0,0,0.08120535
1,0,0.2854443
0,0,0.0891111
0,0,0.062094122
0,0,0.06520119
0,0,0.10240771
0,0,0.13218015
0,0,0.049093578
1,1,0.70316184
1,1,0.5744862
0,0,0.18066137
0,0,0.2560729
1,0,0.24944489
0,0,0.06512408
1,1,0.64483863
0,0,0.08124464
1,0,0.22468641
1,0,0.120930694
0,0,0.09317073
0,0,0.20048049
1,0,0.17439125
1,1,0.67062855
0,0,0.15963177
0,1,0.6101127
1,0,0.4584736
0,0,0.2522912
0,0,0.09395937
0,0,0.11347312
1,1,0.60580724
0,1,0.6167559
0,0,0.16819842
0,0,0.11681174
0,0,0.042032715
0,0,0.15978053
0,0,0.09258902
0,0,0.10137392
1,0,0.24085201
0,0,0.12697622
0,0,0.069801815
0,0,0.136539
0,0,0.037691757
0,0,0.094002746
0,0,0.05879001
0,0,0.35671365
0,0,0.3689209
0,0,0.07520192
0,0,0.09560404
0,0,0.16192949
0,0,0.0882177
0,0,0.058513377
0,0,0.118951604
0,0,0.046082478
0,0,0.08148345
0,0,0.08434964
1,0,0.35008553
0,0,0.09997545
1,1,0.52469975
0,0,0.13017559
0,0,0.1457461
0,0,0.23692323
1,0,0.13123499
0,0,0.046462413
0,0,0.102039434
1,1,0.64327466
0,0,0.042162977
1,0,0.267717
0,0,0.3704138
0,0,0.3125548
1,1,0.7588714
1,0,0.18261808
0,0,0.1096021
0,0,0.3117157
0,0,0.040018797
0,0,0.26990154
0,0,0.13110006
0,0,0.096039444
0,0,0.09804345
0,0,0.117714986
0,0,0.23492719
1,1,0.66185635
0,0,0.21452282
0,0,0.13653466
0,0,0.21068811
0,0,0.07320996
0,0,0.40008363
0,0,0.10452735
0,0,0.093711704
0,0,0.11829115
0,0,0.12645079
1,0,0.38721204
0,0,0.036110703
1,0,0.47106475
0,0,0.092453256
1,1,0.7163677
0,0,0.09693753
0,0,0.37252456
0,0,0.06804993
0,0,0.066994265
1,1,0.71028847
0,0,0.20544249
0,1,0.73422813
0,0,0.05593783
0,0,0.2511448
0,0,0.070934914
0,0,0.122666724
0,0,0.17601404
0,0,0.16656601
1,0,0.28519297
0,0,0.1776074
0,0,0.09018812
0,0,0.26179332
0,0,0.062337317
0,0,0.13532928
0,0,0.13491544
0,0,0.13996246
0,0,0.18973258
0,0,0.16843869
0,0,0.117119
1,1,0.7663266
0,0,0.12647852
1,1,0.5946199
0,0,0.35690558
0,0,0.20377009
0,0,0.17149824
0,0,0.07949575
0,0,0.27598992
0,0,0.2958098
0,0,0.04822436
1,0,0.2964042
0,0,0.10520149
0,0,0.13923378
0,0,0.24738312
0,0,0.10435362
0,0,0.10151988
1,0,0.10757098
0,0,0.37252456
1,1,0.7139272
0,0,0.16930358
0,0,0.31536534
0,0,0.18698537
0,0,0.10144244
0,0,0.13387221
0,0,0.06979795
0,0,0.13153982
0,0,0.08186427
1,0,0.11976979
1,0,0.21957311
0,0,0.1116395
0,0,0.19535811
0,0,0.3176832
1,1,0.69596624
1,1,0.7595281
0,0,0.08700972
1,0,0.09280897
0,0,0.24438632
1,0,0.10354595
1,0,0.12821843
1,0,0.26184067
0,0,0.087074876
0,0,0.100615144
0,0,0.09620445
0,0,0.120795876
0,0,0.0665205
0,0,0.16935837
0,0,0.08756896
1,0,0.44645008
1,0,0.19074295
0,0,0.08613395
1,0,0.20766363
0,0,0.1637948
0,0,0.07012628
0,0,0.112788275
0,0,0.08186427
0,0,0.06558711
0,0,0.10126847
0,0,0.26136604
0,0,0.057909537
0,0,0.114320755
1,0,0.39790857
0,0,0.047805466
0,0,0.07303074
0,0,0.1202455
1,0,0.35128912
0,0,0.26448256
0,0,0.1403666
0,0,0.06498229
0,0,0.16864567
1,1,0.65325654
0,0,0.40092146
1,1,0.7230898
1,1,0.72755426
0,0,0.13782324
0,0,0.07675731
1,0,0.15789585
0,0,0.17161351
0,0,0.102122985
0,0,0.1090761
0,0,0.10403034
0,0,0.07933966
0,0,0.19554368
0,0,0.119526245
1,1,0.6099557
0,0,0.25835937
0,1,0.6872874
0,0,0.08521459
0,0,0.3956317
0,0,0.08757167
0,0,0.090216845
0,0,0.093012966
0,0,0.09094316
0,0,0.03482749
0,0,0.17301872
1,0,0.10751453
1,0,0.10499694
0,0,0.095031254
1,0,0.28401092
0,0,0.2408399
1,0,0.44245198
0,0,0.1365927
0,0,0.069113575
0,0,0.09910691
1,1,0.67140204
0,0,0.073827446
0,0,0.084928334
0,1,0.50250655
0,0,0.105952084
0,0,0.07835395
0,0,0.10030304
0,0,0.19750509
1,0,0.21543701
1,1,0.7559327
0,0,0.18582618
0,0,0.073301405
0,0,0.073975325
0,0,0.101009466
0,0,0.10403329
0,0,0.19079107
0,0,0.0798174
1,0,0.3115858
0,0,0.07625168
0,0,0.06986166
0,0,0.0777516
0,0,0.07646888
0,0,0.14904849
0,0,0.46699756
1,0,0.37440452
1,0,0.2805486
0,0,0.16661674
0,0,0.15404277
1,1,0.8134709
0,0,0.1692945
1,1,0.7600337
1,1,0.6828318
1,0,0.13810898
0,0,0.25961226
1,1,0.7323718
0,0,0.33945638
0,0,0.114504285
0,0,0.09091612
0,0,0.1757903
0,0,0.17409019
0,0,0.14487942
0,0,0.066948734
0,1,0.5597051
0,0,0.19439486
1,0,0.18702212
1,0,0.45222035
1,0,0.17521796
1,0,0.15368362
0,0,0.109212354
0,0,0.108055495
0,0,0.15084799
0,0,0.08852185
0,0,0.2102119
1,1,0.6355468
0,0,0.05811027
0,0,0.08910264
0,0,0.05261961
0,0,0.13505226
0,0,0.11493392
1,0,0.3105369
0,0,0.0873227
0,0,0.10429373
0,0,0.07305163
0,0,0.09594629
1,1,0.63049614
1,1,0.6110603
1,1,0.6076494
1,0,0.062832296
0,0,0.19679137
1,1,0.76974255
1,0,0.18219379
0,0,0.41208613
0,0,0.20492756
0,0,0.23621899
0,0,0.13667063
0,1,0.692806
0,0,0.10117091
0,0,0.1079674
0,0,0.30118728
1,0,0.12889595
0,0,0.0657555
0,0,0.1495123
1,0,0.25462708
0,0,0.200697
0,0,0.2228939
0,0,0.09314304
0,0,0.12427906
0,0,0.0732125
0,0,0.2138041
0,0,0.20085745
0,0,0.09547204
0,0,0.072390646
0,0,0.17691094
0,0,0.13778733
0,0,0.24025425
0,0,0.10440572
0,0,0.32541752
0,0,0.080402106
1,1,0.7411984
0,0,0.047363505
0,0,0.15755105
0,0,0.07311512
1,0,0.34164935
1,1,0.6721046
0,0,0.07277724
0,0,0.24505973
1,1,0.6714563
0,0,0.15996009
1,0,0.34050307
0,1,0.6008427
0,0,0.17697671
0,0,0.21222079
1,0,0.25761035
0,0,0.13013804
0,0,0.06010922
0,0,0.052144673
0,0,0.13368036
0,0,0.30440256
1,1,0.7305
0,0,0.062091418
0,0,0.110519946
0,0,0.07501155
0,0,0.150883
0,0,0.06974561
1,0,0.2511448
0,0,0.10897576
0,0,0.108400375
0,0,0.08757167
1,0,0.14406131
0,0,0.1493665
0,0,0.12491935
1,0,0.31909302
0,0,0.094916314
1,1,0.7265049
1,0,0.25406852
0,0,0.081631
0,0,0.05230843
1,1,0.5562095
0,0,0.110336445
0,0,0.17670365
0,0,0.4546541
0,0,0.10137336
0,0,0.068065494
0,0,0.47001913
0,0,0.12597625
0,0,0.2860621
0,0,0.05750646
0,0,0.2775343
0,0,0.09303666
0,0,0.10591022
0,0,0.103887446
1,1,0.6789049
0,0,0.25636718
0,0,0.063445464
0,0,0.068204395
0,0,0.09824887
0,0,0.07447498
0,0,0.06751923
0,0,0.09861576
0,0,0.16289234
0,0,0.3882588
0,0,0.09714995
0,0,0.055559594
0,0,0.10243677
0,0,0.097033545
1,0,0.2002331
0,0,0.15394726
0,0,0.12905794
0,0,0.13632883
1,1,0.58169085
0,0,0.10541887
1,1,0.721142
0,0,0.09342815
0,0,0.06193824
0,0,0.06553475
0,0,0.22746392
1,0,0.293888
0,1,0.5091273
0,0,0.113055944
0,0,0.08348908
0,0,0.09635821
1,1,0.62122124
0,0,0.11959551
0,0,0.05969038
0,0,0.08619406
0,0,0.19776034
0,1,0.78302604
0,0,0.11133609
0,0,0.0650313
0,0,0.22390619
0,0,0.15252112
0,0,0.21827944
0,0,0.100354664
0,0,0.30921215
0,1,0.6401408
0,0,0.17692316
1,1,0.7956129
0,0,0.106827326
1,1,0.73302037
0,0,0.080249704
0,0,0.12865144
0,0,0.14852196
1,0,0.37418658
0,0,0.32638636
0,0,0.22646236
0,0,0.054914717
0,0,0.21686834
0,0,0.130676
1,1,0.6547402
0,0,0.077705316
0,0,0.078211665
0,0,0.05791992
0,0,0.41875124
0,0,0.06337022
0,0,0.27632934
0,0,0.19099712
1,1,0.65103996
0,0,0.12233563
0,0,0.35765734
1,0,0.11359282
0,0,0.22999778
1,1,0.5142706
1,0,0.23012014
0,0,0.37162638
0,0,0.34330058
1,1,0.5184221
0,0,0.11743577
1,0,0.43522218
0,0,0.19455737
1,0,0.11439446
1,1,0.5216594
0,1,0.7144726
0,0,0.06667669
0,1,0.6157965
0,0,0.08462687
0,0,0.24080428
0,0,0.09496281
0,0,0.04432947
0,0,0.06458589
0,0,0.099845156
1,1,0.798303
0,0,0.10865898
1,1,0.5174384
0,0,0.10667107
0,0,0.097313866
1,1,0.58097917
0,0,0.20296636
0,1,0.51739126
0,0,0.17295468
0,0,0.13625795
0,0,0.067526944
0,0,0.088646226
0,0,0.36163008
0,0,0.12814961
0,0,0.13246353
0,0,0.14320678
0,0,0.12253367
0,0,0.096365415
1,1,0.7301902
1,1,0.69188064
0,1,0.5173992
0,0,0.1838823
0,0,0.4724737
0,0,0.10247795
0,0,0.34661376
1,1,0.5302697
0,0,0.14862113
0,0,0.16533132
1,0,0.20133653
0,1,0.7178747
0,0,0.14059465
0,1,0.57657486
0,1,0.58486843
0,0,0.2913605
0,0,0.22677678
0,0,0.13165592
0,0,0.12826706
1,1,0.64324886
0,0,0.3918947
0,0,0.2991152
0,0,0.0950314
1,0,0.2730744
1,1,0.6160276
0,0,0.11734698
0,0,0.10157587
1,1,0.70936054
0,0,0.09862217
0,0,0.07107578
0,0,0.086622015
0,0,0.035066985
1,1,0.77872705
0,0,0.26003376
1,1,0.7845719
1,0,0.22667474
0,0,0.41594487
0,0,0.23713095
1,1,0.5594092
0,0,0.12984608
0,0,0.22352679
0,0,0.14794643
0,0,0.13424978
1,0,0.09915105
0,0,0.14461271
0,0,0.18971655
0,0,0.13237669
1,0,0.18360172
0,0,0.12421973
1,1,0.69578546
1,0,0.14317743
1,0,0.4100934
0,0,0.10866042
0,0,0.059536897
0,0,0.13385382
0,0,0.12954974
0,0,0.062468454
1,1,0.71032697
0,1,0.63611954
0,0,0.19011557
0,0,0.085220635
1,0,0.108209565
1,1,0.7437589
0,0,0.15579413
1,0,0.21471497
0,0,0.059641875
1,0,0.11685827
0,0,0.23918433
0,1,0.738392
0,0,0.058165114
1,1,0.6621634
0,0,0.06544447
1,1,0.7045918
0,0,0.07292237
0,0,0.11322874
0,0,0.09831727
0,0,0.0979546
0,0,0.4197893
0,0,0.06829162
0,0,0.106371805
0,0,0.058875237
0,0,0.058241688
0,0,0.17817447
0,0,0.09653987
0,0,0.08241261
1,0,0.10570409
0,1,0.6249986
0,0,0.17207105
1,1,0.8078473
1,1,0.50818986
0,0,0.055064213
0,0,0.13342144
1,0,0.13594002
0,0,0.15900555
1,0,0.10786322
0,0,0.088584766
0,0,0.20945895
1,0,0.39431378
0,0,0.112446204
0,0,0.14969835
1,1,0.8132652
0,0,0.08452391
0,0,0.07832929
0,0,0.16821016
0,0,0.27074748
1,0,0.3080299
0,0,0.24847803
0,0,0.2284897
0,0,0.06300075
0,0,0.20599724
0,1,0.6256758
0,0,0.12970482
0,0,0.06663615
0,0,0.106141426
0,0,0.26245683
0,0,0.049202025
0,0,0.060767878
1,1,0.7074934
0,0,0.3103579
0,0,0.09049752
1,1,0.5747153
0,0,0.3767111
1,0,0.37680042
0,0,0.08567414
0,0,0.18365158
0,0,0.11272179
0,0,0.2903413
0,0,0.17929213
0,0,0.2625368
0,1,0.7386233
1,0,0.24326217
0,0,0.11850023
1,1,0.6681778
1,0,0.27613306
1,1,0.6675831
1,1,0.51441646
1,1,0.6757421
1,0,0.19102563
0,0,0.09165123
0,0,0.12688237
0,0,0.08861095
1,1,0.6634088
1,0,0.10792393
0,0,0.1040865
1,1,0.72964555
0,0,0.09180603
1,0,0.12865317
1,1,0.7195705
0,0,0.13996263
1,1,0.6078882
1,1,0.75044614
0,0,0.1105319
1,1,0.794586
0,0,0.36932936
0,0,0.061204854
0,0,0.08922279
0,0,0.27927577
1,1,0.64638513
0,0,0.101851635
0,0,0.044675518
0,0,0.103252314
0,0,0.12427906
0,0,0.13130863
0,0,0.05687981
0,0,0.11103495
0,0,0.10639206
1,1,0.76259696
0,0,0.05858141
0,0,0.04545856
0,0,0.10140114
1,0,0.41790786
0,0,0.19462796
0,0,0.17256398
0,0,0.29051068
0,0,0.13233711
0,0,0.09726625
1,1,0.780657
0,0,0.22067219
0,0,0.14529783
0,0,0.27751246
0,0,0.1559849
0,0,0.1302896
0,0,0.13210018
0,0,0.102497466
0,0,0.0812503
1,1,0.741861
0,0,0.15975434
1,0,0.09787734
0,0,0.13357036
1,0,0.115122855
0,0,0.15842007
0,0,0.20677343
1,0,0.48543006
0,0,0.041455243
0,0,0.0905336
0,0,0.12466858
0,0,0.10548059
1,0,0.32673818
0,0,0.10438125
1,1,0.74937785
0,0,0.33853588
0,0,0.10213914
0,0,0.10079721
0,0,0.068947956
0,0,0.12563895
0,0,0.13630213
0,0,0.07216571
0,0,0.097399436
0,0,0.16876085
0,0,0.099157184
0,0,0.09048397
1,0,0.11199131
0,0,0.2369233
0,0,0.07942133
1,1,0.6641425
0,0,0.105233565
0,0,0.13624246
0,0,0.13752712
0,0,0.06047839
0,0,0.055654757
0,0,0.12104315
0,0,0.07328937
0,0,0.051217742
0,0,0.055325955
0,0,0.21228997
1,0,0.41870728
1,0,0.2706675
1,1,0.66432667
0,0,0.093269505
0,0,0.38658455
0,0,0.07213915
1,1,0.7335084
0,0,0.06946411
0,0,0.037775032
1,0,0.24285269
1,0,0.15578459
1,0,0.22166489
0,0,0.13029332
1,1,0.7506093
0,0,0.13731492
0,0,0.22329949
0,0,0.13559453
0,0,0.43417156
0,0,0.13152058
0,0,0.3132528
1,1,0.655859
0,0,0.21757402
0,0,0.16736802
1,0,0.13181926
0,0,0.26136604
1,1,0.55247146
0,0,0.19533096
1,1,0.6312448
0,0,0.15457515
0,0,0.14882384
0,0,0.1141856
0,0,0.10222993
0,0,0.10212226
0,0,0.0375682
1,1,0.6192083
0,0,0.088173024
1,1,0.6214523
0,0,0.07234574
0,0,0.1968876
0,1,0.7416448
0,1,0.6428637
0,0,0.13854378
0,0,0.2294465
0,0,0.30218744
0,0,0.12479696
0,0,0.09407917
0,0,0.14254451
0,0,0.14989516
1,0,0.3555288
1,0,0.32673818
0,0,0.21035731
0,0,0.0639375
0,0,0.07180666
0,0,0.08550162
0,0,0.14690222
0,0,0.09832473
0,0,0.13876139
0,0,0.04570009
1,0,0.47804117
0,1,0.67383164
0,0,0.0782122
0,0,0.11281304
0,0,0.06088474
1,1,0.7493736
0,0,0.12298871
1,0,0.30866218
0,0,0.09195923
1,1,0.6606918
0,1,0.6173891
0,0,0.081195824
0,0,0.19416958
0,0,0.21638022
1,1,0.75079894
0,0,0.47297063
1,1,0.75836307
1,0,0.35241336
1,1,0.628403
0,0,0.12130821
1,0,0.10636278
0,0,0.04864376
0,0,0.13856885
0,0,0.07215754
0,0,0.19393161
0,0,0.10027648
0,0,0.34845504
0,0,0.30440256
0,0,0.4957307
1,0,0.12706208
0,0,0.04928513
0,0,0.1593496
0,0,0.0922441
0,0,0.07639109
0,0,0.08990956
1,1,0.676692
0,0,0.114931054
1,1,0.79966605
0,0,0.063020684
1,1,0.5305484
1,0,0.12811223
0,0,0.3843749
1,1,0.6826988
1,1,0.62498134
1,1,0.50371456
0,0,0.13392784
0,0,0.23601256
0,0,0.31942368
0,0,0.09891299
0,0,0.08665146
0,0,0.064855404
0,0,0.10829489
1,1,0.7198184
1,1,0.7321315
0,0,0.3414178
0,0,0.095179856
1,0,0.2594058
0,0,0.09520914
0,0,0.056082815
1,1,0.7069557
0,0,0.1818773
0,0,0.09875678
0,0,0.10171808
0,0,0.04908156
0,0,0.119496845
0,0,0.22981395
0,0,0.24209882
0,0,0.09335322
0,0,0.18083647
0,0,0.080079734
0,0,0.10537344
0,0,0.19763441
1,0,0.05682259
0,0,0.23936547
0,0,0.041526847
0,0,0.06598095
1,0,0.16102843
0,0,0.26775524
1,1,0.7953889
0,0,0.20212384
0,0,0.22998194
1,0,0.098794326
0,0,0.073047996
0,0,0.13400209
0,0,0.06521585
1,0,0.22599882
0,0,0.05556623
0,0,0.10574514
0,0,0.1317934
0,0,0.06269911
0,0,0.035024237
0,0,0.048917357
0,0,0.30723327
0,0,0.06560871
1,1,0.63430035
0,0,0.062139016
0,0,0.1655256
0,0,0.15764363
0,0,0.16059478
0,0,0.100945614
1,1,0.54453987
1,1,0.7340051
0,0,0.052512743
0,0,0.14670001
0,0,0.18343821
0,0,0.22026238
0,0,0.07557468
1,0,0.09981863
0,0,0.12739202
0,0,0.17340283
0,0,0.049035024
0,0,0.10614083
1,1,0.67609155
0,0,0.28414458
0,0,0.06958292
0,0,0.06759864
0,0,0.1492765
0,0,0.07447498
0,0,0.1666981
0,1,0.53770703
0,0,0.23171076
0,0,0.05064837
0,0,0.28038186
0,0,0.088871405
0,0,0.05331692
0,0,0.051105946
0,0,0.08585033
0,0,0.19163314
1,0,0.27178925
1,0,0.11465055
0,0,0.16211887
1,0,0.2709834
0,0,0.14389716
0,0,0.222638
0,0,0.12993504
1,1,0.76180476
0,1,0.63967246
0,0,0.12149294
0,0,0.18175948
0,0,0.104498155
0,0,0.08127588
1,0,0.47835317
0,0,0.08302582
0,0,0.11202942
0,0,0.0791978
0,0,0.111835726
0,0,0.08624094
0,0,0.11827635
0,0,0.08004693
0,0,0.1387825
0,0,0.1824057
0,0,0.13253434
0,0,0.05135623
0,0,0.1185714
0,0,0.094988346
1,0,0.20549467
1,0,0.10347387
0,0,0.1779523
0,0,0.3206427
1,1,0.6316274
0,0,0.13363764
0,0,0.07100186
1,0,0.39955577
0,0,0.4782321
1,1,0.723009
0,0,0.07628189
0,0,0.1903592
0,0,0.10243077
1,1,0.71184963
0,0,0.14097574
0,0,0.4422951
0,1,0.67735416
1,1,0.7257391
0,0,0.06008215
0,0,0.18475781
0,0,0.091892265
0,0,0.033589453
0,1,0.5933222
0,0,0.11028033
0,0,0.12031447
0,0,0.06355889
0,0,0.21581554
0,0,0.13097684
0,0,0.3222895
1,0,0.44499275
0,0,0.3054697
0,1,0.682727
0,0,0.19128405
0,0,0.1179254
0,0,0.22244921
0,0,0.12255213
0,0,0.1304303
1,1,0.68058723
1,1,0.6173891
0,0,0.11908724
1,0,0.4474688
0,0,0.06578676
0,0,0.10266794
0,0,0.06690062
1,1,0.70459014
1,0,0.39707792
0,0,0.3149159
1,1,0.6371198
0,0,0.067348726
0,0,0.17748524
0,0,0.17661497
1,0,0.11072496
0,0,0.06890645
0,0,0.13406804
1,0,0.26616046
0,0,0.08742389
0,0,0.16682467
0,0,0.06527237
0,0,0.23315503
0,1,0.642921
0,0,0.17164846
1,0,0.1869577
0,0,0.06856957
0,0,0.10287785
0,0,0.13632005
1,1,0.7504966
1,1,0.68241566
0,0,0.1074667
0,0,0.20058727
1,0,0.26289517
0,0,0.045978706
0,0,0.108018294
0,0,0.4673136
0,0,0.10249792
0,0,0.14667732
0,0,0.10975469
0,0,0.05918935
0,0,0.11624689
0,0,0.24831133
1,0,0.24191979
1,0,0.44881332
0,0,0.2438698
0,0,0.16452903
1,0,0.33945638
1,0,0.2232691
0,0,0.13945359
0,0,0.11765934
0,0,0.10437465
0,0,0.15225726
0,0,0.31133226
0,0,0.483232
1,0,0.192012
0,0,0.1480274
0,0,0.17106034
0,0,0.3415251
0,0,0.081970684
0,0,0.07505958
0,0,0.15690845
0,0,0.07447899
1,0,0.26301724
0,0,0.14730023
1,0,0.13272704
0,1,0.7155219
0,0,0.082525685
1,0,0.2215181
1,0,0.2153911
0,0,0.14928527
0,0,0.097057566
0,0,0.12863994
0,0,0.055586714
0,0,0.15588257
0,0,0.14253281
0,0,0.14965585
0,0,0.3325046
1,0,0.09550574
0,0,0.22984223
0,0,0.13515824
1,0,0.13272463
0,0,0.08880731
0,0,0.24973947
0,0,0.08076195
0,0,0.12708451
0,0,0.14999512
1,1,0.7422664
1,0,0.23637296
0,0,0.12014691
0,0,0.15562098
1,0,0.15888737
0,0,0.1630954
0,0,0.19927612
0,0,0.25159338
0,0,0.15767026
0,0,0.11129201
0,0,0.10274041
0,0,0.2976663
0,0,0.19832684
0,0,0.14019185
1,0,0.1027588
1,0,0.28324062
1,1,0.6886332
0,0,0.15849738
0,0,0.109164976
0,0,0.24995382
0,0,0.109962024
0,0,0.098991066
0,1,0.5456258
1,0,0.2854586
1,0,0.19371675
0,0,0.13431449
0,0,0.098345615
1,0,0.17636219
0,0,0.09960584
0,0,0.11292531
0,0,0.13577926
0,0,0.21541989
0,0,0.08358408
1,0,0.38630235
0,0,0.46600977
1,1,0.74854106
0,0,0.06439521
1,0,0.12784715
0,0,0.19219215
1,0,0.15319206
1,1,0.7368535
0,0,0.09752384
0,0,0.09374723
0,0,0.14638123
0,0,0.13389884
0,1,0.60355234
1,1,0.68327975
1,1,0.6787752
1,1,0.59572816
0,0,0.19939841
1,0,0.15129243
0,0,0.14399566
0,0,0.1864005
0,0,0.12718558
0,0,0.06472908
1,0,0.24800563
0,0,0.0796569
1,0,0.16938594
1,1,0.69027287
1,0,0.17307372
0,0,0.25032756
1,0,0.43732667
0,0,0.1443821
0,0,0.0623331
0,0,0.07587204
0,0,0.12185467
0,0,0.14035986
0,0,0.20586967
0,0,0.14811616
0,0,0.04374711
0,0,0.07852832
0,0,0.15481144
0,0,0.13611048
0,0,0.12747212
1,1,0.6730239
0,0,0.24207719
0,0,0.10037163
0,0,0.1315872
0,0,0.12812117
0,0,0.2617963
0,0,0.12581417
0,0,0.15511762
0,0,0.12229344
0,0,0.07061323
1,1,0.6424976
1,1,0.66406524
1,0,0.18525885
1,1,0.64235723
1,0,0.070391916
0,0,0.1953957
0,1,0.67652214
0,0,0.12072144
0,0,0.18596871
0,0,0.13110813
1,1,0.71458733
0,0,0.13128532
0,0,0.15144762
0,1,0.6565496
0,0,0.2001547
0,0,0.09557607
0,0,0.08494315
0,0,0.123493835
1,0,0.47268823
0,0,0.11388039
0,0,0.1610747
0,0,0.19661655
1,0,0.07049315
1,0,0.4009115
1,1,0.6615738
1,0,0.4566663
0,0,0.0770838
0,0,0.1395109
1,0,0.09358477
1,0,0.40305236
0,0,0.27111858
0,0,0.45362952
0,0,0.067394346
0,0,0.1017281
1,0,0.13987976
1,1,0.6331435
0,0,0.059396766
0,0,0.14379741
0,0,0.054906823
0,0,0.21465048
0,0,0.24639183
0,0,0.13091013
0,0,0.093133815
0,0,0.2373658
0,0,0.10094406
0,0,0.10411426
1,0,0.14161442
0,0,0.2638083
0,1,0.66795313
0,0,0.091069505
0,0,0.108474046
0,0,0.12810457
0,0,0.1590679
0,0,0.07480274
0,0,0.070222065
1,0,0.1390561
0,0,0.16429417
0,0,0.077545345
0,0,0.14527446
0,1,0.51143605
0,0,0.19040957
0,0,0.036607236
1,0,0.12842886
0,0,0.09667012
0,0,0.1390078
0,0,0.14003506
0,0,0.16676348
0,0,0.06690697
0,0,0.24255046
0,0,0.08844346
1,1,0.574662
1,0,0.18977228
0,0,0.08946944
0,0,0.08527437
0,0,0.13142093
0,0,0.13422924
0,0,0.20211732
0,0,0.07261921
0,0,0.09700085
0,0,0.10320277
0,0,0.12428071
0,0,0.09755795
0,0,0.1458647
0,0,0.07525753
0,0,0.12418219
0,0,0.05675386
0,0,0.059529018
0,0,0.14161845
1,0,0.3202979
1,0,0.28023174
0,0,0.21386172
0,0,0.14309579
1,0,0.1271321
0,0,0.43491206
1,1,0.6182417
0,1,0.64363
1,1,0.74857605
0,0,0.0703443
0,0,0.12529066
1,1,0.74454373
0,0,0.103292845
0,0,0.10938137
0,0,0.071741425
1,0,0.24308746
1,0,0.14067714
0,0,0.068657115
0,0,0.15128888
0,0,0.12664543
0,0,0.28976882
0,0,0.09396967
0,0,0.3055798
0,0,0.10394707
0,0,0.083574615
0,0,0.3563261
0,0,0.19199291
0,0,0.09738484
0,0,0.041878037
0,1,0.645381
0,0,0.09585364
0,0,0.1579263
1,1,0.7143177
0,0,0.12285233
0,0,0.046877343
0,0,0.073787905
0,0,0.09229488
0,0,0.06743041
0,0,0.1774955
0,0,0.07300008
0,0,0.11598367
0,0,0.17958409
0,0,0.07489498
1,0,0.1895075
0,0,0.13889281
1,0,0.08150755
1,0,0.25012344
1,0,0.24030945
0,0,0.07266816
0,0,0.098525
0,0,0.22580907
0,0,0.070543446
0,0,0.12832086
0,0,0.07585438
0,0,0.092397295
0,0,0.1015824
0,0,0.08379796
0,0,0.05148183
0,0,0.15512684
0,0,0.13983575
0,0,0.16202219
0,0,0.11172494
0,0,0.17416401
0,0,0.10763371
0,0,0.23731788
0,0,0.12937935
1,0,0.1263905
0,0,0.20175333
0,0,0.27492616
0,0,0.16540703
0,0,0.07000769
0,0,0.07100853
0,0,0.3189152
0,0,0.4317815
0,0,0.09755011
0,0,0.38754225
0,0,0.053547382
0,0,0.10122134
0,0,0.053046923
0,0,0.16951767
0,0,0.09562392
0,0,0.09459021
0,0,0.11873219
0,0,0.06712586
1,0,0.20112371
0,0,0.10263
0,0,0.22265804
0,0,0.07074314
0,0,0.1487896
0,0,0.21919116
0,0,0.060331434
0,0,0.11400269
0,0,0.0552714
0,0,0.13412917
0,0,0.1257896
0,0,0.03779159
0,0,0.15955114
0,0,0.09786525
0,0,0.10629995
1,0,0.27564922
0,0,0.16347618
0,0,0.10054352
1,1,0.7620235
1,0,0.14173453
0,0,0.09223134
0,0,0.054227617
0,0,0.14616737
1,1,0.6228311
0,0,0.110674225
0,0,0.097422935
0,0,0.102818735
1,1,0.605896
0,0,0.08431315
0,0,0.15331928
0,0,0.28406742
1,1,0.74488235
0,0,0.07492189
0,0,0.12911557
1,0,0.4777722
0,0,0.088449955
0,0,0.21216765
0,0,0.36885583
0,0,0.12772903
0,0,0.14002416
1,0,0.12852661
0,0,0.13153455
0,0,0.035811167
1,0,0.2444346
0,0,0.11150466
0,0,0.14900953
0,0,0.11990056
0,0,0.22429155
1,0,0.3691675
0,0,0.08714383
0,0,0.13403912
0,0,0.17982678
0,0,0.36629903
0,0,0.23493452
0,0,0.17681187
0,0,0.096174724
0,0,0.114541866
0,0,0.049377326
0,0,0.07325727
0,0,0.117481686
0,0,0.09303497
0,0,0.09028624
0,0,0.102730386
1,0,0.33321887
0,0,0.38640982
0,0,0.39514711
0,0,0.34979996
0,1,0.7054807
0,0,0.21512079
0,0,0.14309022
0,0,0.16389477
0,0,0.18386512
0,0,0.07877774
0,0,0.10496025
0,0,0.15041588
0,0,0.20189361
0,0,0.08320478
1,0,0.16437566
0,0,0.035938133
1,0,0.18535411
0,0,0.1938308
1,0,0.20170085
0,0,0.13974567
0,0,0.061753012
0,0,0.19768032
0,0,0.032166447
0,0,0.06813606
0,0,0.12075377
0,0,0.36286795
0,0,0.090594806
1,0,0.2453172
1,0,0.13031192
0,0,0.19398354
0,0,0.19304651
0,0,0.06637172
0,0,0.26748917
0,1,0.69678396
1,0,0.080436274
0,0,0.09726847
0,0,0.16492741
0,1,0.5022086
1,0,0.16756453
0,0,0.18575962
1,1,0.65407926
1,0,0.2584808
0,0,0.055109046
0,0,0.06576552
0,0,0.20232673
0,0,0.089092754
1,0,0.42241937
0,0,0.098152846
0,0,0.09181969
0,0,0.4945393
0,0,0.091101564
1,1,0.6026121
0,1,0.7329503
0,0,0.1881974
0,0,0.11270797
1,0,0.14366283
0,0,0.18954687
0,0,0.12429008
0,0,0.06104022
0,0,0.06685622
0,0,0.04912817
0,0,0.10196206
0,0,0.052865513
0,0,0.07760346
1,1,0.7535785
1,1,0.6408063
0,1,0.66549724
0,0,0.034302153
0,0,0.08205209
0,0,0.056797143
0,0,0.13321233
1,1,0.76355165
0,0,0.11736757
0,0,0.06706554
0,0,0.091254145
0,0,0.06337073
1,0,0.13915323
1,0,0.2719063
0,0,0.14565411
0,0,0.10607457
0,0,0.34584537
0,0,0.4333273
1,0,0.18886304
1,0,0.15339024
1,0,0.2135446
0,0,0.257987
0,0,0.12791957
0,0,0.1135572
0,0,0.15260701
0,0,0.12901074
0,0,0.10018917
0,0,0.072945684
0,0,0.1892005
0,0,0.42924806
1,1,0.729952
0,0,0.05578367
0,0,0.062095903
0,0,0.08718788
0,0,0.1517359
0,0,0.059700947
0,0,0.08591715
0,0,0.028453948
0,0,0.15471724
0,0,0.36599678
0,0,0.10585692
1,1,0.6578127
0,0,0.13426343
0,0,0.058576353
0,0,0.061812647
0,0,0.23156749
0,0,0.09262177
0,0,0.12546882
0,0,0.31463224
0,0,0.10288111
0,0,0.10119086
0,0,0.093472645
1,0,0.20440142
1,0,0.25584292
1,0,0.13630499
1,1,0.6811331
0,0,0.059826802
0,0,0.0792556
0,0,0.05133539
0,0,0.2992629
0,0,0.15647937
0,0,0.13743186
0,0,0.18928263
0,0,0.20299658
0,0,0.1702159
0,0,0.041755494
0,0,0.05962347
0,0,0.07994565
0,0,0.13048537
0,0,0.137666
0,0,0.061743498
0,0,0.0741302
0,0,0.15276332
1,1,0.6182993
0,0,0.13571715
0,0,0.18607031
0,0,0.06136341
1,0,0.34017494
0,0,0.12859444
0,0,0.13444649
0,0,0.09835756
0,0,0.2646642
0,0,0.21011809
0,0,0.094696544
0,0,0.07080938
0,0,0.072207265
0,0,0.06828045
0,0,0.15847778
0,0,0.21892825
0,0,0.124622196
0,0,0.078101285
0,0,0.12662841
0,0,0.14967617
0,0,0.20292774
1,0,0.22226565
0,0,0.12963194
0,0,0.105069265
1,0,0.14106838
0,0,0.061386086
0,0,0.1153146
1,0,0.15097484
0,0,0.21793687
0,0,0.10818802
1,1,0.5604508
0,0,0.17347096
1,0,0.12550366
0,0,0.10351299
1,1,0.61322975
0,0,0.4975318
0,0,0.058604326
0,0,0.07273674
0,0,0.053710483
0,0,0.09909184
0,0,0.122620314
0,0,0.17215599
0,0,0.12469587
0,0,0.23520592
0,0,0.102490954
1,1,0.67190236
0,0,0.036889993
0,0,0.20384535
0,0,0.14896265
1,1,0.65096426
0,0,0.30440256
0,0,0.12381747
0,0,0.14101458
1,0,0.069838546
1,0,0.121738546
0,0,0.09321586
0,0,0.06452188
0,0,0.2553739
0,0,0.05759503
0,0,0.07569666
1,0,0.44517216
0,0,0.055067085
0,0,0.15831196
0,0,0.07050281
0,0,0.18562669
1,0,0.10738648
0,0,0.2785047
0,0,0.099276446
0,0,0.10438499
0,0,0.066610076
0,0,0.18721437
1,0,0.14126311
0,0,0.06790531
0,1,0.6143071
0,1,0.618976
0,0,0.09615455
1,1,0.73861516
1,0,0.18684755
0,0,0.42524016
0,0,0.1273505
0,0,0.07354836
0,0,0.19738568
0,0,0.12560026
0,0,0.31097934
0,0,0.052553162
1,0,0.18894051
0,0,0.07016035
0,0,0.09897956
0,0,0.30417025
0,0,0.09074135
0,0,0.12696178
0,0,0.107635036
0,0,0.31133226
0,0,0.050259355
0,0,0.0791456
0,0,0.068729825
0,0,0.2082233
0,0,0.08571666
0,0,0.13818344
1,0,0.19502373
0,0,0.075260684
1,0,0.4951926
0,0,0.24658562
0,0,0.11257316
0,0,0.21833497
0,0,0.18558103
0,0,0.052380405
1,0,0.08828969
1,0,0.43268415
0,0,0.123102225
0,0,0.0873786
0,0,0.32607928
0,0,0.052308727
0,0,0.033867385
0,0,0.23295228
0,0,0.06339558
0,0,0.053758577
0,0,0.089727044
0,0,0.21543738
1,1,0.737474
0,0,0.14107904
0,0,0.1198637
1,0,0.46282414
1,0,0.19697198
0,0,0.15513389
0,0,0.10321991
1,1,0.657173
1,1,0.7225375
1,1,0.59228915
0,0,0.19610164
0,0,0.06999472
0,0,0.12775108
0,0,0.09216541
0,0,0.095179856
0,1,0.7273865
0,0,0.07476252
1,1,0.6161677
1,1,0.6999779
0,0,0.05815652
0,0,0.2601421
0,0,0.10603165
0,0,0.1404078
0,0,0.06440142
0,0,0.2790667
0,0,0.19331847
0,0,0.42509842
0,0,0.04716046
0,0,0.31941566
1,0,0.050608467
0,0,0.14012878
0,0,0.07304496
0,0,0.1504152
0,0,0.06002163
0,0,0.054405957
0,0,0.16307537
1,0,0.18726942
0,0,0.13604137
0,0,0.35099447
0,0,0.053643063
1,0,0.20794822
1,1,0.71406454
0,0,0.11905782
0,0,0.092750594
0,0,0.17236471
1,0,0.13128532
0,0,0.27368504
1,1,0.72428447
0,0,0.06674916
0,0,0.11559392
1,0,0.36662215
0,0,0.36021665
0,0,0.09967733
1,0,0.30595827
0,0,0.06830297
0,0,0.09891813
0,0,0.21305026
1,0,0.31436765
0,0,0.088538304
0,0,0.090327494
0,0,0.042211484
0,0,0.042062677
0,1,0.6870342
0,0,0.13113734
0,0,0.05688926
0,0,0.13293137
0,0,0.049606543
0,0,0.0730521
0,0,0.10043121
0,0,0.23187831
0,0,0.09902641
0,0,0.08193626
1,0,0.28288195
0,0,0.09730589
0,0,0.104152046
0,0,0.045290243
0,0,0.1649143
0,0,0.28290728
0,1,0.7124536
0,0,0.1282017
0,0,0.1671384
0,1,0.6357345
0,0,0.18555157
0,0,0.15056506
0,0,0.09835756
0,0,0.15200628
0,0,0.11225385
0,0,0.15315759
1,0,0.12247185
1,0,0.45413062
0,0,0.23114742
0,0,0.24382302
0,0,0.11424572
0,0,0.058464617
0,0,0.04380887
0,0,0.09593974
0,0,0.10422948
0,0,0.17087713
0,0,0.055658672
0,0,0.072251365
0,0,0.1508983
1,1,0.57514185
0,0,0.09655832
1,0,0.17864586
0,0,0.1364863
0,0,0.31119707
0,0,0.10614264
0,0,0.14047524
0,0,0.14360733
0,0,0.06985539
0,0,0.12535311
1,1,0.6872485
0,0,0.15326233
1,1,0.6230901
0,0,0.11562558
1,0,0.25585356
1,0,0.102021195
0,0,0.15160602
0,0,0.11210163
1,1,0.6226007
0,0,0.19371048
0,0,0.12819135
0,0,0.49487698
1,0,0.14789642
0,0,0.17316231
1,0,0.41819906
0,0,0.13347335
0,0,0.1999919
0,0,0.10196206
1,0,0.49330035
0,0,0.079538316
0,0,0.10151129
1,1,0.7534286
0,0,0.14003506
0,0,0.12338778
0,0,0.16849372
0,0,0.05600205
0,0,0.06749855
0,0,0.066769026
1,1,0.5948821
1,1,0.6435034
0,0,0.081897736
1,0,0.44239652
1,0,0.10750343
0,0,0.13144684
1,1,0.7859887
0,0,0.31746507
1,0,0.1839655
0,0,0.2152906
1,1,0.7092722
1,0,0.14055623
0,0,0.08702131
0,0,0.10832647
0,0,0.11888508
0,0,0.30046967
1,1,0.6855463
0,0,0.16302183
0,0,0.10364464
0,0,0.13051993
1,1,0.7425833
0,0,0.10782817
0,0,0.084492825
0,0,0.09903271
0,0,0.10102624
0,0,0.0956927
0,0,0.2269558
0,0,0.09682651
0,0,0.43565303
0,0,0.17450497
0,0,0.11247595
0,0,0.09847704
0,0,0.30492315
1,0,0.22147518
1,1,0.70241994
0,0,0.15079485
0,0,0.11916197
0,0,0.07430289
1,1,0.6109614
0,0,0.20863989
0,0,0.09444305
0,0,0.07325434
1,1,0.63405395
0,0,0.08738052
0,0,0.073704295
0,0,0.16307282
0,0,0.13684174
0,0,0.13092473
0,0,0.18429111
1,1,0.7169749
0,0,0.10458453
1,0,0.48564285
1,1,0.68185025
0,0,0.11046136
1,0,0.30918708
1,1,0.7321125
1,1,0.5857533
1,0,0.24658562
0,0,0.08627373
1,0,0.15430793
0,0,0.044806577
0,0,0.10118837
0,0,0.109662354
0,0,0.13448575
0,0,0.06956603
0,0,0.21834084
0,0,0.3017689
0,0,0.0947223
0,0,0.4714781
0,0,0.113389134
0,0,0.100441664
0,0,0.06715362
0,0,0.11027085
0,0,0.08522443
0,0,0.09567655
0,0,0.063852586
0,0,0.11470354
1,1,0.6356937
0,0,0.08294461
0,0,0.12861556
0,0,0.19018012
1,1,0.7720216
0,0,0.05417681
0,0,0.09780393
0,1,0.63771194
0,0,0.037468582
0,0,0.15343685
0,0,0.30787832
0,0,0.047553867
0,0,0.1440741
0,0,0.20986433
0,0,0.072262086
0,0,0.035372376
0,0,0.05117658
0,0,0.101469934
0,0,0.087515794
1,1,0.78812575
0,0,0.06478685
0,0,0.10179847
0,0,0.099487364
1,0,0.3565836
0,0,0.13002239
0,0,0.10452819
0,0,0.08778181
0,0,0.14304502
0,0,0.07269973
0,0,0.11450774
0,0,0.14493135
0,0,0.08526812
0,0,0.12769082
0,0,0.32130864
0,0,0.107118204
0,0,0.13255093
0,0,0.115293786
0,0,0.26623377
0,0,0.06996692
0,0,0.06701399
1,0,0.1636384
1,0,0.34641796
0,0,0.13521597
0,0,0.26199025
0,0,0.10528869
0,0,0.12840195
0,0,0.09835756
0,0,0.3341314
0,0,0.077851005
0,0,0.3333651
0,0,0.16008885
0,0,0.06413901
1,1,0.67514557
0,0,0.06599358
0,0,0.09165123
0,0,0.10674246
0,0,0.078267224
1,0,0.19584624
0,0,0.16300173
0,0,0.10873632
0,0,0.037966035
0,0,0.24991909
0,0,0.059869274
1,0,0.17701349
0,0,0.1284418
0,0,0.11804352
0,0,0.08043196
0,0,0.07798492
0,0,0.48243007
0,0,0.10872677
0,0,0.15633442
0,0,0.041980606
0,0,0.22689575
1,0,0.05508571
1,1,0.7696692
0,0,0.20375231
0,0,0.09056566
0,0,0.15283743
0,0,0.24747112
0,0,0.11135063
1,1,0.75886005
0,0,0.08512469
0,0,0.056087915
0,0,0.2511448
0,0,0.07267138
0,0,0.20228136
1,1,0.6431814
0,0,0.10481576
0,1,0.55501133
0,0,0.13855787
0,0,0.14409524
0,0,0.092523396
0,0,0.07040726
0,0,0.10602081
1,1,0.62008286
0,0,0.034519542
0,0,0.08636751
1,0,0.31023428
0,0,0.06986255
0,0,0.20135641
0,0,0.20119648
0,0,0.08926201
0,0,0.118190825
0,0,0.31536534
0,0,0.1772173
0,0,0.18612212
1,0,0.16677752
1,1,0.63838434
0,0,0.19225606
0,0,0.037160125
0,0,0.29288682
0,0,0.118561424
0,0,0.0790828
0,0,0.059850134
0,0,0.073173776
1,1,0.7458231
0,0,0.0673301
1,0,0.20306784
0,0,0.23825976
0,0,0.15670153
0,1,0.68317825
0,0,0.12508863
1,0,0.31747273
0,0,0.40710464
1,0,0.11972257
1,0,0.08163901
0,0,0.04426512
0,0,0.110934824
1,0,0.12550962
0,0,0.17518875
0,0,0.2086082
0,0,0.030056225
1,1,0.6752221
0,0,0.16913031
1,1,0.67532825
0,0,0.1211091
0,0,0.26675686
0,0,0.21321233
0,0,0.46882087
1,0,0.07466861
0,0,0.25797138
0,0,0.12291741
0,0,0.25178874
1,0,0.12607402
1,1,0.66098446
0,0,0.10171808
0,0,0.055549417
0,0,0.0697503
0,0,0.21138927
0,0,0.12290857
0,0,0.096005484
0,0,0.14182673
0,0,0.35483375
0,0,0.16482164
0,0,0.26775524
0,0,0.12936698
0,0,0.08444177
1,0,0.12027307
1,1,0.64235723
1,0,0.13001856
0,0,0.10429619
0,0,0.14216334
0,0,0.097276464
0,0,0.12798081
0,0,0.0981481
1,0,0.18894304
0,0,0.14337409
0,0,0.32130864
0,0,0.10696904
0,0,0.07590108
0,0,0.055048045
1,0,0.293888
0,0,0.105068296
0,0,0.12857531
0,0,0.25052875
0,0,0.11793133
0,1,0.59880227
0,0,0.24705954
0,0,0.12582192
0,0,0.05179308
0,0,0.07008698
0,0,0.07220584
0,0,0.18623875
0,0,0.085218735
1,0,0.30492315
0,0,0.055007197
1,0,0.3312961
0,0,0.05577752
0,0,0.13739353
0,1,0.6837673
0,0,0.1949153
1,1,0.7569068
0,0,0.04457265
1,0,0.11346977
0,0,0.11997319
0,0,0.21989764
0,1,0.57810247
0,0,0.17587933
0,0,0.12691598
0,0,0.09933628
0,0,0.18404424
0,0,0.23072112
1,1,0.7304518
0,0,0.20393884
0,0,0.06658176
0,0,0.15825988
0,0,0.16299684
0,0,0.14750344
0,0,0.10862451
0,0,0.030974565
0,0,0.055695727
1,0,0.10054472
0,0,0.17144927
0,0,0.111078426
0,0,0.12764274
0,0,0.09793665
0,0,0.3039012
0,1,0.60203165
1,1,0.7932496
0,0,0.1037199
1,0,0.25296518
0,0,0.36062294
0,0,0.21476206
0,0,0.13256808
1,1,0.5491102
1,0,0.43700883
0,0,0.06481838
0,0,0.12528126
1,0,0.21180238
0,0,0.043424074
0,0,0.12537655
0,0,0.425289
0,1,0.6362558
0,0,0.2521588
1,0,0.35755768
0,0,0.10544424
0,0,0.07567883
0,0,0.100220434
0,0,0.11060822
0,0,0.072475225
0,0,0.1517569
0,0,0.10307778
0,0,0.34499225
0,0,0.07457328
0,0,0.1745289
0,0,0.10230473
0,0,0.02634852
0,0,0.04674242
0,0,0.061671544
0,0,0.1255644
0,0,0.04773572
1,0,0.15204465
0,0,0.08326525
0,0,0.056941055
0,0,0.03551497
0,0,0.39513206
0,0,0.22499253
0,0,0.39732543
0,0,0.061318785
0,0,0.32113978
0,0,0.3347388
1,0,0.1157291
0,0,0.18550697
1,0,0.21696909
0,0,0.078014724
0,0,0.07163773
0,0,0.1376408
0,0,0.12564892
0,0,0.046890352
0,0,0.08653648
0,0,0.108214654
0,0,0.07484467
0,0,0.19302626
0,0,0.06900208
0,0,0.27696308
0,0,0.20300215
0,0,0.07519825
0,0,0.20613344
0,0,0.09085383
0,0,0.23833293
0,0,0.07180461
0,0,0.049001105
1,0,0.18926767
0,0,0.09778873
0,0,0.053971943
0,0,0.33019334
0,0,0.3652139
0,0,0.15272234
0,0,0.07659595
1,0,0.14998569
1,0,0.26775524
0,0,0.09694842
0,0,0.16046418
0,0,0.10712523
0,0,0.051912077
1,0,0.18166088
0,0,0.19338594
0,0,0.059046376
0,0,0.09787205
0,0,0.19748005
0,0,0.11525021
0,0,0.05297024
0,0,0.3850797
0,0,0.16809374
0,0,0.13823299
0,0,0.19891824
0,0,0.099423625
1,0,0.31536534
0,0,0.3074807
0,0,0.12660708
0,0,0.038136195
0,0,0.08471703
0,0,0.10002688
0,0,0.056539115
0,0,0.20220241
0,0,0.17667727
1,0,0.20682058
0,0,0.06354951
0,0,0.22652778
0,0,0.13663045
0,0,0.2089842
0,0,0.293022
0,0,0.10686148
0,0,0.109386325
0,0,0.060940336
0,0,0.16334103
1,1,0.6124237
1,0,0.27226648
0,0,0.10934714
0,0,0.100706555
0,0,0.12212941
0,0,0.10284031
0,0,0.10626295
0,0,0.08848163
0,0,0.36866236
0,0,0.06649924
1,0,0.15533617
0,0,0.036904827
0,0,0.23181772
1,0,0.32482383
0,0,0.112852916
0,0,0.12681527
0,0,0.052818887
0,0,0.06303385
0,0,0.3023648
1,1,0.6986742
0,0,0.12832645
0,0,0.046818
1,0,0.1620149
0,0,0.09124787
0,0,0.13268428
0,0,0.093528986
0,0,0.05779895
0,0,0.08152706
0,0,0.14106151
0,0,0.2999316
0,0,0.14858223
0,0,0.10425125
0,0,0.27593642
1,1,0.8497687
0,0,0.09946739
0,0,0.29876637
0,1,0.6309352
1,1,0.7379346
0,0,0.080107175
0,0,0.15747923
0,0,0.044034403
0,0,0.13899018
0,0,0.13636915
1,0,0.20591815
0,0,0.15563034
0,0,0.2532485
1,0,0.27751246
0,0,0.3271136
0,0,0.09108162
0,0,0.12089862
0,0,0.1485612
0,0,0.064800814
0,0,0.27630457
0,0,0.10764426
0,1,0.5655031
0,0,0.2511448
0,0,0.09519166
0,0,0.027631724
1,0,0.19587353
0,0,0.11059511
0,0,0.06366467
0,0,0.08137143
0,0,0.19475226
0,0,0.31536534
0,0,0.028719611
0,0,0.11766427
0,0,0.24705954
1,0,0.12171241
1,1,0.6797148
1,0,0.12622665
1,1,0.6133533
0,0,0.048662454
0,0,0.08843725
0,0,0.06716637
0,0,0.06253095
1,0,0.15853544
0,0,0.3315023
1,0,0.05010907
0,0,0.14336105
0,0,0.093439214
1,1,0.79099315
0,0,0.49420512
0,0,0.16503625
0,0,0.054213166
1,1,0.6282308
0,0,0.1310953
0,0,0.058491163
0,0,0.1344577
0,0,0.044369847
0,0,0.18680817
0,0,0.10340226
0,0,0.10079628
0,0,0.14785667
0,1,0.64448225
0,0,0.16851804
1,0,0.17122933
1,1,0.6285371
1,0,0.05943398
0,0,0.1039575
0,1,0.63395673
1,0,0.13974862
0,0,0.095798075
0,0,0.21388835
0,0,0.07709184
1,1,0.75241506
0,0,0.054960303
0,0,0.104943834
0,0,0.062645935
0,0,0.24772604
0,0,0.060676396
0,0,0.15579021
1,0,0.104132265
1,0,0.31217045
0,0,0.3055121
0,0,0.046440657
0,0,0.044696007
0,0,0.17243595
1,0,0.14866723
0,0,0.12928806
0,0,0.20892097
1,0,0.12287472
0,0,0.18203361
0,0,0.078117214
0,0,0.085150085
0,0,0.056024857
1,0,0.4303667
0,0,0.06636527
0,0,0.14302604
0,0,0.039763547
0,0,0.045963414
0,0,0.10284832
0,0,0.053223107
1,0,0.15313813
0,0,0.0744572
0,0,0.104286686
1,1,0.76503736
0,0,0.09511587
0,0,0.09258902
0,0,0.05767061
0,0,0.44609222
0,0,0.105458856
0,0,0.156981
0,0,0.102450214
1,1,0.76642114
0,0,0.15178825
0,0,0.10302491
0,0,0.16307114
0,0,0.056719918
0,0,0.17480488
0,0,0.07505413
0,0,0.20407864
1,0,0.25275925
0,0,0.31133226
0,0,0.15447915
0,0,0.07603787
0,0,0.06679155
0,0,0.066527896
0,0,0.051625956
0,0,0.07106822
0,0,0.07866427
0,0,0.10718816
0,0,0.14095202
0,0,0.04363498
0,0,0.11682559
1,1,0.6356223
0,0,0.112771496
0,0,0.033110205
0,0,0.20699565
0,0,0.11959612
1,1,0.61196655
1,0,0.059823364
0,0,0.12163724
0,0,0.13260055
0,0,0.056246445
0,0,0.12458448
0,0,0.14778282
0,0,0.27572584
0,0,0.17944027
0,0,0.10961855
0,0,0.078807205
0,0,0.09165377
1,0,0.4955295
0,0,0.078764655
0,0,0.113707855
0,0,0.21717823
1,1,0.63269496
0,0,0.074738264
0,1,0.53230524
1,0,0.22524008
0,0,0.112652645
0,0,0.07428059
0,0,0.041002177
0,0,0.09363669
0,0,0.06097278
0,0,0.0787768
0,0,0.11747669
1,0,0.097536765
1,1,0.7115474
0,0,0.061831184
0,0,0.14293547
0,0,0.099839695
0,0,0.041071028
1,0,0.17684671
0,0,0.095153004
0,0,0.26629075
0,0,0.17864811
0,0,0.06248266
1,0,0.257732
1,0,0.3870113
0,0,0.3011846
0,0,0.03965435
0,0,0.056284513
0,0,0.036885984
0,0,0.18827733
0,0,0.07937338
0,1,0.5768828
0,0,0.103431836
0,0,0.08884482
0,0,0.19145675
0,0,0.050451316
0,0,0.18024512
0,0,0.12880139
0,0,0.036411423
0,0,0.19775803
1,0,0.17679763
0,0,0.07232515
0,0,0.08833117
0,0,0.16785698
0,0,0.08672563
0,0,0.10151118
0,0,0.07877715
1,0,0.17071532
0,0,0.049117137
1,0,0.25471774
1,1,0.621185
0,0,0.08047831
0,0,0.11259167
0,0,0.07107854
0,0,0.06125352
0,0,0.1010387
0,0,0.18220517
1,0,0.12837856
0,0,0.08270139
0,0,0.078160875
0,0,0.06493387
1,1,0.738144
0,0,0.073446795
1,0,0.20844276
0,0,0.1347384
0,0,0.0840087
0,0,0.0797249
0,0,0.09433027
0,0,0.22165737
1,0,0.1502471
0,0,0.16724378
1,0,0.45278275
0,0,0.074892335
0,0,0.120207526
0,0,0.13194475
1,1,0.7178463
0,0,0.1099989
0,0,0.22487597
0,0,0.10949684
0,0,0.06001967
0,0,0.21725325
0,0,0.06861104
0,0,0.031641982
0,0,0.048347007
0,0,0.09078859
0,0,0.06526328
0,0,0.08272241
0,0,0.06811587
0,0,0.05023771
0,0,0.10298839
0,1,0.58765876
1,0,0.10391535
0,0,0.10982989
0,0,0.075173035
0,0,0.0979679
0,0,0.19289793
0,0,0.11065387
0,0,0.05544665
0,0,0.10558071
0,0,0.06837028
0,0,0.10473075
0,1,0.6191616
0,0,0.14145623
1,1,0.63017654
0,0,0.10870608
0,0,0.06822931
1,0,0.26352388
0,0,0.07842771
0,0,0.124766104
0,0,0.32253867
0,0,0.116656415
0,0,0.07401829
0,0,0.10676876
0,0,0.1827323
1,0,0.18263029
0,0,0.17014809
1,0,0.35959828
0,0,0.05683642
0,0,0.21058753
1,1,0.6729616
0,0,0.04427301
0,0,0.21363908
0,0,0.03026807
0,0,0.044725385
0,0,0.13303138
1,0,0.31309727
0,0,0.10032124
0,0,0.070001386
0,0,0.12928884
0,1,0.6309268
0,0,0.040254362
1,0,0.17034343
0,0,0.17291772
0,0,0.106289856
1,1,0.76309144
0,0,0.13895647
0,0,0.22038719
0,0,0.11270053
0,0,0.07068781
0,0,0.36837307
0,0,0.09888309
0,0,0.109911814
0,0,0.26136604
0,0,0.1126849
0,0,0.0434143
0,0,0.26154193
1,0,0.37164205
0,0,0.11387267
1,0,0.09469035
0,0,0.06173691
0,0,0.05994047
0,0,0.26136604
0,0,0.090397514
0,0,0.111782126
0,0,0.04282027
1,0,0.13170494
0,0,0.1983401
0,0,0.35705277
0,0,0.09244365
0,0,0.08999904
0,0,0.27521867
0,0,0.076339625
1,0,0.44593072
0,0,0.21817927
0,0,0.112834066
1,0,0.36103374
0,0,0.064817235
0,0,0.05243069
0,0,0.20294067
1,0,0.28956556
0,0,0.05040729
0,0,0.12879771
0,0,0.1443821
0,0,0.41673622
0,0,0.07312889
0,0,0.09048926
0,0,0.05221238
0,0,0.35090524
1,1,0.6491592
0,0,0.07204684
0,0,0.07090741
1,1,0.604463
1,0,0.3667341
0,0,0.19664267
1,0,0.23349816
0,0,0.13081332
0,0,0.15057138
0,0,0.13711357
1,1,0.66664433
0,0,0.17339344
0,0,0.16912472
0,0,0.12796243
0,0,0.053936224
0,0,0.24827601
0,0,0.14529783
1,0,0.45930168
0,0,0.09214048
0,0,0.07414951
0,1,0.62325877
0,0,0.06267479
0,0,0.17344067
0,0,0.17330204
0,0,0.085425645
0,0,0.3959974
0,0,0.07283987
0,0,0.08236272
0,1,0.75040126
1,1,0.67888325
0,0,0.1405123
1,0,0.2577368
0,0,0.10205453
0,0,0.32194403
0,0,0.070255466
0,0,0.05555702
0,0,0.09343901
0,0,0.06113489
0,0,0.09477195
1,0,0.37252456
0,0,0.17569739
1,0,0.28232947
0,0,0.08397973
0,0,0.11995774
0,0,0.040740512
0,0,0.094267
0,0,0.15502752
1,0,0.29430103
0,0,0.06501057
1,0,0.09680537
0,0,0.0654613
0,0,0.4654055
0,0,0.13073458
0,0,0.26775524
0,0,0.068618804
0,0,0.12328124
0,0,0.120795146
0,0,0.02740458
1,0,0.24503121
0,0,0.13128538
0,0,0.14032309
0,0,0.20887984
0,0,0.08956456
0,0,0.15654413
0,0,0.13941535
0,0,0.15152846
1,0,0.11784393
0,0,0.07543475
0,0,0.11365013
0,0,0.06782323
0,0,0.053217873
0,0,0.10318638
0,0,0.113539994
1,0,0.29904163
0,0,0.19950593
0,0,0.03513198
0,0,0.11545657
0,0,0.065990366
0,0,0.10100799
0,0,0.107614845
0,0,0.2795789
1,0,0.18732028
0,0,0.08282686
0,0,0.34301862
1,1,0.59400284
1,1,0.68908876
0,0,0.29001936
0,0,0.14140254
0,0,0.17215289
0,0,0.04644572
0,0,0.15737762
0,0,0.050826367
1,1,0.622235
0,0,0.21726348
1,0,0.25111017
0,0,0.06491374
0,0,0.059192415
0,0,0.16401584
1,0,0.16382934
0,0,0.13485159
0,0,0.053886052
0,0,0.04203008
0,0,0.14358278
0,0,0.11252378
0,0,0.07446116
1,0,0.1354041
0,0,0.13060008
0,0,0.17890908
1,0,0.09835756
0,0,0.11898662
0,0,0.073781796
1,0,0.2690861
1,0,0.17778382
0,0,0.22882368
0,0,0.20283112
0,0,0.11306511
0,0,0.13170779
1,0,0.23118198
0,0,0.09726625
0,0,0.20557274
0,0,0.07960549
0,1,0.5973537
0,0,0.2767633
1,0,0.20967849
0,0,0.07342225
0,0,0.09923686
0,0,0.10657935
0,0,0.063692
0,0,0.11659672
0,0,0.14205186
0,0,0.08273278
0,0,0.071251035
0,0,0.10051793
0,1,0.5241787
0,0,0.04236521
0,0,0.24879588
0,0,0.0634148
0,0,0.09485836
0,0,0.14945124
0,0,0.07745475
0,0,0.10261543
0,0,0.22413085
0,0,0.14334506
0,0,0.2866483
0,0,0.061470583
0,0,0.25162768
1,0,0.40659907
0,0,0.16370434
0,0,0.07192864
0,0,0.289851
0,0,0.066547506
0,0,0.049026843
0,0,0.059462164
0,0,0.12978964
0,0,0.03953123
0,0,0.06525493
0,0,0.4721635
0,0,0.13311
0,0,0.110568516
0,0,0.08849255
0,0,0.2048823
0,0,0.227463
0,0,0.19344512
0,0,0.3039012
0,0,0.2594058
0,0,0.0690169
0,0,0.061824884
0,0,0.070493236
1,1,0.82147306
0,0,0.12454781
1,0,0.14171702
0,0,0.17642505
0,0,0.05559166
0,0,0.09268536
1,1,0.7703014
0,0,0.094666384
0,0,0.09653937
0,0,0.19055496
0,0,0.10532443
0,0,0.16312498
0,0,0.11470611
0,0,0.10723396
1,0,0.13535936
0,0,0.13863547
0,0,0.11649823
0,0,0.17027006
1,0,0.09940286
0,0,0.3117417
0,0,0.1346784
0,0,0.039644957
0,0,0.13225543
1,0,0.2194941
0,0,0.13002686
0,0,0.22297463
0,0,0.047507305
0,0,0.06595753
1,0,0.24798933
0,1,0.5939101
0,0,0.05200181
0,0,0.089419164
0,0,0.06461225
0,0,0.12120898
0,0,0.07732095
0,0,0.09666085
0,0,0.11858124
0,0,0.08683376
0,0,0.115397654
0,0,0.41381142
0,0,0.09888447
0,0,0.0795366
0,0,0.16932972
1,0,0.19687568
1,0,0.09887467
0,0,0.18767409
1,0,0.31536534
0,0,0.09013393
0,0,0.15069143
0,1,0.6668394
0,0,0.35489303
0,0,0.22527179
0,0,0.24672638
0,0,0.08019417
0,0,0.09791989
0,0,0.10098985
0,0,0.124552324
0,0,0.119940475
0,0,0.12844416
0,0,0.065282695
0,0,0.048987694
0,0,0.05453271
0,0,0.1816837
1,0,0.21944715
0,0,0.27161205
0,0,0.26136604
0,0,0.073564306
0,0,0.20188792
0,0,0.27178413
0,0,0.06628891
0,0,0.10842248
1,0,0.21118003
0,0,0.21630546
0,0,0.23822577
0,0,0.11953788
0,0,0.12126873
0,0,0.1267889
0,0,0.042833023
1,0,0.16172086
0,0,0.071238354
0,0,0.025997516
0,0,0.13700001
0,0,0.039034054
0,0,0.14995441
0,0,0.24335013
0,0,0.05386168
0,0,0.23672877
1,0,0.21848196
0,0,0.07054223
0,0,0.07576373
0,0,0.062335923
0,0,0.17975347
0,0,0.07736956
0,0,0.03943696
1,0,0.07754816
0,0,0.05516243
0,0,0.2619754
0,0,0.06409373
0,0,0.063136086
0,0,0.06870095
0,0,0.06375395
0,0,0.3039012
0,0,0.07864789
0,0,0.10379304
0,0,0.17007484
0,0,0.13318221
0,0,0.039374713
0,0,0.27141616
1,0,0.17418858
0,0,0.10487118
0,0,0.11090585
0,0,0.13091405
1,1,0.67313814
0,0,0.111773685
0,0,0.13474959
0,0,0.028242363
0,0,0.057146233
1,0,0.14809725
1,0,0.16842479
0,0,0.21281081
0,0,0.2594058
0,0,0.09822634
0,0,0.07131626
0,0,0.25515828
0,0,0.07714034
0,0,0.1364863
0,0,0.13637474
0,0,0.02508128
1,0,0.2535655
0,0,0.108051606
0,0,0.148991
1,0,0.240988
0,0,0.06935889
0,0,0.06256513
1,0,0.114968754
0,0,0.13332924
0,0,0.060103726
0,0,0.06814515
1,0,0.10921414
0,0,0.1151623
0,0,0.098652385
0,0,0.07779109
0,0,0.108947344
0,0,0.089623
0,0,0.19705997
1,0,0.09165123
0,0,0.10808415
1,1,0.6583485
0,1,0.6374158
0,0,0.07531842
0,0,0.0531268
1,0,0.11222063
0,0,0.07996412
0,0,0.13459447
0,0,0.07666868
0,0,0.042567722
0,0,0.05176425
0,0,0.2036381
1,0,0.49664864
0,0,0.046406657
0,0,0.12791009
0,0,0.038925752
0,0,0.095900066
0,0,0.05736661
1,1,0.64331496
0,0,0.30678686
1,1,0.68893343
0,0,0.098110944
0,0,0.12657751
1,0,0.38975188
0,0,0.10206684
1,0,0.36763847
0,0,0.19528063
0,0,0.13987422
0,0,0.07675731
0,0,0.2033368
0,0,0.05742619
1,0,0.15148135
0,0,0.11623166
0,0,0.09933848
0,0,0.030322498
1,1,0.6592295
1,0,0.1483391
0,0,0.066656075
0,0,0.08738052
0,0,0.15521777
0,0,0.12545648
0,0,0.06268752
1,0,0.13739929
1,0,0.1470467
0,0,0.26462087
0,0,0.17352182
0,0,0.03017032
0,0,0.10628752
0,0,0.19711466
0,0,0.13541266
0,0,0.14547181
0,0,0.06319089
0,0,0.22255932
0,0,0.066571325
0,0,0.040184315
0,0,0.10456721
0,0,0.15210332
0,0,0.08564096
0,0,0.12003172
0,0,0.14944163
0,0,0.1552816
0,0,0.07358427
0,0,0.049513396
1,0,0.102163784
0,0,0.04717031
0,0,0.07805877
0,0,0.10890658
0,0,0.06539169
0,0,0.09385757
0,0,0.06606584
0,0,0.084305875
0,0,0.09268331
0,0,0.098585874
0,0,0.050600655
0,0,0.15118876
0,0,0.07670465
0,0,0.21929286
0,0,0.13015789
1,1,0.6316276
1,0,0.10187124
0,0,0.09673912
0,0,0.25192374
1,1,0.6676646
0,0,0.16152613
1,0,0.16447125
0,0,0.17617321
1,1,0.6901378
0,0,0.18850166
0,0,0.22934473
0,0,0.33334228
0,0,0.32842627
0,0,0.061839513
1,1,0.5383601
0,0,0.13081332
0,0,0.12819497
0,0,0.35420457
0,1,0.6309268
0,0,0.103738986
0,1,0.75582445
0,0,0.079229034
0,0,0.13358724
1,0,0.29917893
0,0,0.23654157
0,0,0.15669173
1,0,0.114970066
0,0,0.100706555
0,0,0.06185541
0,0,0.12799226
0,1,0.63701844
0,0,0.16839367
0,1,0.50367844
0,0,0.08056707
0,0,0.1738083
0,0,0.046511218
0,0,0.20519038
0,0,0.08992337
0,0,0.028122881
0,1,0.64973766
0,0,0.09285067
0,0,0.12377478
1,1,0.65761286
0,0,0.17398903
0,0,0.10564674
1,0,0.2219706
1,0,0.29616156
0,0,0.080048844
1,1,0.80154306
0,1,0.6085507
0,0,0.13492239
1,0,0.09010071
0,0,0.09002383
0,0,0.13260734
0,0,0.10088979
0,0,0.032494266
0,0,0.13921437
0,0,0.2492933
0,0,0.10075145
0,0,0.10408917
1,1,0.6197539
0,0,0.16460676
0,0,0.21291521
0,0,0.18092474
0,0,0.1276523
0,0,0.11723891
1,1,0.6923535
0,0,0.15470953
0,0,0.042998258
1,0,0.12738425
0,0,0.16684994
0,0,0.102297306
1,0,0.14877325
0,0,0.35265788
0,0,0.1065327
1,1,0.7347649
1,1,0.74209017
0,0,0.1386441
0,1,0.5929842
0,0,0.27751246
0,0,0.057308644
1,0,0.2828997
0,0,0.1351231
0,0,0.23829478
0,1,0.65467155
0,0,0.06101388
0,0,0.100233145
1,0,0.21837711
0,0,0.07535778
1,0,0.19395746
0,0,0.071429305
0,0,0.2983011
0,0,0.1518965
0,0,0.042680085
0,0,0.21321948
0,0,0.088874504
0,0,0.11762978
0,0,0.13382062
0,0,0.05419784
0,0,0.12412171
1,0,0.2857543
0,1,0.50019914
0,0,0.09696041
0,0,0.20807023
0,0,0.092465
0,0,0.13153116
0,0,0.14481515
1,0,0.17878997
1,0,0.34978807
0,0,0.041800782
0,0,0.0850736
0,0,0.068593346
1,1,0.572187
0,0,0.253167
0,0,0.07117599
0,0,0.065661944
1,0,0.4446904
0,0,0.2581189
0,0,0.07745448
0,0,0.1102083
0,0,0.2299957
0,0,0.13166675
0,0,0.23643692
0,0,0.19077158
0,0,0.41334155
0,0,0.11491375
0,0,0.21964398
0,0,0.05326936
0,0,0.057101272
1,1,0.6801561
1,0,0.15672944
1,1,0.5794638
0,0,0.4491027
1,0,0.2202558
0,0,0.10828174
0,0,0.083267115
1,0,0.47752696
0,0,0.10748419
0,0,0.0955547
0,1,0.5763341
0,0,0.32509813
0,0,0.10239283
0,0,0.083027564
0,1,0.5479997
0,0,0.05251017
0,0,0.13354263
0,0,0.20627402
0,0,0.15065819
0,0,0.20745727
0,0,0.20509547
0,0,0.1251005
1,0,0.22237003
1,0,0.29185164
1,1,0.7417227
0,0,0.05872425
1,0,0.09055796
1,0,0.056786947
1,1,0.6360985
1,0,0.46372232
0,0,0.14107563
1,1,0.6341819
1,1,0.57495546
1,0,0.18125713
0,0,0.15959077
1,0,0.15156841
1,0,0.18831685
0,0,0.33543906
1,1,0.50060093
0,0,0.18650647
0,0,0.16121869
0,0,0.11533254
1,1,0.6520553
0,0,0.47783035
0,1,0.75566715
1,0,0.12110934
1,0,0.4188326
0,0,0.15451774
0,0,0.16821016
1,1,0.6471892
0,0,0.26086974
0,0,0.100354664
1,0,0.28509122
1,1,0.68406975
0,0,0.31378922
0,0,0.0907037
0,0,0.21624574
0,0,0.06769335
0,0,0.10076941
0,0,0.121478945
0,1,0.62580055
0,0,0.19023013
0,0,0.037356436
1,1,0.7635987
0,0,0.16178943
0,0,0.0992296
0,0,0.14576544
0,0,0.32923353
0,0,0.13808212
0,0,0.05497426
0,0,0.26476842
0,0,0.11826832
0,0,0.17210588
1,1,0.67696744
0,0,0.14136596
0,0,0.08959162
0,0,0.15456554
0,0,0.054994643
0,0,0.13481565
0,0,0.09035324
0,1,0.5471892
0,0,0.19721955
0,0,0.194984
0,0,0.105792895
0,0,0.14876643
0,0,0.47371104
0,0,0.19259776
0,0,0.1454167
0,0,0.07680043
1,1,0.6894825
0,0,0.4167695
0,0,0.16504385
1,1,0.63448906
1,0,0.43194136
1,1,0.6615393
0,1,0.6222807
0,0,0.12927794
0,0,0.085927114
0,0,0.08368424
0,0,0.0722358
0,0,0.21167174
0,0,0.063821495
1,1,0.7307127
0,0,0.21801572
1,0,0.4275031
1,0,0.47441742
0,0,0.07886211
0,0,0.08570491
0,0,0.084862195
0,0,0.13787968
0,0,0.24815142
1,0,0.40495065
0,0,0.20855369
0,0,0.071817346
0,0,0.07154298
0,1,0.6143723
0,0,0.13971148
1,0,0.08631108
0,0,0.24022292
0,0,0.030955676
0,0,0.1425462
0,0,0.050547928
0,0,0.1264017
0,0,0.31162846
0,0,0.2598147
0,0,0.15003935
0,0,0.20692417
0,0,0.11227142
1,0,0.10195407
1,1,0.6549258
0,0,0.21809003
0,0,0.09903485
0,0,0.16600265
0,0,0.14132081
0,0,0.103726104
0,0,0.29103416
0,0,0.18368673
1,0,0.44804278
0,0,0.19269378
1,0,0.086622015
1,0,0.19408129
0,0,0.10603836
0,0,0.06625238
0,1,0.63004947
0,0,0.12784071
1,1,0.6823216
0,0,0.17692341
0,0,0.138718
1,0,0.23922744
0,0,0.067200735
0,0,0.09591425
0,0,0.12674344
0,0,0.09835756
0,0,0.06854284
0,0,0.14558196
0,0,0.30097538
0,0,0.07177786
1,0,0.1153245
1,0,0.3061271
1,1,0.70400655
0,0,0.14998636
1,1,0.62442267
1,0,0.36821017
0,0,0.13390115
0,0,0.09627722
0,0,0.19224134
0,0,0.080519006
0,0,0.06611955
0,0,0.10539598
1,1,0.6010324
1,0,0.13135622
0,0,0.042830147
0,0,0.09615455
0,0,0.1049711
0,0,0.13178973
0,0,0.23920059
1,0,0.19466372
0,0,0.10302983
0,0,0.20763248
0,0,0.15752177
0,0,0.20501658
0,0,0.048007518
0,0,0.09755795
1,1,0.67688024
0,0,0.13353017
1,0,0.1921183
0,1,0.6656761
0,0,0.13193233
1,1,0.7092851
0,0,0.07626069
1,1,0.6488167
0,0,0.09096134
1,0,0.24412933
0,0,0.14423877
0,0,0.14037414
0,0,0.13996693
0,0,0.1203108
0,0,0.073657185
0,0,0.04338216
0,0,0.111473724
0,0,0.04980696
0,0,0.067203954
0,0,0.04945467
0,0,0.19720384
0,0,0.30417025
0,0,0.2441444
1,1,0.62099004
1,0,0.14415076
0,0,0.17330272
0,0,0.064825214
0,1,0.75969505
0,0,0.08659463
0,0,0.14208339
0,1,0.65351325
0,0,0.22091511
0,0,0.10859612
0,0,0.13127714
0,0,0.07450731
0,0,0.10307125
0,0,0.08075532
0,0,0.29102588
0,0,0.11558281
0,0,0.07989136
0,0,0.12910692
1,1,0.7221082
0,0,0.05693665
0,0,0.3444526
0,0,0.32120326
0,0,0.17640631
0,0,0.12505983
0,0,0.12750378
1,1,0.66987866
0,0,0.05562365
1,1,0.6337039
0,0,0.23849209
0,0,0.12086416
0,0,0.39695543
1,0,0.3327439
0,0,0.12138845
0,0,0.17633021
0,0,0.039950233
0,0,0.10364326
0,1,0.5639673
0,0,0.10197185
0,0,0.092780136
0,0,0.11336383
0,0,0.36901557
0,0,0.10122134
0,0,0.103065155
0,0,0.19695728
0,0,0.036154784
0,0,0.035717707
0,0,0.089110404
0,0,0.08905675
0,0,0.10727062
0,0,0.07694851
0,0,0.046027537
0,0,0.14967869
0,0,0.09537511
1,0,0.13166161
0,0,0.09736445
1,1,0.6666339
1,0,0.11334523
0,0,0.0696139
0,0,0.18966644
1,0,0.08228818
0,0,0.096736684
0,0,0.1631083
1,0,0.23821244
0,0,0.100354664
1,0,0.45646316
0,0,0.09825737
0,0,0.07230826
0,0,0.151432
0,1,0.64092886
0,0,0.040844988
1,0,0.13363962
0,0,0.18189862
0,0,0.14811331
1,1,0.66838056
0,0,0.10996543
0,0,0.12963194
0,0,0.12739226
0,0,0.06653804
0,0,0.08146263
1,0,0.08149209
0,0,0.07359744
1,0,0.1607819
0,0,0.114663236
0,0,0.16735974
0,0,0.21323954
0,0,0.0697816
0,0,0.12198052
1,0,0.0897523
0,0,0.08811848
0,0,0.19787084
0,0,0.06082264
0,0,0.18721046
0,0,0.13542876
0,0,0.18156171
0,0,0.14430867
0,0,0.0937662
0,0,0.44962293
0,0,0.13460907
1,0,0.3298925
0,0,0.15118225
0,0,0.17397806
0,0,0.06959957
0,0,0.111741
1,0,0.21162239
1,0,0.30737895
0,0,0.3205867
0,0,0.07465047
0,0,0.2069382
0,0,0.17520192
0,0,0.18656714
1,0,0.42455322
1,1,0.73889947
0,0,0.116446584
1,0,0.12851062
0,0,0.07155435
1,0,0.118094094
0,0,0.1916222
1,0,0.2215181
0,1,0.5970591
1,0,0.19669184
0,0,0.28455493
0,0,0.10045679
1,1,0.53031
1,0,0.31984293
0,0,0.13054024
0,0,0.12797801
0,0,0.080943026
1,0,0.39343992
0,0,0.088573195
1,0,0.3422347
1,0,0.09214261
1,0,0.28997967
1,0,0.4939684
0,0,0.076843634
1,1,0.7260309
0,0,0.07088041
1,0,0.10389022
1,0,0.12366339
0,0,0.26136604
1,0,0.29359388
0,0,0.123752825
0,0,0.20973295
0,0,0.07045444
1,1,0.69719195
0,0,0.11559428
1,1,0.608602
0,1,0.62386
0,0,0.029126402
1,1,0.6461685
0,0,0.05576423
0,0,0.0961682
0,0,0.14946882
0,0,0.28203246
1,1,0.6149799
1,0,0.37725407
0,0,0.13110006
0,0,0.12994726
1,0,0.11687397
0,0,0.10705378
0,0,0.07402908
0,0,0.45121428
0,0,0.14949015
1,0,0.27001473
0,0,0.08618405
0,0,0.102955155
0,0,0.117691875
1,0,0.18902612
0,0,0.06655469
1,1,0.5003434
0,0,0.1648529
0,0,0.19438235
0,0,0.12743752
0,0,0.1020983
0,0,0.14366676
0,0,0.07165936
0,0,0.09149639
0,0,0.09819865
0,0,0.29188105
0,0,0.12496924
0,0,0.07126809
1,1,0.8213038
0,1,0.6350056
0,0,0.07926566
1,1,0.82751954
0,0,0.10156731
1,0,0.2183581
0,0,0.42023253
0,0,0.1308553
0,0,0.0561019
0,0,0.20450357
0,0,0.123367585
0,0,0.13124539
1,0,0.4609808
0,0,0.11129074
0,0,0.28622612
0,0,0.26753947
0,1,0.6571358
1,0,0.48995993
0,0,0.14770812
0,0,0.049296122
1,1,0.6638191
1,0,0.18159415
0,0,0.06822663
1,0,0.05866424
0,0,0.16564094
0,0,0.11591844
0,0,0.096016504
0,0,0.051625043
0,0,0.17354938
0,0,0.25004867
1,0,0.13760889
0,0,0.027616708
1,0,0.18120214
1,1,0.5870927
0,0,0.1294259
1,1,0.75714684
1,0,0.39840385
0,0,0.12940374
0,0,0.24308746
0,0,0.054384213
1,0,0.19144279
0,0,0.068842396
0,0,0.05565971
1,0,0.17322007
0,0,0.14015472
0,0,0.14988564
1,0,0.082220726
0,1,0.6418745
0,0,0.043828387
1,1,0.7430342
0,0,0.20204954
1,0,0.23645394
0,0,0.05161858
1,1,0.6342807
0,0,0.074762076
1,1,0.67403305
0,0,0.073798746
0,0,0.0549731
0,0,0.11078453
0,0,0.14417282
0,0,0.09841462
0,0,0.05889395
0,0,0.056302913
0,0,0.060967505
0,0,0.0958907
0,0,0.062312793
0,0,0.040321384
1,0,0.25928608
0,0,0.041098904
0,0,0.047472436
0,0,0.092297934
0,0,0.096366346
0,0,0.45572442
0,0,0.12814645
0,0,0.1385937
0,0,0.048265688
1,1,0.6329941
0,0,0.20164788
1,0,0.21576294
0,0,0.08172818
0,0,0.089957364
1,1,0.6959109
1,1,0.6210956
1,0,0.1939506
1,0,0.18826295
1,0,0.091212854
1,0,0.13424216
1,0,0.23242384
0,0,0.14970662
1,1,0.62613523
0,0,0.08035366
1,0,0.3721216
0,0,0.4678845
0,0,0.107532136
0,0,0.15410334
0,0,0.27656877
0,0,0.29971302
0,0,0.12339989
1,0,0.067682415
0,0,0.09503453
0,0,0.09480074
0,0,0.07269604
1,0,0.13065782
0,0,0.097112425
0,0,0.10557358
0,0,0.058269024
0,0,0.03893113
1,0,0.17852384
0,0,0.19429035
0,0,0.15707646
0,0,0.17533268
0,0,0.05811279
1,0,0.4344064
0,0,0.11217389
0,0,0.06978252
0,0,0.07877236
0,0,0.09824446
1,1,0.59839755
1,0,0.13788773
0,0,0.16459043
0,0,0.15946062
1,0,0.26136604
0,0,0.050613854
0,0,0.25034007
0,0,0.06872391
0,0,0.29876637
0,0,0.14285776
0,0,0.20793131
0,0,0.1313279
0,0,0.08701902
1,0,0.29065594
1,0,0.40567976
0,0,0.13107686
1,1,0.6786264
1,1,0.6691112
0,0,0.09617179
1,0,0.14508945
0,0,0.31942368
0,0,0.13933961
0,0,0.09799173
0,0,0.21252947
0,0,0.115775965
0,0,0.13658182
0,0,0.06788293
0,0,0.20675215
0,0,0.42903867
0,0,0.30943975
0,0,0.3195034
0,0,0.12326307
1,0,0.39018574
0,0,0.30440256
0,0,0.09211876
0,0,0.10388451
0,0,0.081609346
0,0,0.22397384
0,0,0.09096694
0,0,0.12847732
0,0,0.029272448
1,0,0.1619093
0,0,0.411703
0,0,0.4053536
0,0,0.028361741
1,0,0.48754412
0,0,0.09323144
1,1,0.67797226
0,0,0.11977484
0,0,0.049645655
0,0,0.22651128
1,0,0.3039012
0,0,0.25035226
0,0,0.060127158
0,1,0.6068384
0,0,0.07441183
0,0,0.14023449
0,0,0.093562886
0,0,0.12547743
0,0,0.089094706
0,0,0.047531445
0,0,0.236193
0,0,0.042791042
0,0,0.09779623
1,1,0.8061021
1,1,0.7337657
0,0,0.088900976
0,0,0.09258902
1,1,0.6821029
0,0,0.10408917
0,0,0.075917155
0,0,0.11054701
0,0,0.050473683
1,0,0.20011277
0,0,0.2511448
1,0,0.40069988
1,0,0.1375437
0,0,0.065363735
0,0,0.111546405
1,0,0.40815604
0,0,0.35837737
1,1,0.61841494
1,1,0.7066019
0,0,0.2213358
1,0,0.06646911
0,0,0.12651846
0,0,0.4287869
0,0,0.096601754
0,0,0.2606678
0,0,0.21666364
0,0,0.17548725
0,0,0.091119766
1,0,0.13444649
0,0,0.066160195
1,1,0.7762374
0,0,0.18107198
0,0,0.032038312
0,0,0.14529783
1,0,0.26277256
0,0,0.13201976
0,0,0.10322691
0,0,0.12993504
0,0,0.08365342
0,0,0.07860682
0,0,0.36166012
1,1,0.57218724
0,0,0.05083452
0,0,0.085296296
0,0,0.08789549
0,0,0.052552484
0,0,0.16932528
0,0,0.23912163
0,0,0.04083602
0,0,0.046723716
1,0,0.22887391
0,0,0.16897659
0,0,0.1812368
1,1,0.6111295
0,0,0.057782847
0,0,0.2698805
0,0,0.20736472
0,0,0.157776
0,0,0.059157733
0,1,0.57560575
1,0,0.17372368
0,0,0.38237625
0,0,0.055802934
0,0,0.055282637
0,0,0.06265823
1,1,0.7988271
0,0,0.09870427
0,0,0.113005705
0,0,0.101762
0,0,0.13555132
0,0,0.21368465
1,0,0.23988841
0,0,0.12016756
0,0,0.09339683
0,0,0.07700634
1,1,0.6631735
0,0,0.13595654
1,0,0.24624975
0,0,0.09779121
1,0,0.15279523
0,0,0.11430881
1,1,0.68460315
0,0,0.033419155
0,0,0.04603626
1,1,0.50762933
0,0,0.11012435
0,0,0.117765315
0,0,0.073751986
0,0,0.36956897
1,1,0.6859665
1,1,0.80542946
1,0,0.33651325
0,0,0.09784991
1,0,0.27736464
0,1,0.71158487
0,0,0.108943336
0,0,0.09558776
0,0,0.2031686
0,0,0.24097091
1,1,0.6290484
0,0,0.07213521
1,1,0.63989854
1,1,0.70985615
0,0,0.06956785
0,0,0.18606678
1,0,0.09251783
0,0,0.102243826
0,0,0.13180867
0,0,0.14775243
0,0,0.12444591
1,1,0.8206587
1,1,0.62985563
1,0,0.12936622
1,0,0.31663802
1,1,0.61187744
1,0,0.280555
0,0,0.18706289
0,0,0.079433054
0,0,0.032688327
0,0,0.08339835
0,0,0.08824107
1,0,0.126444
0,0,0.1075213
0,0,0.05392655
0,0,0.15245321
1,1,0.64104176
0,0,0.11428539
1,0,0.1384954
0,0,0.09983146
0,1,0.5783362
0,0,0.2437145
1,1,0.7808663
0,0,0.072452776
0,0,0.13887061
0,0,0.2801648
0,0,0.09992065
0,0,0.097888745
1,0,0.11209746
0,0,0.13606264
0,0,0.13238774
0,0,0.075372055
0,0,0.17569739
0,0,0.096443176
0,0,0.101498045
1,0,0.32328317
0,0,0.14765346
1,0,0.24958031
1,1,0.7613105
0,1,0.6181744
0,0,0.09413097
1,1,0.7576464
0,0,0.21299762
0,0,0.13121566
0,0,0.12963468
1,0,0.37828693
1,1,0.73803294
0,0,0.07205021
1,0,0.29111964
0,0,0.2459609
0,0,0.16576971
0,0,0.3701484
0,0,0.1210843
0,0,0.3429416
0,0,0.10390851
1,0,0.10379304
0,0,0.25020462
0,0,0.102029346
0,0,0.09354999
0,0,0.17697537
0,0,0.031096803
0,0,0.13983977
1,0,0.21873254
0,0,0.18155327
0,0,0.07848415
1,0,0.45948157
0,0,0.21275863
0,0,0.21152751
1,0,0.08960934
0,0,0.066575475
0,0,0.115147576
0,0,0.15604512
0,0,0.053650424
0,0,0.06822088
0,0,0.05785886
0,0,0.1450897
0,0,0.082126506
0,0,0.15495665
0,0,0.07606558
0,0,0.12106621
0,0,0.047014832
0,0,0.1186191
0,0,0.055283416
0,0,0.087117925
0,0,0.109106794
0,0,0.09979199
0,1,0.7275031
0,0,0.1782414
0,0,0.24361518
0,0,0.049137685
0,0,0.33228907
1,0,0.36774772
0,0,0.11235695
0,0,0.19426273
1,1,0.7157548
0,0,0.10269461
1,1,0.71879864
1,0,0.15581653
1,1,0.6113157
1,0,0.22983953
0,0,0.19256507
0,0,0.16613051
0,0,0.11480034
0,0,0.09095471
0,0,0.107293
0,0,0.255929
1,0,0.06835663
0,0,0.03761969
1,0,0.2923689
0,1,0.69435793
0,0,0.10282655
0,0,0.038926672
0,0,0.060123757
0,0,0.11315134
0,1,0.7398059
0,0,0.17442219
0,0,0.24816881
0,0,0.05506323
0,0,0.1728678
1,0,0.11166497
1,0,0.10710228
0,0,0.043436773
1,0,0.12471348
0,0,0.035962287
1,0,0.12194633
0,0,0.048650812
0,0,0.054044873
0,0,0.18869625
0,0,0.2738436
0,0,0.1626627
0,0,0.094393186
0,0,0.12783302
1,0,0.13114072
1,0,0.324503
0,0,0.10520149
1,0,0.3615156
1,0,0.2317889
0,0,0.10831213
0,0,0.14162782
0,0,0.102297306
0,0,0.19288807
0,0,0.091631845
0,0,0.049711376
0,0,0.13460192
0,0,0.10931722
0,0,0.45411557
0,1,0.59905124
0,0,0.08121366
0,0,0.079860374
0,0,0.09854474
0,0,0.093606435
0,0,0.14843008
0,0,0.09861701
0,0,0.18311594
1,1,0.65277034
1,1,0.6243235
0,0,0.109330475
1,0,0.16301848
0,0,0.15268786
0,0,0.0933752
0,0,0.13370933
0,0,0.06972371
0,0,0.08863072
0,0,0.24604817
0,0,0.4268668
0,0,0.0800969
0,0,0.05683
1,0,0.1641414
0,0,0.25835937
0,0,0.09311492
1,0,0.43418452
0,0,0.087243855
0,0,0.088956766
0,0,0.11644629
0,0,0.18592834
0,0,0.04915199
0,0,0.08218799
1,0,0.107443124
0,0,0.059210252
0,0,0.039070908
0,0,0.036927555
0,0,0.11828455
0,0,0.13221185
0,0,0.13332124
1,0,0.2791346
0,0,0.0967632
0,0,0.17667626
1,1,0.69691217
0,0,0.09505148
0,0,0.10862574
0,1,0.64633673
0,0,0.091697134
1,0,0.49136645
0,0,0.11470681
0,0,0.09262843
1,0,0.4499996
0,0,0.037756685
0,0,0.053377185
0,0,0.08440389
0,0,0.1515333
0,0,0.07963128
0,1,0.74085164
0,0,0.30492315
0,0,0.1110911
0,0,0.16955896
1,0,0.110349126
1,1,0.6751285
0,0,0.08119421
0,0,0.12813917
0,1,0.68670505
1,0,0.410683
0,0,0.13315302
0,0,0.18874244
0,1,0.55444163
0,0,0.3490708
0,0,0.045802232
0,0,0.06658792
0,0,0.1587799
0,0,0.23762362
0,0,0.12998952
0,0,0.09265157
1,0,0.3939778
0,0,0.24651124
0,0,0.05473613
1,1,0.67226094
0,0,0.33334228
0,0,0.10247459
0,0,0.098623045
1,0,0.3285378
0,1,0.61440456
1,0,0.24711938
0,0,0.33334228
0,0,0.09634712
0,0,0.094893865
0,0,0.096642934
1,1,0.73162854
0,0,0.125613
0,0,0.10461024
0,0,0.07793673
0,0,0.05075023
0,0,0.13299212
0,0,0.042549644
0,0,0.102464534
0,0,0.10240771
0,0,0.20346875
0,0,0.07161874
0,0,0.16857754
0,0,0.041602917
0,0,0.33006456
0,0,0.15050355
0,0,0.19206949
1,0,0.4879155
0,0,0.14529783
1,0,0.13859786
0,1,0.5192879
1,1,0.7326088
1,0,0.08152579
0,0,0.13372855
0,0,0.10842248
0,0,0.10135276
0,0,0.18458705
0,0,0.16548403
1,1,0.7512241
1,0,0.3450367
1,0,0.30805135
0,0,0.10940293
0,0,0.2487883
0,0,0.15634094
0,0,0.15797605
1,0,0.08429066
0,0,0.09979199
0,0,0.08245297
0,0,0.14977226
0,0,0.31891838
0,1,0.6570738
0,0,0.30802664
0,0,0.06417321
1,0,0.1683215
0,1,0.6006848
0,0,0.06692238
1,0,0.28414458
1,0,0.31969088
0,0,0.17668791
0,0,0.07012924
0,0,0.20857227
0,0,0.063674
0,0,0.42472202
0,0,0.08001139
1,0,0.093473405
0,0,0.14125535
1,0,0.49766326
0,0,0.13892907
1,0,0.18190823
0,0,0.08773249
0,0,0.2213584
0,0,0.103936814
1,0,0.16360798
1,0,0.18671624
0,0,0.12253367
1,0,0.445886
1,1,0.6489184
1,0,0.24491125
0,0,0.29276732
1,0,0.24388245
0,0,0.19337074
0,0,0.117681466
1,1,0.73525566
0,0,0.07297725
0,0,0.19767846
0,0,0.07165119
1,1,0.7522846
0,0,0.04600197
0,0,0.22185975
0,0,0.1083899
1,0,0.17854607
1,0,0.15419243
0,0,0.10652735
0,0,0.15880823
0,0,0.19753335
1,0,0.4203923
0,0,0.2123404
0,0,0.07705789
0,0,0.042623784
0,0,0.1364502
0,0,0.14304502
0,0,0.0850476
0,0,0.09218221
1,0,0.13799615
0,0,0.18194656
0,0,0.26836964
0,0,0.048226353
1,1,0.73439646
0,0,0.37584224
0,0,0.09394173
0,0,0.0869249
0,0,0.09464102
0,0,0.25424784
0,0,0.41162205
0,0,0.058032725
0,0,0.06084061
0,0,0.22102621
0,0,0.048488148
0,0,0.13081054
1,1,0.57631135
0,0,0.101245105
0,0,0.12846443
0,0,0.12737799
0,0,0.11371887
0,0,0.115285486
0,0,0.35817695
0,0,0.08334306
0,1,0.6041337
0,0,0.05870749
0,0,0.14636832
0,0,0.14674975
0,0,0.071609646
0,0,0.09971895
0,1,0.64758635
0,0,0.13304482
1,0,0.1384946
0,0,0.4150523
0,0,0.272278
0,0,0.051155142
0,0,0.4757585
0,0,0.12614293
1,1,0.6763035
0,0,0.09017161
0,0,0.15762053
0,0,0.2051359
1,1,0.6928357
0,0,0.0947858
0,0,0.13726735
0,0,0.057734787
0,0,0.063371524
0,0,0.13458252
0,0,0.20943837
0,0,0.1965516
0,0,0.12920235
0,0,0.07944287
0,1,0.64351076
0,0,0.0986112
1,0,0.42697087
1,0,0.2946089
0,0,0.11226497
0,0,0.07682426
0,0,0.10233029
0,0,0.1409753
1,0,0.1813392
0,0,0.09880882
0,0,0.33140093
1,1,0.6693866
1,0,0.1769934
0,0,0.23988731
0,0,0.171531
0,0,0.14843315
1,0,0.1027392
0,0,0.20043689
0,0,0.12870467
0,0,0.20418987
0,0,0.42689282
0,0,0.10564627
0,0,0.03927862
0,0,0.06365034
0,0,0.101543956
0,0,0.20445
0,0,0.22290301
0,0,0.09571275
1,0,0.46183518
0,0,0.09416552
1,1,0.7633149
0,0,0.063597076
0,0,0.04884557
0,0,0.10087672
0,0,0.11190502
1,0,0.18290679
0,0,0.11052639
1,1,0.7009116
0,0,0.1476167
0,0,0.11997265
0,0,0.123511255
0,0,0.1580537
0,0,0.099754445
0,0,0.09907739
0,0,0.19638138
1,0,0.19688785
0,0,0.21054949
1,0,0.16360405
0,0,0.07376583
1,0,0.17054863
0,0,0.105564184
0,0,0.2705648
0,0,0.07089988
0,0,0.07493577
0,0,0.08928281
0,0,0.09992436
0,0,0.3264347
0,0,0.42501476
0,0,0.059801593
1,1,0.72606313
0,0,0.082098074
0,0,0.13214129
0,1,0.63895774
0,0,0.060638208
0,0,0.111585565
0,0,0.18118928
1,0,0.08500017
1,0,0.081845514
1,1,0.62474334
0,0,0.08148668
0,0,0.06890704
0,0,0.12297196
1,1,0.71776825
1,1,0.5594479
1,0,0.4513354
0,0,0.090619795
1,0,0.3061271
0,0,0.08852813
0,0,0.13769822
0,0,0.12526727
1,0,0.38169032
0,0,0.061733946
0,0,0.058178473
0,0,0.2157082
0,0,0.10187375
0,0,0.045436814
0,0,0.11620612
0,0,0.13041848
0,0,0.12541477
0,0,0.06165216
1,0,0.47663185
0,0,0.0986258
0,0,0.05320959
0,0,0.19183974
0,0,0.14971435
1,1,0.63114357
0,0,0.20106651
0,0,0.12730542
0,0,0.13538365
0,0,0.18518957
0,0,0.12285275
0,0,0.058112893
0,0,0.21191004
1,0,0.115752965
1,0,0.119649455
0,0,0.14749664
0,0,0.029354237
0,0,0.34325647
0,0,0.21919142
0,0,0.043158457
1,0,0.20230317
0,0,0.31008074
0,0,0.10275328
0,0,0.09726847
0,0,0.12541054
0,0,0.051742055
0,0,0.053962596
1,1,0.67531765
1,1,0.6230922
1,1,0.6254659
0,0,0.14098062
1,0,0.3925987
0,0,0.11633335
0,1,0.61745536
0,0,0.099358685
0,0,0.26953268
0,1,0.729028
0,0,0.27398363
0,0,0.1410196
0,0,0.11752351
0,0,0.072850145
0,0,0.13134907
0,0,0.25998592
1,0,0.37853023
1,1,0.5426701
0,0,0.37252456
0,0,0.08431315
0,0,0.086607814
0,0,0.1541062
0,0,0.100749314
1,1,0.71583
0,0,0.12674311
1,1,0.52885187
1,1,0.7115674
0,0,0.31710604
1,1,0.582955
1,1,0.5251005
0,0,0.2206776
0,0,0.12414868
1,0,0.455916
0,0,0.13784555
0,0,0.16146152
0,0,0.11864713
0,0,0.32579622
0,0,0.14756776
0,0,0.109998
0,0,0.114594735
0,0,0.24514136
0,1,0.6965036
0,0,0.13871662
0,0,0.30442148
1,1,0.604099
0,0,0.17023519
0,0,0.15980616
0,0,0.14983758
1,0,0.29162306
0,1,0.7302389
0,0,0.13323858
0,0,0.2305713
0,0,0.19698028
0,0,0.17902245
0,1,0.62478966
0,0,0.12906006
0,1,0.62087
0,0,0.4058674
0,0,0.12522829
0,0,0.18414338
0,0,0.16490465
1,1,0.63704187
0,0,0.09869767
0,0,0.08356402
0,0,0.08319533
0,0,0.4817686
1,1,0.63608974
0,0,0.102000885
0,0,0.13132603
0,0,0.10790941
0,0,0.08438031
0,0,0.20168565
1,0,0.13092713
1,0,0.2520554
0,0,0.051350527
1,1,0.7808419
0,0,0.1103761
0,0,0.2392001
0,0,0.1187408
1,0,0.15710075
0,0,0.24592407
0,0,0.11592252
0,0,0.054242086
0,0,0.11660676
0,0,0.11443263
0,0,0.37307408
0,0,0.079793215
0,0,0.14007407
0,0,0.12940153
0,0,0.12428528
0,0,0.18305178
0,0,0.11337838
0,0,0.335136
1,0,0.15451774
1,1,0.72687495
1,0,0.10602783
0,0,0.09651673
0,0,0.101574175
0,0,0.10351299
0,0,0.13269432
0,0,0.09260929
0,0,0.16765258
1,0,0.12778395
0,0,0.11308751
0,0,0.1742174
1,0,0.2534032
0,0,0.16546848
0,0,0.10674321
0,0,0.14250007
0,0,0.16337529
1,0,0.23177142
0,0,0.2513815
0,0,0.101685904
0,0,0.12201627
0,0,0.087790616
0,0,0.26546288
0,0,0.20475101
0,0,0.4804184
0,0,0.12988923
0,0,0.09813177
0,0,0.096119344
0,0,0.22293936
0,0,0.09027261
0,0,0.15572943
0,0,0.07319333
0,0,0.08033027
1,0,0.16266443
1,1,0.66476655
1,0,0.44213593
0,1,0.6333855
0,0,0.3231719
0,0,0.12924089
1,1,0.72384113
0,0,0.09537589
1,1,0.63630664
0,0,0.083350904
0,0,0.24994157
0,0,0.16443598
0,0,0.20126593
1,1,0.6477639
1,1,0.7152371
0,0,0.27884266
0,0,0.100811064
0,0,0.1923506
1,1,0.536825
0,0,0.13009506
0,0,0.06273785
0,0,0.040780775
0,0,0.21706647
0,0,0.0787976
0,0,0.07438458
0,0,0.34741604
0,1,0.61521375
0,0,0.1271321
0,0,0.15715295
0,0,0.1339065
0,0,0.12730278
0,0,0.13128532
0,0,0.13108504
0,0,0.1265366
1,1,0.7173299
0,0,0.102956854
0,0,0.062475882
0,0,0.0913111
1,0,0.15612341
1,1,0.6272646
0,0,0.12549973
0,0,0.12874617
0,0,0.17610927
0,0,0.19481622
0,0,0.109852284
0,0,0.14177833
0,0,0.108150825
0,0,0.13773152
0,0,0.16346313
0,0,0.083965525
0,0,0.1460593
0,0,0.13070926
0,0,0.10207221
0,0,0.15174083
0,0,0.20114681
1,0,0.1601081
0,0,0.107268505
0,0,0.24118403
0,0,0.079386495
0,0,0.117601566
0,0,0.31133226
0,0,0.18716341
0,0,0.0774399
0,0,0.054253142
0,0,0.12793213
0,0,0.349414
0,0,0.21077932
0,0,0.071915865
1,1,0.7555248
0,1,0.60473317
0,0,0.12110293
0,0,0.09047606
0,0,0.28409657
0,0,0.09683643
1,1,0.69004285
0,0,0.42413723
0,0,0.09504061
0,0,0.11726973
0,0,0.16958027
0,0,0.080123216
0,0,0.067875616
0,0,0.13552439
1,0,0.45967978
0,0,0.18946382
0,0,0.17993806
0,0,0.129532
0,0,0.096940726
0,0,0.10582162
0,0,0.13681254
0,0,0.15549105
1,0,0.15304264
0,1,0.64320767
0,0,0.068486534
1,1,0.5937732
0,0,0.08580342
0,0,0.09211531
0,0,0.2425803
0,0,0.080120966
0,0,0.069326214
1,0,0.09419538
0,0,0.09021013
0,0,0.09981874
0,0,0.20669363
0,0,0.1792424
0,0,0.17459169
0,0,0.097331755
1,1,0.65952533
1,1,0.6194684
0,0,0.058119416
1,0,0.35032603
0,0,0.15910093
0,0,0.246107
0,0,0.13376704
0,0,0.309563
0,0,0.11668452
0,0,0.22261207
0,0,0.12515539
0,0,0.122612275
0,0,0.3419541
0,0,0.13035892
0,0,0.09979633
0,0,0.07162435
0,0,0.33964622
0,0,0.08367407
0,0,0.0988683
0,0,0.086026266
1,0,0.123283274
1,0,0.1501097
0,0,0.15827526
0,0,0.2101655
0,0,0.102172576
0,0,0.057408445
0,0,0.1876656
0,0,0.06499519
0,0,0.100400425
0,0,0.21377322
1,0,0.17158787
0,0,0.078616954
0,0,0.36514765
0,0,0.06680653
0,0,0.06475861
1,1,0.61162853
0,0,0.12292789
0,0,0.08793387
0,0,0.10023567
1,0,0.09265777
0,0,0.087076336
0,0,0.14517961
1,0,0.15731414
0,0,0.07771415
0,0,0.07537931
0,0,0.05250343
0,0,0.3074807
1,0,0.07483803
0,0,0.16686018
0,0,0.15555377
1,1,0.66301763
0,0,0.1218124
0,0,0.15574487
0,0,0.15720136
0,0,0.12707436
0,0,0.11345481
0,0,0.09963305
0,0,0.1077286
0,0,0.14080067
0,0,0.1530513
0,0,0.08111221
1,1,0.6755189
0,0,0.106098086
0,0,0.27290338
0,0,0.05995334
1,0,0.097180925
0,0,0.06836336
0,0,0.12876756
0,0,0.06286614
0,0,0.1293682
1,1,0.6047485
1,1,0.6135863
1,1,0.66043526
0,0,0.22388619
0,0,0.09475602
0,0,0.27920297
1,1,0.616165
0,0,0.09285236
0,0,0.09544533
1,0,0.08706903
0,0,0.1749201
0,0,0.17009021
0,0,0.20700423
0,0,0.43735716
0,0,0.08751139
0,0,0.037513442
0,0,0.09856245
0,0,0.07699341
0,0,0.12505136
0,0,0.22784625
0,0,0.06545564
1,0,0.3061271
0,0,0.29976112
0,0,0.121691376
1,1,0.6890386
0,0,0.09220993
1,0,0.1273543
0,0,0.10504168
0,0,0.15426138
1,0,0.11426064
0,0,0.09010287
0,0,0.37455058
0,0,0.12729171
0,0,0.06068862
1,0,0.12428183
0,0,0.069579534
1,0,0.06617899
0,0,0.049448576
1,1,0.7425912
0,0,0.11841708
0,0,0.086218365
0,0,0.106510416
0,0,0.10598497
0,0,0.18059127
1,0,0.14261189
0,0,0.06986581
0,0,0.09221189
0,0,0.14255309
0,0,0.14240003
0,0,0.06350768
0,0,0.06809517
0,0,0.068929136
0,0,0.15311725
0,0,0.10269182
0,0,0.069219425
1,0,0.1433717
0,0,0.23906969
0,0,0.1468285
0,0,0.14152142
0,0,0.33968875
0,0,0.1252257
0,0,0.11515122
0,0,0.1329845
0,0,0.078562915
0,0,0.27416253
0,0,0.11946548
0,0,0.07274358
0,0,0.42218354
0,0,0.103892975
0,0,0.095625505
0,0,0.1769542
0,0,0.23767526
0,0,0.25497216
0,0,0.26374084
0,0,0.09942359
0,0,0.07984965
1,1,0.6018206
0,0,0.07770323
0,0,0.05806515
1,0,0.11162131
0,0,0.099341586
1,0,0.09087501
1,0,0.47493666
0,0,0.08112956
0,0,0.075808756
0,0,0.25306416
0,0,0.17242332
0,0,0.19995868
0,0,0.06793669
0,0,0.13480502
1,0,0.3946871
1,1,0.6287949
0,0,0.09920266
0,0,0.18695353
0,0,0.067398764
0,0,0.095662765
0,0,0.1041341
0,0,0.2383715
0,0,0.059203144
0,0,0.19866496
0,0,0.22111902
0,0,0.06402932
0,0,0.18541832
0,0,0.1445164
1,1,0.5426799
0,0,0.10034006
0,0,0.14398953
1,0,0.48934418
0,0,0.29500565
0,0,0.13480954
1,0,0.12618692
1,0,0.11102435
0,0,0.076044254
0,0,0.11770513
0,0,0.102338955
0,0,0.09835756
0,0,0.13485159
0,0,0.10388307
0,0,0.07225606
0,0,0.09628129
0,0,0.09888162
0,0,0.12824742
0,0,0.093896784
0,0,0.29876637
0,0,0.10507794
0,0,0.257987
0,0,0.09857638
1,0,0.44681498
0,0,0.17868383
1,0,0.21513665
0,0,0.10686257
0,0,0.10264317
0,0,0.37135205
1,0,0.09228953
0,0,0.054642722
1,0,0.3032255
0,0,0.10206491
0,0,0.073287494
1,0,0.2817
0,0,0.252493
0,0,0.06550223
1,0,0.27774927
1,0,0.13177298
0,0,0.17872767
0,0,0.08175377
0,0,0.24277426
0,0,0.103725225
0,0,0.12722509
0,0,0.24658562
1,0,0.13092473
0,0,0.07881988
1,1,0.80319875
0,0,0.09471639
0,0,0.062816516
0,0,0.08369163
0,0,0.030446762
0,0,0.1793674
0,0,0.06664202
0,0,0.09226714
0,0,0.16296867
0,0,0.050389938
0,0,0.08319749
0,0,0.3091615
1,1,0.6756905
0,0,0.12587357
1,1,0.6373182
0,0,0.08353284
0,1,0.6392724
0,0,0.055220418
0,0,0.09735551
0,0,0.14251132
0,0,0.18982562
1,0,0.14371067
0,0,0.081611715
0,0,0.13846095
0,0,0.21816096
1,1,0.575599
0,0,0.033501294
0,0,0.22640428
0,0,0.13105589
0,0,0.04208464
0,0,0.1378985
0,0,0.17574127
0,0,0.091262996
0,0,0.054590367
0,0,0.06515253
0,0,0.07570876
0,0,0.15639931
0,0,0.17496577
0,0,0.0713468
0,0,0.06685622
0,0,0.22431919
0,0,0.09437569
0,0,0.060324963
0,0,0.14407074
0,0,0.061814003
1,0,0.099581815
0,0,0.22041452
0,0,0.103077434
0,0,0.069858834
0,0,0.07549044
1,1,0.6551207
1,1,0.6864944
0,0,0.21646595
1,0,0.14704128
0,0,0.11046002
0,0,0.2947479
0,0,0.25684473
0,0,0.20101133
0,0,0.10178487
0,0,0.11441236
0,0,0.30780676
1,0,0.16955546
0,0,0.21993695
0,0,0.1318688
0,0,0.17475821
0,0,0.11628346
0,0,0.060215272
0,0,0.06842706
0,0,0.045287147
0,0,0.104502626
0,0,0.18514921
0,0,0.049446106
0,0,0.090016216
0,0,0.04352696
0,0,0.0660021
0,0,0.07165686
0,0,0.06573948
0,0,0.10037163
0,0,0.12232834
0,0,0.11492952
0,0,0.088707015
0,0,0.10295786
0,0,0.26870438
0,0,0.058806732
0,0,0.06168853
0,0,0.1027188
0,0,0.06761391
1,0,0.23026562
0,0,0.069143705
0,0,0.09911964
0,0,0.15593532
0,0,0.12513597
0,0,0.3209973
0,0,0.14672412
0,0,0.0458764
0,1,0.5087329
0,0,0.19473082
0,0,0.059163306
0,0,0.19309708
0,0,0.14023389
0,1,0.71493787
0,0,0.09337449
0,0,0.09223823
0,0,0.21755753
1,0,0.20558621
1,0,0.13813996
0,0,0.110843726
1,0,0.20773238
0,0,0.050761625
0,0,0.0977373
0,0,0.10167086
0,0,0.084916994
0,0,0.10854311
0,0,0.055182096
0,0,0.05860918
0,0,0.17302258
0,0,0.11070699
0,0,0.06430878
0,0,0.3873267
0,0,0.19668546
1,1,0.7512679
0,0,0.24582289
0,0,0.27690527
1,0,0.12627368
0,0,0.13194162
0,0,0.0882436
0,0,0.09478652
0,0,0.1143509
0,0,0.20068124
0,0,0.32296866
1,0,0.32860592
0,0,0.0606893
0,0,0.06952994
1,0,0.3080299
1,1,0.7073517
0,0,0.1488
0,0,0.077678874
0,0,0.16054213
0,0,0.06475322
0,0,0.06675868
0,0,0.12623076
1,0,0.14361857
0,0,0.12065998
0,0,0.09658916
0,0,0.10197239
0,0,0.10268099
0,0,0.08548794
1,1,0.72988003
0,0,0.03951968
0,0,0.14675577
0,0,0.06346221
1,1,0.6246477
0,0,0.1418936
0,0,0.07437432
0,1,0.58719766
0,0,0.1430693
0,0,0.07521278
0,0,0.087653525
0,0,0.18097791
1,1,0.5294646
0,0,0.16327098
0,0,0.15528631
0,0,0.1414016
0,0,0.0445049
1,1,0.7286872
1,0,0.06214035
0,0,0.06231157
0,0,0.051339485
0,0,0.10959742
0,0,0.07620596
0,0,0.30495
0,0,0.2504663
0,0,0.31937492
0,0,0.27002516
0,0,0.095179856
0,0,0.17993426
0,0,0.08596587
0,0,0.19688785
0,0,0.09802965
0,0,0.10710315
0,0,0.060650397
0,0,0.12812614
0,0,0.49611324
0,0,0.111555524
1,0,0.09168293
0,0,0.12461899
0,0,0.13057713
0,0,0.15020095
0,0,0.16232483
0,0,0.25039837
0,0,0.20680292
0,0,0.12530929
1,1,0.5680707
0,0,0.10874313
0,0,0.32368377
0,0,0.1267524
0,0,0.09712364
0,0,0.10420854
0,0,0.09177024
0,0,0.20259453
0,0,0.07366011
0,0,0.16689985
0,0,0.3325046
1,1,0.6126373
0,0,0.29475716
0,0,0.12883562
0,0,0.30063218
0,0,0.06930202
1,1,0.62992626
0,0,0.21916413
0,0,0.094599724
0,0,0.057268497
0,0,0.10281782
1,0,0.095038295
0,0,0.12978692
0,0,0.06933337
1,1,0.60317934
1,0,0.15922005
0,0,0.09702038
0,0,0.04888799
0,0,0.102943264
0,0,0.0637136
0,0,0.29320636
0,0,0.081860885
0,0,0.17922899
0,0,0.0336888
0,0,0.18534407
0,0,0.07429907
0,0,0.11206794
0,0,0.10076402
0,0,0.089850426
0,0,0.104022294
1,0,0.118452825
0,0,0.10763476
0,0,0.24388103
0,0,0.11916197
0,0,0.05017331
0,0,0.09953184
0,0,0.1093219
0,0,0.07600779
0,0,0.15094297
0,0,0.14935577
1,0,0.31040508
0,0,0.14095424
1,0,0.27022782
0,0,0.09124094
0,0,0.15196286
0,0,0.13427617
0,0,0.16983761
0,0,0.09155473
0,0,0.09512125
0,0,0.1351348
1,0,0.2099216
0,0,0.13698958
0,0,0.07912879
0,0,0.10318277
1,0,0.1694646
0,0,0.099431455
0,0,0.065292574
0,0,0.03401153
0,0,0.05939947
0,0,0.07009431
0,0,0.033473153
0,0,0.040645532
0,0,0.21379179
0,0,0.099423625
0,0,0.099159695
0,0,0.041788355
1,0,0.23739734
0,0,0.18788399
0,0,0.28569344
0,0,0.06648978
0,0,0.081481904
0,0,0.15677406
0,0,0.07014558
0,0,0.08608034
0,0,0.1414016
0,0,0.09162307
0,0,0.10177381
0,0,0.042065404
0,0,0.18679097
0,0,0.23398857
0,0,0.05490603
0,0,0.13686268
0,0,0.15305726
0,1,0.7677837
0,0,0.07669469
1,0,0.14560947
0,0,0.1177741
1,0,0.10254209
1,0,0.15055887
0,0,0.13719052
0,0,0.03923189
1,0,0.24658562
0,0,0.08711753
0,0,0.1626844
1,0,0.076631404
1,0,0.32470685
0,0,0.15507166
0,0,0.111493975
0,0,0.1280216
0,0,0.35489303
1,0,0.04887357
0,0,0.13710581
0,0,0.06413324
0,0,0.03482655
1,0,0.10110882
0,0,0.06442974
1,0,0.16356583
0,0,0.060998477
0,0,0.1048851
0,0,0.08524629
0,0,0.0730521
0,0,0.0573351
0,0,0.076033965
0,0,0.06933066
1,0,0.23574215
0,0,0.12139519
0,0,0.06811013
1,0,0.13132603
1,0,0.12082036
0,0,0.1991527
0,0,0.06122616
0,0,0.1320772
0,0,0.23777822
1,0,0.43715283
1,1,0.50180626
0,0,0.27596995
1,1,0.6205662
1,0,0.23216648
1,1,0.78347594
0,0,0.20754917
0,0,0.12285701
0,0,0.06576919
0,0,0.08775286
0,0,0.09725666
0,0,0.064998224
0,0,0.15034038
0,0,0.09439134
1,0,0.22083274
0,0,0.09643839
0,0,0.045365103
0,0,0.06141121
0,0,0.09101145
0,0,0.11267841
0,0,0.08084007
1,0,0.2574249
0,0,0.16449723
0,0,0.17197625
0,0,0.13680835
0,1,0.71805686
0,0,0.101866394
0,0,0.17509668
0,0,0.08916656
0,0,0.04921611
1,0,0.19076748
0,0,0.18488692
0,0,0.12414202
0,0,0.3039012
0,0,0.24658562
0,0,0.06867827
0,0,0.09907235
0,0,0.13319999
0,0,0.05411578
0,0,0.09136162
1,0,0.15194875
0,0,0.09354965
0,0,0.3779995
0,0,0.07665435
0,0,0.09509816
0,1,0.56952614
0,0,0.06687867
1,0,0.07902045
0,0,0.06106688
0,0,0.076980926
0,0,0.1792079
0,0,0.09447748
0,0,0.06663338
0,0,0.09544802
0,0,0.07859326
0,0,0.04810927
0,0,0.0889792
0,0,0.04786906
0,0,0.06713456
0,0,0.14367835
0,0,0.29740152
0,0,0.061794795
0,0,0.068718724
0,0,0.06156027
0,0,0.05138783
0,0,0.11879412
0,0,0.06780555
0,0,0.22864504
0,0,0.10166546
0,0,0.06259033
0,0,0.21122716
0,0,0.06321724
0,0,0.07383341
0,0,0.24658562
0,0,0.036461186
0,0,0.10705015
0,0,0.12875657
0,0,0.14194693
0,0,0.17350322
0,0,0.09403741
1,0,0.2515595
0,0,0.18594101
0,0,0.1127971
0,0,0.101918325
0,0,0.04687967
0,0,0.068945535
0,0,0.19375329
0,0,0.06335808
0,0,0.13658953
1,1,0.5263806
0,0,0.22666086
0,1,0.5224041
0,0,0.057488747
0,0,0.08410099
0,0,0.17910989
0,0,0.053394943
0,0,0.106410876
0,0,0.09050228
0,0,0.09081302
0,0,0.12501036
1,0,0.11124516
1,1,0.7586784
0,0,0.08657472
0,0,0.060395427
1,0,0.086339876
0,0,0.06264904
1,1,0.7044651
0,0,0.06579606
0,0,0.1039739
0,0,0.07294516
0,0,0.053763248
0,0,0.09469714
0,0,0.16525227
0,0,0.06100461
0,0,0.11739977
0,0,0.11991385
1,1,0.69614035
0,0,0.3277795
0,0,0.070427634
0,0,0.08857052
0,0,0.0881392
0,0,0.06466913
0,0,0.041201707
0,0,0.07719263
1,0,0.30492315
0,0,0.1268879
1,0,0.16853632
0,0,0.13231601
0,0,0.19154152
1,0,0.40089247
0,1,0.70347387
0,1,0.7063355
0,0,0.1334197
0,0,0.047366034
0,0,0.0764272
0,0,0.3007376
0,0,0.44430298
0,0,0.1015824
1,0,0.0990339
0,0,0.22597876
0,0,0.17766312
0,0,0.19086881
0,0,0.074132405
0,0,0.06890645
0,0,0.30633336
0,0,0.29202464
0,0,0.059108216
0,0,0.26179332
1,1,0.6119614
0,0,0.14560613
0,0,0.1498381
0,0,0.13696606
0,0,0.045311894
0,1,0.70916635
0,0,0.07011967
0,0,0.14629011
0,0,0.108899094
1,0,0.19368336
0,0,0.22753838
1,0,0.2594058
0,0,0.06077712
0,0,0.21445864
0,0,0.12992236
0,0,0.17480457
0,0,0.10319061
0,0,0.093305804
0,0,0.088501506
0,0,0.13247897
0,0,0.10413298
0,0,0.10070055
0,0,0.060164843
0,0,0.05241861
0,0,0.12916294
0,0,0.16307811
0,1,0.7335362
0,0,0.06109293
1,0,0.14634642
0,0,0.4426041
0,0,0.08909881
1,1,0.69325364
0,0,0.041063756
1,1,0.74616444
0,0,0.17584175
1,0,0.16863821
1,0,0.2355483
1,0,0.14655139
0,0,0.2038058
1,1,0.68538797
0,0,0.11875366
0,0,0.4374771
0,0,0.08952623
0,0,0.1524453
0,0,0.22404115
1,1,0.77202684
0,0,0.28670037
0,0,0.054987967
0,0,0.12743273
0,0,0.10354836
0,0,0.071665935
0,0,0.09715307
0,0,0.2051264
0,0,0.028956983
0,0,0.120449856
0,0,0.2772985
0,0,0.16930917
0,0,0.3039012
1,0,0.17767361
0,0,0.13053444
0,0,0.10297938
1,1,0.6777921
0,0,0.12983
1,0,0.13056055
0,0,0.06765331
0,0,0.21285628
0,0,0.066192344
0,0,0.14152877
0,0,0.069163054
1,0,0.44827953
1,0,0.13012497
1,0,0.056831036
1,0,0.18982951
1,1,0.74161595
0,0,0.10064594
0,0,0.06377246
0,0,0.120300956
0,0,0.14056204
0,0,0.17369579
0,0,0.09830097
0,0,0.07464573
0,0,0.0946821
0,0,0.13390511
0,0,0.08975729
0,0,0.14005199
0,0,0.06186711
0,0,0.041675027
1,1,0.53848404
0,0,0.073749006
0,1,0.7726327
1,0,0.13422768
0,0,0.076397404
0,0,0.07385224
0,0,0.12744915
0,0,0.18501282
0,0,0.20707884
0,0,0.22918306
0,0,0.066265896
0,0,0.15378045
0,0,0.0971094
0,0,0.118596695
1,0,0.24078195
0,0,0.14585419
1,1,0.76044685
1,0,0.13423602
0,0,0.11481677
0,0,0.082455024
0,0,0.21854886
0,0,0.10171808
1,1,0.67996407
1,0,0.32293108
1,0,0.18767704
0,0,0.123231344
0,0,0.059870884
1,0,0.1648697
0,0,0.03465406
0,0,0.19030602
0,1,0.6705684
1,0,0.18028396
0,0,0.10531973
0,0,0.31536534
1,0,0.37003013
0,0,0.08186427
0,0,0.10655586
0,0,0.13237984
0,0,0.11968588
0,0,0.064837754
1,0,0.3100002
0,0,0.16567835
0,0,0.04816576
0,0,0.09744587
0,0,0.062486265
0,0,0.09554915
0,1,0.74243313
1,0,0.14882228
0,0,0.1603205
0,0,0.08019441
1,0,0.12716448
0,0,0.087364204
0,0,0.22420767
0,0,0.05800024
0,0,0.0886496
0,0,0.06348463
0,0,0.1991527
0,0,0.110278115
0,0,0.10320811
0,0,0.06918575
0,0,0.11041962
0,0,0.100746594
0,0,0.046189256
0,0,0.043273106
0,0,0.30546564
0,0,0.19035448
0,0,0.089761935
0,0,0.11157719
0,0,0.09341278
0,0,0.0723741
1,0,0.13797718
0,0,0.06881714
0,0,0.25147122
0,0,0.15193014
0,0,0.102608606
0,0,0.22069623
0,0,0.059144143
1,0,0.18112865
0,0,0.16641115
0,0,0.06716209
1,0,0.107106715
0,0,0.043292567
0,0,0.107340604
0,0,0.20608546
0,0,0.24937215
0,0,0.10434641
0,1,0.63009655
0,0,0.071626894
0,0,0.06663181
0,0,0.12176247
0,1,0.688349
0,0,0.0950412
0,0,0.04173452
0,0,0.14407103
0,0,0.1298376
0,0,0.07634189
0,0,0.07399728
0,0,0.15743864
1,1,0.69743824
0,0,0.10269666
1,1,0.6884782
0,0,0.10691101
0,0,0.38781753
0,0,0.098744616
0,0,0.07294166
0,1,0.52017105
0,0,0.07524053
1,0,0.30552223
0,0,0.3716229
0,0,0.06272047
0,0,0.29263905
0,0,0.0482529
0,0,0.1414456
1,0,0.1937942
0,0,0.13016112
0,0,0.09304324
0,0,0.08039952
0,0,0.14196777
0,0,0.08654016
0,0,0.07347219
1,0,0.10612857
0,0,0.05910434
0,0,0.30319437
0,0,0.035684507
0,0,0.0465548
0,0,0.0848267
1,0,0.15874676
1,1,0.6731773
0,0,0.23597221
0,0,0.08682856
0,0,0.07611514
0,0,0.16705883
0,0,0.10389488
0,0,0.06618004
0,0,0.037042897
0,0,0.059778843
1,1,0.7794045
0,0,0.077947974
0,0,0.12897056
0,0,0.10425398
0,0,0.05388352
0,0,0.26136604
0,0,0.10321029
0,0,0.15480706
0,0,0.23881301
0,0,0.09716782
1,0,0.12449242
0,0,0.23922461
0,0,0.17852768
0,0,0.09557405
0,0,0.15254241
0,0,0.24342199
0,0,0.117784485
0,0,0.078984365
0,0,0.0931349
0,0,0.06971199
0,0,0.070690975
0,0,0.1264446
0,0,0.06481946
0,0,0.27452868
0,0,0.05266946
0,0,0.115776606
0,0,0.12087836
0,0,0.099519916
0,0,0.043623123
0,0,0.21151221
1,0,0.1314923
0,0,0.25062937
1,1,0.72460973
0,0,0.05554086
0,1,0.72724575
0,0,0.13369589
1,0,0.27856642
0,0,0.0675442
0,0,0.13034818
0,0,0.09258902
0,0,0.17003454
0,0,0.16470812
0,0,0.1131841
1,1,0.50392014
0,0,0.11311635
0,0,0.17106263
0,0,0.055150107
0,0,0.24069224
0,0,0.12166377
0,0,0.24272992
0,0,0.0723528
0,0,0.18850774
1,0,0.21191607
0,0,0.16815408
1,0,0.30492315
1,0,0.075698964
0,0,0.0924159
0,0,0.08186427
0,0,0.05400259
0,0,0.2118774
0,0,0.091573276
0,0,0.1647139
0,0,0.055494517
0,0,0.05953761
0,0,0.13081332
0,0,0.10370552
0,0,0.11325812
0,0,0.11193013
0,1,0.7295229
0,0,0.24102134
0,0,0.3132528
1,0,0.07426274
0,0,0.19022323
0,0,0.3494647
0,0,0.1653932
0,0,0.08611477
0,0,0.048411712
0,0,0.21508384
0,0,0.09430775
0,0,0.067868106
0,0,0.09520261
0,0,0.15720585
0,0,0.102544874
0,0,0.08930693
1,0,0.4086193
0,0,0.099510774
0,0,0.05258115
0,0,0.12467228
1,0,0.14088677
0,0,0.029731952
0,1,0.6541189
0,0,0.09066747
0,0,0.19326614
0,0,0.028738579
1,0,0.04552636
0,0,0.071747854
0,0,0.09664025
1,1,0.6284922
0,0,0.19216378
1,0,0.09820155
0,0,0.1255961
0,0,0.057942186
0,0,0.060868215
1,1,0.8377999
0,0,0.044835027
0,0,0.06326554
0,0,0.10330504
0,0,0.059043597
0,0,0.10994004
1,0,0.12031751
0,0,0.028358327
0,0,0.06831604
1,0,0.15071563
0,0,0.12417388
0,0,0.08551868
0,0,0.12854916
1,0,0.3039012
1,0,0.23795576
0,0,0.04595311
0,0,0.028039262
1,0,0.103112
0,0,0.059798088
0,0,0.044649284
0,0,0.07391514
0,0,0.1325532
0,0,0.09923929
0,0,0.105850786
0,0,0.07666849
0,0,0.1354567
1,0,0.11622063
1,1,0.63453573
0,0,0.085841686
0,1,0.70505255
1,0,0.12055372
0,0,0.24095967
1,1,0.7199493
0,0,0.11460121
0,0,0.05894422
0,0,0.13221703
1,0,0.08056648
0,0,0.09358216
0,0,0.109036826
0,0,0.3025444
0,0,0.15825695
0,0,0.052531715
0,0,0.10778175
0,0,0.05616698
0,0,0.06730962
0,0,0.045306318
1,0,0.38948348
0,0,0.0634336
0,0,0.09840781
0,0,0.08120198
0,0,0.10067495
0,0,0.06304569
0,0,0.25781694
0,0,0.38661385
0,0,0.10826027
0,0,0.28619018
1,0,0.13642175
0,0,0.064541526
0,0,0.07905535
0,0,0.3368702
0,0,0.0513896
0,0,0.07369274
0,0,0.111295275
0,0,0.102680616
0,0,0.14406078
0,0,0.052624658
1,0,0.3132528
0,0,0.099040665
0,0,0.027020795
0,0,0.13138264
0,0,0.11866625
1,1,0.741243
1,1,0.73602515
0,0,0.1329906
0,0,0.078008175
0,0,0.0474612
0,0,0.04124346
1,0,0.12804684
0,0,0.048778687
0,0,0.11107565
0,0,0.089483134
0,0,0.12596789
0,0,0.070866294
1,0,0.20499064
1,0,0.13286108
0,0,0.19247256
0,0,0.118036225
0,0,0.17538548
0,0,0.060907234
1,0,0.13844813
0,0,0.26136604
0,0,0.18356225
1,1,0.6213598
0,0,0.22498614
0,0,0.19589409
0,0,0.09390316
1,0,0.33516037
0,0,0.09165123
0,0,0.07689085
1,0,0.42647278
0,0,0.112549506
1,0,0.3180807
0,0,0.16053769
1,1,0.7138079
0,0,0.059273757
0,0,0.11577653
0,0,0.1288392
0,0,0.28319898
0,0,0.049061786
0,0,0.17872776
0,0,0.31133226
0,0,0.07965251
1,1,0.6202555
0,0,0.12148832
0,0,0.06532768
0,0,0.07251776
0,0,0.12136149
0,0,0.15701683
0,0,0.10106029
1,1,0.6213399
0,0,0.05901834
0,0,0.49620292
1,0,0.20135362
0,0,0.07986557
0,0,0.12207754
1,0,0.13285875
0,0,0.08863332
0,0,0.2711665
0,0,0.0550907
0,0,0.028675532
0,0,0.097625114
0,0,0.15445234
0,0,0.1001694
0,0,0.09074233
1,0,0.065687254
0,0,0.13826032
0,0,0.26924762
0,0,0.06841949
1,1,0.7603874
0,0,0.10073879
0,0,0.2836967
1,1,0.7667473
0,0,0.4354971
0,0,0.10606393
0,0,0.09358863
0,0,0.23627092
0,0,0.100484304
0,0,0.101031855
0,0,0.068558894
0,0,0.19754471
0,0,0.07781907
1,0,0.23757946
0,0,0.09902913
0,0,0.25737125
0,0,0.16410142
0,0,0.23492719
0,0,0.10449575
0,0,0.21039586
0,0,0.07569943
0,0,0.10391104
0,0,0.06179198
0,0,0.07212415
1,0,0.21984218
0,0,0.06895854
0,0,0.037606902
0,0,0.26036364
0,0,0.05760429
0,0,0.12998812
0,0,0.13697644
0,0,0.07593445
0,0,0.10604327
0,0,0.11753724
0,0,0.100936055
0,0,0.11153844
0,0,0.10291175
0,0,0.07617307
0,0,0.06997162
0,0,0.13738567
0,0,0.099395454
0,0,0.11214868
0,0,0.0924415
0,0,0.09575837
0,0,0.08496414
0,0,0.102700256
0,0,0.21834084
0,0,0.07276458
0,0,0.19434033
1,0,0.20785931
0,0,0.05938519
1,0,0.10071975
0,0,0.0960895
1,0,0.30660528
0,0,0.10723588
0,0,0.08073515
0,0,0.31988502
0,0,0.04761311
0,0,0.11683465
0,0,0.083882526
0,0,0.115866594
0,0,0.09048838
0,0,0.068161905
0,0,0.07055459
0,0,0.15816937
0,0,0.24783511
0,0,0.17746706
0,0,0.045865357
0,0,0.15494893
0,0,0.16453141
1,0,0.10507381
0,0,0.20756413
0,0,0.108519986
0,0,0.09131486
0,0,0.08873967
1,0,0.22140335
1,1,0.6421909
0,0,0.19589524
0,0,0.08638457
0,0,0.084119506
0,0,0.18624216
1,0,0.31354094
0,0,0.0886043
0,0,0.041224074
0,0,0.08086399
0,0,0.048685692
0,0,0.070487894
0,0,0.086259805
0,0,0.08129524
0,0,0.04894098
0,0,0.074738085
0,0,0.039574765
0,0,0.16631588
0,0,0.18362159
0,0,0.1257379
0,0,0.104589514
0,0,0.41755474
0,0,0.06560035
0,0,0.09565104
0,0,0.06028892
0,0,0.05479083
0,0,0.18430649
0,0,0.10604799
1,0,0.21857405
0,0,0.19639754
0,0,0.16299918
0,0,0.070506126
0,0,0.080289945
1,1,0.7622648
0,0,0.08570139
0,0,0.09280251
1,0,0.09115379
0,0,0.24624975
1,0,0.14374208
0,0,0.06849515
0,0,0.12680182
0,0,0.041803695
0,0,0.13708036
0,0,0.10209699
0,0,0.105916224
0,0,0.064449
0,0,0.04812163
1,0,0.10513382
0,0,0.10586417
0,0,0.13945639
0,0,0.0795493
1,1,0.7457935
0,0,0.1064319
0,0,0.09678477
0,0,0.19533873
0,0,0.057590708
0,0,0.105099574
0,0,0.20665644
1,1,0.7219796
0,0,0.3039012
0,0,0.075745724
0,0,0.34662586
0,0,0.09363414
0,0,0.056654286
0,0,0.08228447
0,0,0.14855863
0,0,0.044583123
1,1,0.7876307
0,0,0.08439896
0,0,0.2511448
0,0,0.07286243
1,0,0.1785031
0,0,0.035998587
0,0,0.20507304
0,0,0.11462132
0,0,0.21215189
0,1,0.66387755
1,0,0.36280805
0,0,0.04132842
0,0,0.16683896
1,0,0.21499792
0,0,0.2215181
0,0,0.14221549
0,0,0.0914888
1,0,0.1132416
0,0,0.06837028
0,0,0.16802023
1,0,0.22365676
0,0,0.0812113
1,0,0.08207479
0,0,0.078813106
0,0,0.2629874
0,0,0.06525218
1,1,0.7304004
0,0,0.05679441
0,0,0.059585955
0,0,0.053844932
0,0,0.29585004
1,0,0.15617144
0,0,0.0328917
0,0,0.12244704
1,0,0.32130864
0,0,0.10954759
0,0,0.1403014
0,0,0.07819424
0,0,0.2170821
0,0,0.034907456
0,0,0.078145966
0,0,0.30371702
0,0,0.14123352
1,1,0.56065935
0,0,0.072592795
0,0,0.053282417
0,0,0.05155145
0,0,0.07096521
1,1,0.71532154
1,0,0.2417434
0,1,0.59337234
1,0,0.26136604
0,0,0.118727356
1,0,0.29730242
1,0,0.30327767
1,0,0.10443899
0,0,0.24110186
0,0,0.1434128
0,0,0.045061134
0,0,0.066265896
1,1,0.66662383
0,0,0.10297139
0,0,0.085111536
0,0,0.07311206
1,0,0.23439749
0,0,0.09441458
0,0,0.064380534
0,0,0.043424617
0,0,0.09172104
0,0,0.16743723
0,0,0.3828076
0,0,0.15382437
1,0,0.39960238
0,0,0.2200564
0,0,0.09186318
0,0,0.10339224
0,0,0.14935128
0,0,0.073787875
0,0,0.15125874
1,0,0.13556027
0,0,0.21834084
0,0,0.09707878
0,0,0.1292404
0,0,0.036977157
0,0,0.09230922
1,0,0.19432598
1,0,0.11776895
0,0,0.07186246
0,0,0.071526386
0,0,0.21720815
0,0,0.16703488
0,0,0.17094207
0,0,0.12730278
0,0,0.15613846
1,0,0.10165917
0,0,0.07029093
0,0,0.45643482
0,0,0.089558996
1,0,0.12960786
0,0,0.11628104
0,0,0.19502182
0,0,0.19486003
1,0,0.23190446
0,0,0.120950945
0,0,0.09702315
0,0,0.09772147
0,0,0.090331055
0,0,0.11149828
0,0,0.06640912
1,1,0.65474474
0,0,0.100125335
0,0,0.1477502
0,0,0.09628425
0,0,0.19209206
0,0,0.0992986
0,0,0.2594058
0,0,0.4099526
1,1,0.6405808
0,0,0.10506529
0,1,0.65298337
0,0,0.10147987
0,0,0.14067312
0,0,0.14842708
0,0,0.06552585
0,0,0.07309815
1,0,0.16862178
1,1,0.58563346
1,1,0.6883296
0,0,0.064501874
0,0,0.117088474
0,1,0.7538604
0,0,0.08835992
0,0,0.112132296
0,0,0.17599547
0,0,0.0664688
0,0,0.04484898
0,0,0.09060801
0,0,0.062083136
0,0,0.15565467
0,0,0.21889561
0,0,0.2770886
0,0,0.09387504
0,0,0.09375275
0,0,0.0754942
0,0,0.11039915
0,0,0.11554811
0,0,0.032374784
1,0,0.23652378
0,0,0.056069486
0,0,0.21429493
0,0,0.09844365
0,0,0.07152464
0,0,0.043042477
1,0,0.09559612
0,0,0.14075962
0,0,0.03172559
0,0,0.2807679
0,0,0.05482195
0,0,0.10416206
0,0,0.05054478
0,0,0.15898176
0,0,0.07243588
0,0,0.025728123
0,0,0.09114366
0,0,0.036483463
0,0,0.086978495
1,0,0.2572472
0,0,0.121573746
0,0,0.0327916
0,0,0.0469428
0,0,0.1688833
0,0,0.4411769
0,0,0.10573217
0,0,0.025343094
1,0,0.12621124
0,0,0.13577265
1,1,0.74033946
0,0,0.042050283
0,0,0.1299535
0,0,0.08179191
0,0,0.15305719
0,0,0.31800008
0,0,0.10036576
0,0,0.12159726
0,0,0.06872825
0,0,0.14709839
1,0,0.28633136
0,0,0.087124564
0,0,0.122743145
0,0,0.17150743
0,0,0.060718533
0,0,0.043166287
0,0,0.07308407
1,0,0.2594058
0,1,0.59680367
0,0,0.14078322
1,0,0.110365026
0,0,0.36166012
0,0,0.09373735
0,0,0.13352552
1,1,0.5824915
0,0,0.106612
0,0,0.32318813
0,0,0.08000928
0,0,0.10097491
0,0,0.08677476
0,0,0.101405434
0,0,0.27618778
0,0,0.12865861
0,0,0.100387305
0,0,0.16226524
0,0,0.12154243
0,0,0.15117782
1,1,0.7379935
1,0,0.21660927
0,0,0.077676535
0,0,0.19417371
0,0,0.12201179
0,0,0.1272218
0,0,0.41128856
0,0,0.13087304
1,0,0.39149028
0,0,0.23892087
0,0,0.1790298
1,1,0.6772105
0,0,0.06777238
0,0,0.083358616
0,0,0.042844787
0,0,0.1003786
1,0,0.32092324
0,0,0.061984316
0,0,0.12871467
0,0,0.1612269
0,0,0.28533646
0,0,0.07693237
1,0,0.10521283
0,0,0.034226377
0,0,0.08481606
0,0,0.26136604
0,0,0.09608983
0,0,0.034731332
0,0,0.053900078
0,0,0.40689203
0,0,0.26610073
0,0,0.10047808
0,0,0.067787334
0,0,0.1287179
0,0,0.4144905
1,0,0.23131983
0,0,0.15409267
0,0,0.1205318
0,0,0.12128877
1,0,0.26136604
0,0,0.21758923
1,0,0.10038231
0,0,0.15521115
0,0,0.08667564
1,0,0.34969085
0,0,0.08841944
0,0,0.11277329
0,0,0.038255874
0,0,0.06742078
0,1,0.7017386
0,0,0.15737897
0,0,0.1492718
0,0,0.13510671
0,0,0.2160072
0,1,0.62092054
1,0,0.071716204
0,0,0.08394542
1,0,0.22174266
1,0,0.39910758
0,0,0.09816321
0,0,0.28288195
0,0,0.26612318
0,0,0.048032988
1,1,0.7031203
0,0,0.057892427
0,0,0.30935696
1,0,0.17640594
0,0,0.08849587
0,0,0.1785557
0,0,0.0581993
1,0,0.18689562
0,0,0.45776278
0,0,0.15090707
0,0,0.20940231
0,0,0.07863852
0,0,0.08260842
0,0,0.053178698
0,0,0.06570748
0,0,0.14704631
0,0,0.075311944
1,0,0.15988758
0,0,0.06405322
1,0,0.040455155
0,0,0.17046729
0,0,0.11636103
0,0,0.09070899
0,0,0.41339207
1,1,0.51473963
0,0,0.23492719
1,0,0.40290308
1,0,0.25337863
1,0,0.10165451
0,0,0.16618896
0,0,0.04041325
0,0,0.13200004
0,0,0.08175315
0,0,0.2511448
0,0,0.09623258
1,0,0.0785317
0,0,0.16532204
1,0,0.11811425
1,0,0.24658562
0,0,0.06096368
1,1,0.76928484
0,0,0.14771256
1,0,0.22880584
0,0,0.10366386
0,1,0.6880017
0,0,0.07152434
1,0,0.30531266
0,0,0.076337524
0,0,0.05755531
0,0,0.02522773
0,0,0.088905424
0,0,0.07011932
0,0,0.18263927
0,0,0.15583901
0,0,0.06538012
0,0,0.040656883
0,0,0.05171028
0,0,0.03952006
1,0,0.26029667
0,0,0.13354363
0,0,0.1384015
0,0,0.14662692
1,1,0.7936411
0,0,0.08886289
0,0,0.09204928
0,0,0.09201361
0,0,0.084541604
0,0,0.29178017
0,0,0.19299497
1,0,0.4940089
1,0,0.36105683
0,0,0.1321752
1,0,0.16699927
0,0,0.046050206
0,0,0.060839523
1,0,0.11895657
0,0,0.14717612
0,0,0.11265824
0,0,0.03236743
0,0,0.12735291
0,0,0.11832289
0,0,0.09436413
0,0,0.12428183
0,0,0.14728089
1,0,0.2594058
0,0,0.26136604
1,0,0.33521894
0,0,0.15331028
0,0,0.16069417
0,0,0.1402898
0,0,0.14869578
0,0,0.20155257
0,0,0.116653845
0,1,0.5572587
0,0,0.10689209
0,0,0.15738921
0,0,0.095984645
0,0,0.05117901
1,0,0.2511448
0,0,0.28509307
1,1,0.71689224
0,0,0.097923115
1,1,0.6735159
1,0,0.31536534
0,0,0.07431806
1,0,0.16240269
0,0,0.05281605
0,0,0.24993165
0,0,0.22165528
0,0,0.03860686
0,0,0.029229006
0,1,0.65503097
0,0,0.16751096
0,0,0.13392113
0,0,0.11359063
0,0,0.10221606
1,0,0.28429782
0,0,0.16177212
0,0,0.10163741
0,0,0.15277436
0,0,0.12648235
0,0,0.34078008
0,0,0.2511448
0,0,0.1540333
0,0,0.043075897
0,0,0.09401456
0,0,0.05618843
0,0,0.10396855
0,0,0.089626186
0,0,0.060025398
0,0,0.032719538
1,0,0.11409463
0,0,0.31909302
0,0,0.14475898
0,0,0.069971964
0,0,0.08918776
0,1,0.5453713
0,0,0.05080297
0,0,0.14585952
1,0,0.14481804
0,0,0.1912676
0,0,0.064701244
0,0,0.1035883
0,0,0.29259312
0,0,0.09435404
1,0,0.099342376
0,0,0.0708227
0,0,0.06337127
1,0,0.23951925
1,0,0.37152177
1,1,0.624519
0,0,0.14006324
0,0,0.08401061
1,0,0.46955976
0,0,0.33700454
0,0,0.15528251
0,0,0.28930238
0,0,0.04467533
0,0,0.12717812
0,0,0.09088521
0,0,0.13328345
0,0,0.0272652
1,0,0.29008785
0,0,0.11005128
1,0,0.10254456
0,0,0.09770357
0,0,0.4474177
1,0,0.20627402
0,0,0.17229083
0,0,0.076194145
0,0,0.15971512
0,0,0.09275056
0,0,0.13849494
0,0,0.045751285
0,0,0.11333091
1,0,0.1977813
0,0,0.14851093
0,0,0.13466018
0,0,0.085362114
0,0,0.11265929
1,0,0.33854973
0,0,0.08105833
0,0,0.06761493
0,0,0.059939906
0,0,0.11912074
0,0,0.14293262
0,0,0.23708645
0,0,0.1304181
0,0,0.13586342
0,0,0.08530991
1,0,0.4157004
1,0,0.06270801
0,0,0.058011796
0,0,0.3389562
0,0,0.39624462
0,0,0.11808585
0,0,0.042273875
0,0,0.12770626
0,0,0.10491687
0,1,0.60841876
0,0,0.072101295
1,0,0.07183955
0,0,0.05446464
0,0,0.10397506
0,0,0.17815976
0,0,0.2594058
0,0,0.14587949
0,0,0.08900994
0,0,0.2684504
0,0,0.10321148
1,0,0.44801578
1,0,0.23969479
0,0,0.054273624
0,0,0.12165913
1,1,0.6359319
0,0,0.043115787
0,0,0.1520189
1,0,0.40438062
0,0,0.05125077
0,0,0.16673636
0,0,0.13121891
0,0,0.064718194
0,0,0.12986362
0,0,0.07652723
0,0,0.108545214
0,0,0.33896723
0,0,0.10421952
0,0,0.058526937
0,0,0.10696904
0,0,0.10517827
0,0,0.17352633
0,0,0.040895548
0,0,0.10868788
0,0,0.06483542
0,0,0.12477514
1,0,0.13161293
0,0,0.15852702
0,0,0.11507846
0,0,0.084300615
1,0,0.12578958
0,0,0.09921924
0,0,0.057947103
0,0,0.09262526
0,0,0.051430594
0,0,0.06316995
0,0,0.11897294
0,0,0.101471744
1,0,0.120441504
0,0,0.24797522
1,0,0.49926788
0,0,0.06638535
0,0,0.032449733
0,0,0.2233477
0,0,0.062059004
0,0,0.18757907
0,0,0.04295163
0,0,0.20548214
0,0,0.055326026
0,0,0.13409765
0,0,0.1262016
0,0,0.34738573
0,0,0.20562926
0,0,0.043533977
0,0,0.1370745
0,0,0.11571
0,0,0.03972286
1,1,0.63317436
0,0,0.22689575
0,0,0.10139859
1,0,0.11114654
0,0,0.048228133
1,0,0.06571767
0,0,0.1821196
0,0,0.085687
0,0,0.06153617
0,0,0.17939354
0,0,0.20186707
0,0,0.36054388
0,0,0.11342155
0,0,0.09307181
0,0,0.14815407
0,0,0.19848675
0,0,0.053995367
0,0,0.10866954
0,0,0.09379466
0,0,0.07479967
0,0,0.08739382
1,1,0.65309364
0,0,0.37385285
0,0,0.05784251
0,0,0.22139171
0,0,0.25423434
1,1,0.72122705
0,0,0.26136604
0,0,0.104987435
0,0,0.13053444
0,0,0.15706962
0,0,0.1035159
0,0,0.18896393
0,0,0.19995002
1,1,0.70742023
0,0,0.055821657
1,1,0.5226541
1,1,0.55337775
1,0,0.2511448
0,0,0.0865037
1,0,0.054634903
0,0,0.3429416
1,0,0.3082039
0,0,0.037737798
0,0,0.06838558
0,0,0.08583832
0,0,0.09965439
0,0,0.07287573
0,0,0.11040744
1,1,0.6528312
0,0,0.12174666
0,0,0.13628097
0,0,0.0842697
0,0,0.043430697
1,1,0.5620133
0,0,0.054398656
0,0,0.08075876
0,0,0.07143541
0,0,0.3131718
0,0,0.14245157
1,0,0.28985882
0,0,0.07141423
0,0,0.059967287
0,0,0.09448955
1,1,0.71339285
0,0,0.12521917
0,0,0.04867176
1,0,0.35414192
0,0,0.43253887
0,0,0.1747456
0,0,0.10291795
1,1,0.57383305
0,0,0.08742957
1,0,0.13659184
1,0,0.31909302
0,0,0.16649583
0,0,0.08235338
0,0,0.23835883
0,0,0.0873786
0,0,0.07920457
0,0,0.099450104
1,1,0.74805707
1,0,0.09109396
1,1,0.75468266
0,0,0.37443784
0,0,0.107924424
0,0,0.17503373
0,0,0.12872046
0,0,0.08267842
0,0,0.19178854
0,0,0.10175728
0,0,0.34082502
0,0,0.067945436
1,0,0.23835634
0,0,0.14508551
0,0,0.041908626
0,0,0.10782504
0,0,0.14423203
0,0,0.31536534
0,0,0.06805794
0,0,0.03517159
0,0,0.21500514
0,0,0.06485433
0,0,0.10738147
0,0,0.1138425
0,0,0.04469904
1,1,0.7185141
1,0,0.14235462
0,0,0.4292321
0,0,0.17147167
1,1,0.722949
0,0,0.104034916
0,0,0.09998877
0,0,0.39422706
0,0,0.14890468
1,0,0.34301862
0,0,0.09258902
0,0,0.23516874
0,0,0.27701733
0,0,0.05852143
0,0,0.14119801
0,0,0.044283412
0,0,0.11038551
1,1,0.70935696
0,0,0.17214954
0,0,0.107630804
0,0,0.15609168
0,0,0.09910728
0,0,0.17854337
1,1,0.7129171
0,0,0.13799953
0,0,0.19322503
0,0,0.18414773
0,0,0.10212377
1,1,0.70501876
0,0,0.2921756
1,0,0.10961855
0,0,0.04733158
0,0,0.12485396
0,0,0.12196883
0,0,0.117982276
0,0,0.1756598
1,0,0.12376229
0,0,0.14220601
0,0,0.10956157
0,0,0.24446605
0,0,0.09014143
0,0,0.084933095
0,0,0.16760862
0,0,0.15336607
1,0,0.19575685
1,1,0.73544884
0,0,0.11171003
0,0,0.067329384
0,0,0.10368061
1,0,0.29507104
0,0,0.092186965
0,0,0.1062227
1,0,0.12664954
0,0,0.12099854
1,0,0.27751246
0,1,0.67369276
0,0,0.083555624
0,0,0.106501706
0,0,0.45130342
0,0,0.13381198
1,1,0.6198682
0,0,0.3047631
0,0,0.09413839
0,0,0.09252406
1,0,0.41990003
1,0,0.12507877
0,0,0.35412025
0,0,0.41919926
0,0,0.123906575
0,0,0.049814135
1,0,0.12446204
0,0,0.082701154
1,0,0.24803984
0,0,0.08540134
0,0,0.085264795
0,0,0.15618742
0,0,0.14465384
0,0,0.12893291
0,0,0.071522474
0,0,0.27839676
0,0,0.3025695
0,0,0.27851814
0,0,0.10171808
0,0,0.05015864
0,0,0.07639112
0,0,0.10695496
0,0,0.20959792
0,0,0.18869531
0,0,0.16056432
0,0,0.12152073
1,1,0.77489364
1,0,0.3450367
0,0,0.056879774
0,0,0.07543871
1,1,0.6667369
0,0,0.39955577
0,0,0.15481116
0,0,0.05546754
0,0,0.4714598
1,0,0.26292825
0,0,0.16529432
0,0,0.1982708
0,0,0.34478948
0,0,0.23641069
1,1,0.6812233
0,0,0.10940293
0,0,0.24665888
0,0,0.048150122
0,0,0.10149557
0,0,0.09966479
0,0,0.19500266
1,0,0.2820656
0,0,0.04287705
0,0,0.08442913
0,0,0.1309104
1,1,0.5225519
0,0,0.08864451
0,0,0.07518696
0,0,0.072063595
0,0,0.039476994
0,0,0.1000079
0,0,0.26916116
0,0,0.12532675
0,0,0.08603079
1,1,0.5375021
0,0,0.07856859
0,0,0.12574705
0,0,0.09660084
0,0,0.05115518
0,0,0.14150319
1,0,0.11281171
1,0,0.31119707
0,0,0.12646024
0,0,0.1369337
1,1,0.65307486
1,1,0.5293209
0,0,0.17063655
0,0,0.13993002
0,1,0.5208745
0,0,0.100540765
1,1,0.64651865
0,0,0.10033937
0,0,0.11752455
0,0,0.07439823
0,0,0.03928715
0,0,0.09762442
0,1,0.6566767
0,0,0.20554292
0,0,0.18879344
0,0,0.1756737
0,0,0.06862366
1,0,0.14061898
0,0,0.08442504
0,0,0.12861922
0,0,0.09058846
1,0,0.13450614
0,0,0.101904005
0,0,0.40811548
0,0,0.111673184
0,0,0.12025164
0,0,0.16497576
0,0,0.064541884
0,0,0.46559322
0,0,0.26412922
0,0,0.22549565
1,1,0.67997974
0,0,0.072494335
0,0,0.12228237
0,0,0.09549628
1,1,0.64482516
0,0,0.26390198
0,0,0.099669605
0,0,0.09237517
0,0,0.108519405
0,0,0.08284785
0,0,0.21423788
1,1,0.7322773
0,0,0.45304155
1,1,0.6979672
0,0,0.12261665
0,0,0.086637445
0,0,0.24997059
0,0,0.17546073
0,0,0.0779047
0,0,0.28429782
0,0,0.05098865
0,0,0.096398205
1,1,0.64178014
0,0,0.099319816
0,0,0.22736908
0,0,0.2511448
0,0,0.14703873
0,0,0.08530775
0,0,0.30492315
0,0,0.10239995
0,0,0.09312264
0,0,0.25719333
1,0,0.2631831
1,0,0.31909302
0,0,0.048258167
0,0,0.2076747
0,0,0.13290933
0,0,0.25905585
0,0,0.13052855
0,0,0.16462895
0,0,0.07323654
0,0,0.11011014
0,0,0.13405699
1,0,0.41169587
0,0,0.09382531
0,0,0.13514012
1,1,0.5089066
1,1,0.6794355
0,0,0.20189361
0,0,0.068877295
0,0,0.13323858
0,0,0.22887869
1,0,0.49478707
0,0,0.11151626
0,0,0.08934863
1,0,0.15555783
0,0,0.1039739
0,0,0.36181325
1,0,0.115245156
0,0,0.10172241
0,0,0.18031456
0,0,0.265624
0,0,0.16961059
0,0,0.163628
0,0,0.055350702
0,0,0.12827761
1,0,0.43611538
0,1,0.6722923
1,0,0.12921031
0,0,0.1999919
0,0,0.12649783
0,0,0.18881708
0,0,0.09696016
0,0,0.19324353
0,0,0.39995912
0,0,0.21809076
0,0,0.16959824
0,0,0.16732454
0,0,0.07118494
0,0,0.38088328
0,0,0.100013755
0,0,0.099335186
1,1,0.7213581
0,0,0.06653737
0,1,0.61358
0,0,0.15039131
1,1,0.71056217
1,0,0.18999761
0,0,0.1040753
0,0,0.16097829
0,0,0.15452224
0,1,0.5250845
0,0,0.20926169
0,0,0.076298274
0,0,0.09541558
0,0,0.09727144
0,0,0.12951273
1,0,0.47489265
0,0,0.2010951
0,0,0.13802849
1,0,0.22249775
1,0,0.2010095
0,0,0.19089189
0,0,0.25178817
0,0,0.16886342
0,0,0.22374743
0,0,0.23443179
0,0,0.19557036
0,0,0.17411244
1,0,0.13128532
0,0,0.09163857
1,0,0.19869876
0,0,0.46040365
0,0,0.16120632
1,0,0.17239702
0,0,0.03482211
1,0,0.35565925
0,0,0.08042062
0,0,0.29316354
0,0,0.13353041
0,0,0.20142654
0,0,0.1327417
0,0,0.12870467
0,0,0.13855317
0,0,0.07659867
0,0,0.10243425
0,0,0.40247312
1,1,0.6694276
0,0,0.07327344
0,0,0.28230834
0,0,0.11197256
0,0,0.1388775
0,0,0.04502653
1,0,0.14528257
0,0,0.2934648
0,0,0.056582414
0,0,0.23104829
0,0,0.08062221
0,0,0.11332392
0,0,0.28098038
0,0,0.1324346
0,0,0.29399392
0,0,0.15138914
0,0,0.284067
0,0,0.17045534
0,0,0.15988274
0,0,0.14416815
1,0,0.15380298
0,1,0.6177405
1,0,0.12051563
0,0,0.0517444
0,1,0.7104602
0,0,0.13892801
0,0,0.08569581
0,0,0.1357639
0,0,0.06131435
0,0,0.08299721
0,0,0.2941128
0,0,0.108199015
1,1,0.6566513
1,1,0.6598078
1,1,0.61548007
0,0,0.16671535
0,0,0.2736046
0,0,0.13308235
0,0,0.10952978
0,0,0.06978369
0,0,0.087076336
1,0,0.4270727
0,0,0.36441213
0,1,0.60355324
0,0,0.049898762
1,1,0.62443095
1,1,0.7898341
0,0,0.19393401
0,0,0.19881019
0,0,0.16688181
1,0,0.08527508
0,0,0.088662736
0,0,0.112256676
1,0,0.42521977
0,0,0.103080116
1,0,0.4170714
0,0,0.27042356
0,0,0.064756565
0,0,0.077672705
1,1,0.7069707
1,1,0.6011253
0,0,0.11882665
1,1,0.77699393
0,0,0.32746366
0,0,0.109564476
0,0,0.19249153
0,0,0.13993499
0,0,0.100169316
0,0,0.12613001
0,0,0.1323286
0,0,0.15752827
0,0,0.034287333
0,0,0.111559086
0,0,0.112722605
0,0,0.07901426
0,0,0.11953481
0,0,0.3080299
1,1,0.7285872
0,0,0.17220512
0,0,0.11312883
0,0,0.12076039
0,0,0.1966528
0,0,0.08903273
0,0,0.26077145
0,0,0.081848286
0,0,0.11575308
0,0,0.14369594
0,0,0.082225464
0,0,0.057741858
0,0,0.13669313
0,0,0.18858984
0,0,0.11902288
0,0,0.11520497
0,0,0.12119922
0,0,0.097155705
0,0,0.23680544
0,1,0.69595546
0,0,0.089072675
0,0,0.0585983
0,0,0.09803082
0,0,0.17098567
0,0,0.102695994
0,0,0.16773346
0,0,0.3203446
0,0,0.08452238
0,0,0.05566358
0,0,0.057898927
0,0,0.09909184
0,0,0.18418986
0,0,0.099026926
0,0,0.10982767
0,0,0.14468151
0,0,0.1426788
0,1,0.7020134
1,0,0.47803652
0,0,0.11444415
0,0,0.09481132
0,0,0.24098046
0,0,0.14474058
0,0,0.06203547
0,0,0.08878894
1,0,0.30503985
0,0,0.069716536
1,0,0.2429286
0,0,0.09475561
0,0,0.06440995
0,0,0.2068943
0,0,0.25155836
0,0,0.09367853
0,1,0.5493416
1,0,0.34667394
0,0,0.25330988
0,0,0.051722065
0,0,0.27936134
0,0,0.28779784
0,0,0.07689625
0,0,0.3004893
0,0,0.095419765
0,0,0.049710803
0,0,0.082887046
0,0,0.06390512
0,0,0.09738858
0,0,0.1487078
0,0,0.30440256
0,0,0.27174956
0,0,0.14208646
0,0,0.11703419
1,1,0.56225806
0,0,0.12377446
0,0,0.0952403
0,0,0.10220878
0,1,0.5569944
0,0,0.11670035
1,0,0.40329036
0,0,0.095127836
0,0,0.0831926
1,0,0.23205276
0,0,0.06961461
0,0,0.066862345
0,0,0.15045385
1,0,0.19910352
0,0,0.24543276
0,0,0.08094084
0,0,0.14611796
0,0,0.17656392
0,0,0.1507348
0,0,0.051798347
0,0,0.11484651
1,0,0.182939
0,0,0.14990653
0,0,0.06819715
0,0,0.13248105
0,0,0.13286458
0,0,0.059639204
0,0,0.18000326
1,1,0.6542743
1,1,0.8140849
0,0,0.12848075
0,0,0.38784695
0,0,0.19586703
0,0,0.46633327
0,0,0.079210706
0,0,0.0826834
0,0,0.1411047
0,0,0.05787835
1,1,0.68933225
1,1,0.77441454
0,0,0.112955384
1,1,0.8044198
0,1,0.708009
0,0,0.10116556
1,0,0.13340482
0,0,0.076814376
0,0,0.4117838
0,0,0.09901248
0,0,0.13041817
0,0,0.15484755
0,0,0.2289316
0,0,0.099853285
0,0,0.18761191
0,0,0.035542354
0,0,0.12785645
0,0,0.07766538
0,0,0.043556407
0,0,0.089492634
0,0,0.059705757
1,0,0.17395408
0,0,0.17543963
0,0,0.12766704
1,0,0.099581815
0,0,0.06829201
0,0,0.05549594
1,0,0.1815338
1,0,0.48606044
1,0,0.16430308
0,0,0.2601421
0,0,0.09683047
0,0,0.12257445
1,1,0.7323037
0,0,0.46989644
1,0,0.4110911
0,0,0.08745682
0,0,0.090337574
0,0,0.08099714
0,0,0.083174035
1,0,0.07555728
0,0,0.12473271
0,0,0.08643929
0,0,0.06437348
0,0,0.18089996
0,0,0.1714747
0,0,0.078626215
0,0,0.05498924
0,0,0.0600117
0,0,0.11670341
0,0,0.2878027
0,0,0.08552949
1,0,0.15958592
0,0,0.35781142
1,1,0.6118866
0,0,0.19442753
0,0,0.053922113
0,0,0.09625054
0,0,0.07690062
0,0,0.044062976
0,0,0.06800939
0,0,0.16361727
1,0,0.19346687
0,0,0.078501806
1,0,0.282254
1,1,0.7205195
0,0,0.22244662
0,0,0.14352381
1,0,0.30365056
0,0,0.08555794
0,0,0.08922096
0,0,0.2269933
1,1,0.65062237
0,0,0.17807971
0,0,0.12680525
0,0,0.22525607
0,0,0.04517161
0,0,0.10364326
0,0,0.11167405
0,0,0.04758849
0,0,0.076849855
0,0,0.1221507
0,0,0.10880963
0,0,0.10100704
1,0,0.29368466
0,0,0.048398435
0,0,0.37448838
0,0,0.06997206
1,1,0.62331915
0,0,0.07774148
1,0,0.15108664
1,0,0.09590087
0,1,0.5663574
1,1,0.5040413
0,0,0.2290565
0,0,0.117173314
0,0,0.0854284
1,0,0.08092698
0,0,0.18254055
1,0,0.09824722
0,0,0.13201919
0,0,0.04281938
0,0,0.124001935
1,0,0.16966072
0,0,0.07560702
1,0,0.14866035
0,0,0.13927703
1,1,0.6552685
0,0,0.07621746
0,0,0.1453438
0,0,0.038301557
0,0,0.06957589
0,0,0.07355631
0,0,0.16070138
1,0,0.08785622
0,0,0.12441339
0,0,0.10032116
0,0,0.09082859
0,0,0.15563676
0,0,0.12208712
0,0,0.0596818
0,0,0.15296166
0,1,0.65589815
0,0,0.08145412
0,0,0.05556818
0,0,0.093840964
0,0,0.0562855
0,0,0.18158202
0,0,0.10170074
0,0,0.16017285
0,0,0.29178017
0,1,0.5030442
0,0,0.10048592
1,1,0.6499981
0,0,0.3180225
0,0,0.29668024
0,0,0.07382518
0,0,0.11450566
1,1,0.72774386
1,1,0.55804837
0,0,0.10377556
0,0,0.06303016
0,0,0.04440341
0,0,0.27736098
0,0,0.06458996
0,0,0.08278273
1,0,0.20298028
0,0,0.09621826
0,0,0.09196255
0,0,0.09609172
0,0,0.07668734
1,0,0.46519497
0,0,0.1223357
0,0,0.451465
0,0,0.19462928
1,0,0.3967842
0,0,0.05265061
0,0,0.10691848
0,0,0.16921005
0,0,0.31914347
1,0,0.4880325
0,0,0.12963194
0,0,0.17713435
1,1,0.7670137
0,0,0.057720277
1,0,0.35470572
1,0,0.25637424
0,0,0.079652265
1,1,0.61845356
0,0,0.30622044
1,0,0.115298524
0,0,0.12953399
0,0,0.09506755
0,0,0.15279657
0,0,0.14002593
0,0,0.09270103
0,0,0.123152845
1,1,0.6773584
1,0,0.39498883
0,0,0.08681386
0,0,0.06171768
1,1,0.8206587
0,0,0.057452623
0,0,0.11275817
0,0,0.048452675
0,0,0.18639544
1,1,0.6709076
1,0,0.06957819
0,0,0.0906659
0,0,0.06947272
0,0,0.2674287
0,0,0.22835773
0,0,0.16839111
0,0,0.034192756
0,0,0.044354543
1,1,0.6478668
0,0,0.18268698
0,0,0.3701484
0,0,0.26860794
0,0,0.32673818
0,0,0.12784502
0,0,0.10677911
0,0,0.37252456
0,0,0.06391502
0,0,0.30806035
0,0,0.12778543
1,0,0.13565621
0,0,0.08359529
0,0,0.3788472
0,0,0.07139373
0,0,0.12171859
0,0,0.07477969
0,1,0.66948617
0,0,0.07542753
0,0,0.31536534
0,0,0.107183844
0,0,0.070975825
0,1,0.680666
1,0,0.44799802
0,0,0.116726935
0,0,0.027583675
0,0,0.08882278
0,0,0.2267377
0,0,0.052392475
0,0,0.059790194
0,0,0.10096202
1,0,0.1177371
0,0,0.10599737
1,0,0.13479239
0,0,0.14157233
1,0,0.25334254
0,0,0.32330167
1,0,0.3309596
1,1,0.79966605
0,0,0.26194167
0,0,0.07040274
1,1,0.7164702
0,0,0.101843104
0,0,0.06374736
0,0,0.11881256
0,0,0.08549733
1,0,0.42570576
0,0,0.16890106
1,0,0.13699585
0,0,0.039929353
1,0,0.13247897
0,0,0.2983696
0,0,0.1633206
1,0,0.2638333
0,0,0.13580632
0,0,0.09673076
0,0,0.16443966
0,0,0.061052546
0,0,0.043095123
0,0,0.30138177
0,0,0.15613502
0,0,0.08467241
0,0,0.11699817
0,1,0.62591386
0,1,0.6501537
0,0,0.34335822
0,0,0.095130034
0,0,0.09726248
0,0,0.094104566
0,0,0.15381388
1,0,0.1403054
0,0,0.13706635
1,0,0.12735398
0,0,0.08134898
0,0,0.093374744
1,0,0.16623278
1,0,0.30021116
0,0,0.17759614
0,0,0.08815144
0,0,0.10912946
0,0,0.02885136
0,0,0.40726134
0,0,0.18031844
0,0,0.10053675
0,0,0.14339042
0,0,0.07977107
1,0,0.11512353
0,0,0.025263745
0,0,0.034136157
1,1,0.5951134
0,0,0.41767216
1,0,0.15183431
1,0,0.13905197
0,0,0.06536764
0,0,0.09941182
0,0,0.08594476
1,0,0.20045428
0,0,0.11495663
0,0,0.36395884
1,1,0.73032653
0,0,0.2365991
0,0,0.07524053
0,0,0.19569026
0,0,0.06419571
0,0,0.09343649
0,0,0.07169643
1,0,0.10265485
1,0,0.1026076
0,0,0.06886519
0,0,0.10803228
1,0,0.106535986
0,0,0.0647183
1,1,0.5261535
0,0,0.036290433
0,0,0.104603976
0,0,0.10860123
0,0,0.2102817
0,0,0.055102453
0,0,0.07538917
1,0,0.48500484
0,0,0.13191108
0,0,0.12908219
1,0,0.22110964
0,0,0.16241755
1,0,0.31536534
0,0,0.4767236
0,0,0.094531685
0,0,0.049834926
1,0,0.24539106
0,0,0.1013772
0,0,0.07926324
0,0,0.092061594
0,0,0.031587757
0,0,0.07513409
0,0,0.37711158
0,0,0.3269026
0,0,0.06979943
0,0,0.056557298
1,0,0.42531502
0,0,0.09102241
0,1,0.6172003
0,0,0.2582842
0,0,0.14864263
0,0,0.46252495
0,0,0.07518976
1,0,0.26349664
0,0,0.20499064
0,0,0.44360247
0,0,0.041563123
0,0,0.1661942
0,0,0.09613414
0,0,0.11153111
0,0,0.21094416
0,0,0.07231544
0,0,0.06332029
0,0,0.13200566
0,0,0.24960218
0,0,0.16565084
0,0,0.08044762
0,0,0.39615083
0,0,0.035126194
0,0,0.10597575
0,0,0.0730521
0,0,0.09860657
0,0,0.082677305
1,0,0.09152171
1,0,0.14119351
0,0,0.06809623
1,1,0.7133569
0,0,0.06817007
1,0,0.27318707
0,0,0.17958367
1,0,0.13510671
0,0,0.17520918
0,0,0.073362045
1,0,0.32130864
0,0,0.18250865
0,0,0.08396406
0,0,0.1737689
0,0,0.13469377
0,0,0.060837068
0,0,0.06357686
0,0,0.08107773
1,0,0.099095225
0,0,0.12855127
1,0,0.4767095
0,0,0.028218143
0,0,0.10928405
0,0,0.05087052
0,0,0.28918365
0,0,0.26185423
0,1,0.62269694
1,0,0.086023815
0,0,0.35362813
0,0,0.07663274
0,0,0.10083871
0,0,0.08588469
1,0,0.26516122
0,0,0.113975346
1,1,0.79615444
0,0,0.11345256
0,0,0.37252456
0,0,0.12529965
0,0,0.0802183
0,0,0.09346508
0,0,0.1288165
0,0,0.27428797
0,0,0.06562172
0,0,0.10078902
0,0,0.33166072
0,0,0.3005409
1,1,0.7804357
0,0,0.16111471
0,0,0.13756025
1,0,0.2093951
0,0,0.10376051
0,0,0.12645128
0,0,0.062144924
0,0,0.39208022
0,0,0.13283274
0,0,0.09626897
1,0,0.14993629
0,0,0.1218467
0,0,0.26365277
1,0,0.2634461
0,0,0.1428031
0,0,0.13115497
0,0,0.22817333
0,0,0.05257572
0,0,0.14179628
0,0,0.21769397
1,0,0.3760355
0,0,0.08403373
1,0,0.16133893
0,0,0.14934179
1,0,0.3918947
0,0,0.047473386
1,0,0.13819502
0,0,0.06525215
1,1,0.7319403
0,0,0.044819787
1,1,0.66500866
1,1,0.5638784
0,0,0.047859304
1,0,0.18240717
0,0,0.108226016
0,0,0.06897076
0,0,0.059356444
0,1,0.58545214
0,0,0.2421241
0,0,0.105100445
0,0,0.08384869
0,0,0.12002087
0,0,0.11065164
0,0,0.06097416
0,0,0.057861406
0,0,0.102544524
1,0,0.10016835
1,0,0.36703268
0,0,0.1888725
0,0,0.09595337
0,0,0.16862191
0,0,0.104185626
0,0,0.06927318
0,0,0.09289006
1,0,0.16099581
0,0,0.057658393
1,0,0.13857484
0,1,0.6372081
0,0,0.12128668
1,0,0.12794639
0,0,0.16442
0,0,0.14489307
0,0,0.14557925
0,0,0.046194654
0,0,0.122973345
1,0,0.14201954
1,0,0.102908686
0,0,0.050974905
0,0,0.20158592
0,0,0.10514997
0,0,0.1102072
0,0,0.11231687
0,0,0.04168231
1,0,0.14042991
0,0,0.33945638
0,0,0.10248238
1,0,0.1225976
0,0,0.121351786
0,0,0.036788058
0,0,0.13246152
0,0,0.31536534
0,0,0.057191364
0,0,0.09361189
0,0,0.041265067
0,0,0.098104574
1,0,0.06743462
0,0,0.2955473
0,0,0.09705596
0,0,0.11674812
0,0,0.110780045
0,0,0.21527715
0,0,0.110755615
0,0,0.09112174
1,0,0.14971994
1,0,0.27698213
0,0,0.4864241
0,0,0.4199879
0,0,0.07386731
1,0,0.18331571
0,0,0.08904662
0,0,0.093418576
0,0,0.295378
1,0,0.29813737
0,0,0.07081341
1,1,0.6317468
0,0,0.06582338
0,1,0.72220606
1,0,0.23220345
0,0,0.09016199
1,1,0.5089497
0,0,0.11037753
0,0,0.03621544
0,0,0.04998749
0,0,0.12730256
1,1,0.6385145
1,0,0.10510096
0,0,0.04097023
1,0,0.13667588
0,0,0.0629147
0,0,0.118884444
0,0,0.10710228
0,0,0.14167377
0,0,0.19682106
0,0,0.058077376
0,0,0.0630989
0,0,0.13702704
0,0,0.14894779
1,1,0.6478668
0,0,0.14044409
0,0,0.032712504
0,0,0.05969789
0,0,0.07461352
0,0,0.07444063
0,0,0.253969
1,0,0.21373817
0,0,0.041405685
0,0,0.13268627
0,0,0.057752177
0,1,0.62186694
0,0,0.20974958
1,0,0.15275471
0,1,0.6332502
1,0,0.28711975
0,0,0.08491987
0,1,0.5523229
0,0,0.1139973
1,1,0.72991747
0,0,0.36090007
0,0,0.1426633
0,0,0.07179786
0,0,0.048125498
0,0,0.23062858
0,0,0.32091913
1,0,0.42670804
0,0,0.095344506
0,0,0.12960307
1,0,0.26136604
0,0,0.1303711
0,0,0.08506924
0,0,0.13237984
0,0,0.18787399
0,0,0.03316086
0,0,0.16773361
0,0,0.12322066
0,0,0.055327795
0,0,0.07460377
0,0,0.08681146
0,0,0.11056634
0,0,0.09475075
0,0,0.12226954
1,0,0.20428729
0,0,0.14422415
0,0,0.09500787
0,0,0.14897
0,0,0.094078675
0,0,0.27576646
0,0,0.11128736
1,0,0.22250387
0,0,0.11843963
0,0,0.19440104
1,1,0.6941834
0,0,0.15184684
1,1,0.65845156
0,0,0.10535297
1,0,0.13964628
0,0,0.09202274
0,0,0.07737465
0,0,0.05429791
0,1,0.70059335
1,0,0.31203336
1,0,0.3507367
0,0,0.101770066
0,0,0.04966218
0,0,0.074540906
0,0,0.18871413
1,1,0.6780769
0,0,0.02505983
1,1,0.6478154
1,0,0.44440132
0,0,0.08198553
0,0,0.06298761
0,0,0.22080563
0,0,0.26901168
0,0,0.15222326
1,0,0.11786698
0,0,0.33351162
0,0,0.07233926
0,0,0.13326555
0,0,0.057804715
0,0,0.10366386
0,0,0.045980543
1,0,0.46485686
0,0,0.104742624
0,0,0.05354331
1,0,0.22786938
0,0,0.07163201
0,0,0.10608448
0,0,0.10049863
0,0,0.12979458
0,0,0.19299646
0,0,0.07679663
0,0,0.10891512
0,0,0.17225194
1,0,0.13391903
1,0,0.11511705
0,0,0.06506503
0,0,0.27995172
0,0,0.4254492
0,0,0.29125342
0,0,0.37160334
0,0,0.12298338
0,1,0.6865689
0,0,0.093544364
0,0,0.08970679
0,0,0.08921732
0,0,0.3023255
0,0,0.12720701
0,0,0.07336025
0,0,0.21100652
1,0,0.14007908
1,0,0.19617875
0,0,0.13332924
0,0,0.20182808
0,0,0.16920604
0,0,0.1686312
0,0,0.089286454
0,0,0.13466978
1,1,0.60250133
0,0,0.07897129
0,0,0.11300526
0,0,0.18214092
0,0,0.2118646
0,0,0.09733843
0,0,0.124610506
0,0,0.098662905
0,0,0.09189646
0,0,0.16690974
1,1,0.7113599
0,0,0.07140303
0,0,0.10724302
0,0,0.19572708
0,0,0.061376017
0,0,0.07504688
0,0,0.059231665
1,1,0.6536093
0,0,0.22891323
0,0,0.08314875
0,0,0.12868398
0,0,0.07439867
0,0,0.15385588
0,0,0.13549449
0,0,0.059060022
0,0,0.031145358
0,0,0.05836442
0,0,0.4083732
0,0,0.097670905
1,0,0.31133226
0,0,0.027427148
0,0,0.05946502
0,0,0.037984625
0,0,0.14248694
0,0,0.30837634
0,0,0.31472227
0,0,0.04824926
0,0,0.16152683
1,0,0.12290433
1,0,0.26445755
0,0,0.2793261
0,0,0.108203426
0,0,0.13112727
0,0,0.12994264
1,0,0.08606671
0,0,0.12839393
1,0,0.16585557
0,0,0.10047915
1,1,0.51428235
0,0,0.21231422
0,0,0.07259597
0,0,0.10633278
0,0,0.10750597
1,0,0.10893179
0,0,0.22695427
0,0,0.21660927
1,1,0.7490547
0,0,0.046593685
0,0,0.16002394
1,1,0.68333703
0,0,0.08734022
1,0,0.44558698
0,0,0.0635069
0,0,0.07238936
0,0,0.091680855
0,0,0.04314741
0,0,0.08350297
0,0,0.4404832
0,0,0.26933795
1,0,0.10092753
0,0,0.14796507
0,0,0.08700918
0,0,0.3692389
0,0,0.39504626
0,0,0.07203667
0,0,0.19177845
0,0,0.13550265
0,0,0.05774709
0,0,0.13697699
0,0,0.06566717
0,0,0.13495462
0,0,0.11912177
1,1,0.67719966
1,0,0.086666316
0,0,0.46765143
0,0,0.082984835
0,0,0.052047387
0,0,0.082852475
0,0,0.09844395
0,1,0.6814421
1,0,0.11445966
0,0,0.10583944
0,0,0.059181813
0,0,0.07718667
0,0,0.07901802
1,0,0.10780313
1,0,0.36597186
0,0,0.03886445
1,0,0.11045986
1,0,0.09903858
0,0,0.12511751
0,0,0.03653866
0,0,0.18289907
0,0,0.042149205
0,0,0.20301025
0,0,0.054511543
0,0,0.041454654
0,0,0.08819885
0,0,0.13436085
1,0,0.22306225
0,0,0.3131718
0,0,0.071072824
0,0,0.20914365
0,0,0.13314752
0,0,0.12999432
0,0,0.11263903
0,1,0.64139694
0,0,0.18625465
0,0,0.054168954
0,0,0.08555448
1,0,0.25379425
1,1,0.71077234
0,0,0.06661953
0,0,0.19199456
0,0,0.12826228
0,0,0.12042999
1,0,0.10023064
0,0,0.17409459
0,0,0.11792666
0,0,0.07039048
0,0,0.2791979
0,0,0.18471818
0,0,0.10474068
0,0,0.28253448
0,0,0.22136876
1,0,0.14520575
1,0,0.17587799
0,0,0.09941536
0,0,0.21511656
0,0,0.10462498
0,0,0.0853453
0,0,0.10295769
0,0,0.10527104
0,0,0.11809833
0,0,0.10628961
1,0,0.4167913
0,0,0.052442987
0,0,0.11977663
0,0,0.1388779
1,1,0.6666904
0,0,0.15517068
1,1,0.74274737
1,1,0.66069573
0,0,0.21075875
0,0,0.090701066
0,0,0.1324758
0,1,0.6960458
0,0,0.09958774
0,0,0.13400808
0,0,0.14396365
0,0,0.035910293
0,0,0.14454658
0,0,0.12899426
0,0,0.12617503
0,0,0.31536534
0,0,0.082055666
0,0,0.37646842
0,0,0.12889
0,0,0.047960836
0,0,0.089189045
0,0,0.058907706
1,0,0.47219104
0,0,0.053613633
0,0,0.10289415
0,0,0.08447925
1,0,0.27994347
0,0,0.11163265
1,0,0.14014739
0,0,0.09165123
1,1,0.6977534
0,0,0.099102765
0,0,0.1527962
1,0,0.16416232
0,0,0.21962416
1,0,0.39736736
0,0,0.11568089
0,0,0.18785758
0,0,0.13117117
0,0,0.14902888
1,1,0.62467986
1,0,0.16081151
0,0,0.4261074
0,0,0.037025962
0,0,0.29262784
0,0,0.08171398
0,0,0.10053009
0,0,0.11568656
1,0,0.15710282
0,0,0.3567971
0,0,0.1001335
1,0,0.28321686
0,0,0.15624227
0,0,0.12188447
0,0,0.2901011
0,0,0.12419451
1,0,0.19413294
0,0,0.16346714
1,1,0.72160786
0,0,0.048925053
0,0,0.29161492
0,0,0.14499258
0,0,0.056578036
0,0,0.082392834
0,0,0.04243974
0,0,0.10417934
1,1,0.7631541
1,0,0.17623173
0,0,0.22732656
1,0,0.18936042
0,0,0.093186066
0,0,0.06516065
0,0,0.062387016
0,0,0.09369898
0,0,0.07856019
0,0,0.06408862
0,0,0.43759552
1,1,0.6843471
0,0,0.19148254
0,0,0.099692024
0,0,0.060591057
1,0,0.046390943
1,0,0.19308114
0,0,0.13846691
1,0,0.09770497
0,0,0.054703932
0,0,0.15003465
1,1,0.797823
1,0,0.15867065
0,0,0.13865042
0,0,0.055193707
0,0,0.09914489
0,0,0.087659016
1,0,0.16093434
0,0,0.11031042
0,0,0.11209816
0,1,0.5968822
1,0,0.1680111
0,0,0.09604991
0,0,0.086893044
0,0,0.13673995
1,0,0.0959895
0,0,0.21493207
1,1,0.6245276
0,0,0.108422734
0,1,0.60242784
0,0,0.13440235
0,0,0.15201326
0,0,0.15030712
0,0,0.066220246
0,0,0.07238886
0,0,0.27813897
0,0,0.08376602
0,0,0.18670116
1,0,0.18542896
0,0,0.073322885
0,0,0.09515503
0,0,0.29919627
0,0,0.25139216
1,0,0.13282242
0,0,0.10005754
0,0,0.06199055
0,0,0.07604854
1,0,0.33722147
0,0,0.06482964
0,0,0.06551513
0,0,0.15819776
0,0,0.07470283
0,0,0.032973688
0,0,0.21154012
1,0,0.18277316
1,0,0.1824419
0,0,0.07801702
0,0,0.36114928
0,0,0.12533702
0,0,0.094802275
1,1,0.68203545
0,0,0.17144927
0,0,0.10805177
0,0,0.10968855
0,0,0.17599241
0,0,0.13142188
0,0,0.08601845
1,1,0.6754493
0,0,0.15534247
0,0,0.1289778
0,0,0.10425125
0,0,0.1223089
1,0,0.32925263
0,0,0.13908397
1,0,0.15683176
0,0,0.2926266
0,0,0.05170442
0,0,0.09860849
0,0,0.060039807
1,1,0.6628015
0,0,0.14429937
0,0,0.24568696
0,0,0.18245094
0,0,0.27893946
0,0,0.112030536
0,0,0.13468887
0,0,0.11173232
0,0,0.09702514
0,0,0.044187844
0,0,0.16133119
0,0,0.09327999
0,0,0.17599851
0,0,0.097448386
0,0,0.067463264
1,1,0.57104504
0,0,0.3670051
0,0,0.16901697
0,0,0.21253262
0,0,0.09537182
0,0,0.113608226
0,0,0.119685456
1,0,0.49931803
0,0,0.08929541
1,0,0.32942247
1,1,0.8355584
0,0,0.06810349
0,0,0.07148105
0,0,0.042016216
0,0,0.12951481
0,0,0.06493993
0,0,0.126828
1,0,0.40102634
1,1,0.6685712
0,0,0.49168435
0,0,0.16309981
0,0,0.13785121
1,0,0.32943398
0,0,0.06665259
1,1,0.7192204
0,0,0.2041459
1,1,0.65164363
0,0,0.114886574
0,0,0.09166354
0,0,0.13012621
0,0,0.22736618
0,0,0.1673937
0,0,0.272152
0,0,0.39223576
0,0,0.3165558
0,0,0.17554127
0,0,0.14942369
0,0,0.099781126
1,0,0.15667044
0,0,0.39383674
0,1,0.63757825
0,0,0.3867459
0,0,0.19523986
0,0,0.11789502
0,0,0.36030212
0,0,0.1506397
1,1,0.7001618
0,0,0.11474075
0,0,0.16661118
0,1,0.6343849
0,0,0.1638838
0,0,0.14375705
0,0,0.107560754
0,0,0.14384292
1,1,0.5439987
1,1,0.72733384
0,1,0.73446804
1,1,0.6400206
0,0,0.12600528
0,0,0.2985565
1,1,0.7766833
0,0,0.13960618
0,0,0.09842205
0,0,0.15728074
0,1,0.6488
1,0,0.14640278
0,0,0.2145485
0,0,0.20756629
0,0,0.099412784
0,0,0.16639677
0,0,0.10171511
0,0,0.24977428
0,0,0.083957985
0,0,0.14572448
0,0,0.077597566
0,0,0.12689818
0,0,0.2930164
0,0,0.1293093
0,0,0.16124378
1,0,0.18891977
0,0,0.09750483
0,0,0.13164316
0,0,0.12564442
0,0,0.14911662
0,0,0.39439467
1,0,0.1023017
0,0,0.16476841
0,1,0.5540437
0,0,0.065767705
0,0,0.14331454
0,0,0.32346237
0,0,0.12499392
0,0,0.15300028
0,0,0.14575063
0,0,0.14969964
1,0,0.10272524
0,0,0.14738266
1,0,0.35841462
0,0,0.11827833
1,0,0.32694465
0,0,0.08677973
0,0,0.1138297
0,0,0.074772894
0,0,0.1302129
0,0,0.09824125
0,0,0.18014297
0,0,0.19310117
1,1,0.61986184
0,0,0.19380867
0,0,0.052884948
0,0,0.05727935
0,0,0.18985906
0,1,0.75801456
0,0,0.100791566
0,0,0.2644574
0,0,0.061356653
1,1,0.61595404
0,0,0.13722758
1,0,0.0745691
1,1,0.62707883
0,0,0.21025425
1,1,0.63528335
0,0,0.14400066
1,1,0.7127786
0,0,0.32749575
1,0,0.3189253
1,1,0.6284615
0,0,0.18715818
0,0,0.09646686
0,0,0.09924651
0,0,0.10629033
0,0,0.15088953
0,0,0.0982639
0,0,0.099423625
0,0,0.071251795
0,0,0.079924665
0,0,0.14565766
0,0,0.1515768
0,0,0.11313709
1,0,0.15512797
0,0,0.13541561
0,0,0.08508956
1,0,0.10828991
0,0,0.100621015
0,0,0.22531474
0,0,0.105285525
0,0,0.121691376
0,1,0.58876026
0,0,0.12913282
1,1,0.6405496
0,1,0.6222498
0,0,0.07966156
0,0,0.12870467
0,0,0.071333386
0,0,0.09125958
0,0,0.09932833
1,0,0.100593336
0,0,0.121575244
0,0,0.08965142
0,0,0.13804221
0,0,0.09841513
0,0,0.12921464
1,1,0.64226514
0,0,0.15457448
0,0,0.14774673
0,0,0.10771008
0,0,0.2319164
0,0,0.10008431
0,0,0.100354664
1,0,0.40719715
0,0,0.11353059
1,0,0.13915247
0,0,0.0866918
1,0,0.30803418
0,0,0.054955576
0,1,0.6219307
1,0,0.17477591
0,0,0.11079921
0,0,0.12701768
0,0,0.102166034
1,1,0.72725964
0,0,0.085732654
1,0,0.227628
0,0,0.08322153
0,0,0.1156923
0,0,0.10422837
0,0,0.05519721
0,0,0.06518114
0,0,0.064373635
0,0,0.099513344
0,0,0.10481007
0,0,0.17808355
0,0,0.2601421
1,0,0.4897652
0,0,0.06358552
0,0,0.20023917
0,0,0.039914247
0,0,0.100749545
0,0,0.08264343
0,0,0.10424705
0,0,0.13284835
0,0,0.0715175
1,0,0.14555597
0,0,0.24015178
0,0,0.07123774
0,0,0.12813868
0,0,0.1388788
0,0,0.27972206
0,0,0.10441379
0,0,0.13136128
0,0,0.10761092
0,0,0.18520616
1,0,0.27025792
0,0,0.17655393
0,0,0.0895687
1,0,0.119936965
0,0,0.10673734
0,1,0.568135
0,0,0.14268488
0,0,0.16406277
0,0,0.08183632
0,0,0.089663506
0,0,0.06384614
0,0,0.1750354
0,0,0.12171905
0,0,0.11198437
0,0,0.21582313
0,1,0.70158225
0,0,0.15931566
0,0,0.06378596
0,0,0.106502086
0,0,0.122760415
0,0,0.21537504
0,0,0.13510737
0,0,0.08235708
0,0,0.03948091
0,0,0.13915144
1,0,0.49810663
0,0,0.09857418
0,0,0.102818735
0,0,0.0709352
1,0,0.13442174
0,0,0.10306345
0,0,0.17436053
0,0,0.112713285
1,1,0.72183436
0,0,0.06643191
0,1,0.6170347
1,1,0.63173383
0,0,0.07255868
0,0,0.16578498
1,1,0.6894759
0,0,0.16513659
0,0,0.07913943
0,0,0.1329065
0,0,0.14281535
0,0,0.0928794
0,0,0.10148328
0,0,0.14533767
0,0,0.11273756
0,0,0.10137638
0,0,0.2824319
0,0,0.08152681
0,0,0.27310872
1,1,0.62767595
0,0,0.104848534
1,0,0.10553358
0,0,0.23319256
0,0,0.09649623
1,0,0.31537494
1,0,0.102543384
0,0,0.14125644
0,0,0.11706812
0,0,0.061214242
0,0,0.08666447
0,0,0.12351705
0,0,0.12813191
1,0,0.16637209
0,0,0.07064677
1,1,0.713567
0,0,0.053231463
0,0,0.04645616
1,0,0.096543156
0,0,0.18530673
1,1,0.5070612
0,0,0.18755426
0,0,0.030976215
0,0,0.050614502
0,0,0.12257929
0,0,0.13092473
1,1,0.62416416
0,0,0.08468202
0,0,0.29568374
0,0,0.13062531
0,0,0.1961337
0,0,0.062135946
0,0,0.07269239
0,1,0.7584871
0,0,0.08890598
1,0,0.12170852
0,0,0.075293034
0,0,0.07945286
0,0,0.051046185
0,0,0.13191491
0,0,0.22892404
0,0,0.110861376
1,0,0.09136162
1,0,0.10308777
0,0,0.027964087
0,0,0.15749937
0,0,0.14445618
0,0,0.1347364
0,0,0.06435018
0,0,0.20094146
0,0,0.1251488
0,0,0.165734
0,0,0.14481924
1,0,0.3245119
0,0,0.13058385
0,0,0.09975241
0,0,0.15201196
1,0,0.10065834
0,0,0.09646555
1,0,0.24023108
1,1,0.6312771
0,0,0.095179856
0,0,0.124518126
0,0,0.20329112
0,0,0.10297489
0,0,0.08543805
1,0,0.25612867
1,1,0.7154659
0,0,0.08915003
0,0,0.061077483
0,0,0.033611514
1,0,0.1343272
1,0,0.12584038
0,0,0.08169366
0,0,0.11642728
0,0,0.10176756
0,0,0.13018422
0,0,0.09352312
0,0,0.07913305
0,0,0.12963948
1,0,0.18036793
0,0,0.070642665
0,0,0.08432362
1,0,0.3061271
1,1,0.6331013
0,0,0.061997242
0,0,0.1623684
0,0,0.11532069
0,0,0.09190985
0,0,0.09177091
0,0,0.20685776
0,0,0.1486779
0,0,0.08103574
0,0,0.055416837
0,0,0.0873786
0,0,0.099423625
0,0,0.04861388
0,0,0.15067047
0,0,0.08571197
0,0,0.10140041
0,0,0.20929955
0,0,0.24395102
0,0,0.10432665
0,0,0.25088245
1,0,0.1952912
0,0,0.11392337
0,0,0.06922588
0,0,0.09827366
0,0,0.1890759
0,0,0.12688579
1,1,0.7150308
0,0,0.13844314
1,0,0.1748652
0,0,0.12674344
1,0,0.122266
0,0,0.23628774
0,0,0.246107
0,0,0.10730874
0,0,0.09351518
0,0,0.17594063
0,0,0.3039012
0,0,0.058311336
0,0,0.08324775
0,0,0.11627649
0,0,0.20298947
0,0,0.05049583
0,0,0.06601874
0,0,0.2816908
0,0,0.106805086
0,0,0.08059248
1,1,0.73720807
0,0,0.2511448
0,1,0.75326383
0,0,0.10722298
1,0,0.24451958
0,0,0.057847127
0,0,0.324503
0,0,0.2583779
0,0,0.12091563
0,0,0.15024742
1,1,0.7217384
0,0,0.14270155
0,0,0.05508545
1,0,0.36062294
0,0,0.09684473
0,0,0.07591526
0,0,0.21078233
0,0,0.073955014
1,1,0.7619697
0,0,0.070280544
0,0,0.049379297
0,0,0.078844324
1,0,0.34356776
0,0,0.085666984
0,0,0.059021436
0,0,0.15950993
0,0,0.18702212
0,0,0.27969685
0,0,0.07651139
0,0,0.06824902
0,0,0.088066556
0,0,0.053444915
0,0,0.27484858
0,0,0.04215138
0,0,0.06578274
0,0,0.09612629
0,0,0.05612728
0,0,0.03851271
0,0,0.097414546
1,1,0.72389287
0,0,0.10121962
0,0,0.0547132
1,0,0.0650056
0,0,0.17852071
1,1,0.65647763
0,0,0.06686149
0,0,0.065358154
0,0,0.09974353
0,0,0.13219532
1,0,0.14227994
0,1,0.6533659
0,0,0.301506
0,0,0.111022845
0,0,0.056426458
1,1,0.734154
0,0,0.08597134
1,0,0.3441844
1,1,0.67904276
0,0,0.089907415
0,0,0.3368702
1,1,0.6651325
0,0,0.078511305
0,0,0.053857345
0,0,0.098441616
0,0,0.07666584
0,0,0.15485011
0,0,0.14313364
0,0,0.121110596
0,0,0.124875106
0,0,0.31443205
0,0,0.049915507
0,0,0.11469085
0,0,0.08609199
0,0,0.18377458
1,1,0.68680686
0,0,0.21459098
0,0,0.124502294
0,0,0.09888171
1,0,0.32130864
0,0,0.10710922
0,0,0.13706306
0,0,0.06483447
0,0,0.12221231
0,0,0.056549013
0,0,0.05852893
0,0,0.098919764
0,0,0.09779487
0,0,0.11094756
0,0,0.07963243
1,0,0.2826895
0,0,0.121691376
0,0,0.05550964
0,0,0.3841257
0,0,0.073427714
0,0,0.06966503
0,0,0.08456506
0,0,0.043287825
1,0,0.19064695
0,0,0.08914822
1,1,0.7532158
0,0,0.06384251
0,0,0.26365748
0,0,0.10899172
1,1,0.74854195
0,0,0.12870467
0,0,0.090653025
0,0,0.08147671
0,0,0.055542137
0,0,0.07016538
0,0,0.12781191
0,0,0.064895235
0,0,0.046785284
0,0,0.28690228
0,0,0.09631944
0,0,0.18398543
1,1,0.73296815
0,0,0.049730718
1,0,0.14714147
0,0,0.0532892
0,0,0.10416206
0,0,0.08064978
0,0,0.062114105
1,0,0.18153766
0,0,0.3131718
0,0,0.09493122
0,0,0.10748168
0,0,0.1026813
0,0,0.14414243
0,0,0.049683057
0,0,0.10132428
0,0,0.2511448
0,0,0.055332173
0,0,0.119978555
0,0,0.11766611
0,0,0.10410276
0,0,0.14835443
0,0,0.12482553
0,0,0.15385188
1,0,0.346017
0,0,0.06305856
0,0,0.08010029
0,0,0.037914675
0,0,0.11676405
0,0,0.11934354
0,0,0.20861629
0,0,0.2721051
0,0,0.4080434
0,0,0.070293486
1,1,0.6428454
0,0,0.07639599
0,0,0.10328198
0,0,0.28037208
0,0,0.09382854
0,0,0.10532935
0,0,0.063696
0,0,0.1243685
0,0,0.31898153
0,0,0.053995747
0,0,0.03413847
0,0,0.047734108
0,0,0.14211763
1,0,0.117261074
0,0,0.028972907
0,0,0.085492894
0,0,0.08792949
0,0,0.12485432
0,0,0.099487364
0,0,0.21295881
0,0,0.07301999
0,0,0.123446554
0,0,0.065600604
0,0,0.106556855
0,0,0.11449644
0,0,0.18747799
1,0,0.33861518
0,0,0.045343056
0,0,0.026070628
0,0,0.04526996
0,0,0.20067441
0,0,0.13796687
0,0,0.24966362
0,0,0.24007595
0,0,0.15299325
1,0,0.09078859
0,0,0.14634839
0,0,0.09655256
0,0,0.17775168
0,0,0.10278197
0,0,0.07180574
0,0,0.11232364
1,0,0.2399468
1,0,0.054313596
0,0,0.08605771
0,0,0.2487215
0,0,0.15801863
1,1,0.5624332
1,0,0.067563795
1,1,0.5738868
0,0,0.0859438
0,0,0.056672573
0,0,0.29160765
0,0,0.17108452
0,0,0.33334228
0,0,0.15155132
0,0,0.05902246
0,0,0.09953126
1,1,0.611425
0,0,0.13333292
1,0,0.077757075
1,1,0.7563509
0,0,0.027357671
1,1,0.647117
1,0,0.10520149
1,1,0.61682737
0,0,0.1370666
0,0,0.14972016
0,0,0.14384101
0,0,0.19541828
0,0,0.05128854
1,0,0.111793905
1,0,0.37951967
0,0,0.067517206
0,0,0.18063937
0,0,0.209672
0,0,0.08399445
0,0,0.09296352
0,0,0.08242918
0,0,0.09870427
0,0,0.14783798
0,0,0.124405794
1,0,0.2284427
0,0,0.07215005
0,0,0.051652763
1,1,0.66360295
0,0,0.08292411
0,0,0.19476703
0,0,0.05087508
1,0,0.11188726
0,0,0.1891621
0,0,0.052334256
0,0,0.040923808
1,0,0.026874311
0,0,0.039145913
0,0,0.14082009
0,0,0.12850714
0,0,0.10072959
0,0,0.13078792
0,0,0.32553568
0,0,0.15615298
0,0,0.1085372
0,0,0.14474058
0,0,0.1666076
0,0,0.11016928
0,0,0.08257594
0,0,0.1110375
0,0,0.07590501
1,0,0.37252456
0,0,0.1501472
0,0,0.09663147
0,0,0.08453933
0,0,0.28619018
0,0,0.07047663
0,0,0.023274204
0,0,0.08466173
0,0,0.081034586
0,0,0.10379304
0,0,0.078182384
1,1,0.70918214
1,0,0.23307925
0,0,0.04667758
0,0,0.22755109
0,0,0.074324585
0,0,0.24572094
0,0,0.22623096
0,0,0.18980978
0,0,0.20428163
0,0,0.06740468
0,0,0.18529667
0,0,0.34374052
0,0,0.08869439
0,0,0.09443298
0,0,0.056467723
0,0,0.21090254
0,0,0.04805351
0,0,0.08949047
1,0,0.06040597
0,0,0.17132272
1,0,0.12405607
0,0,0.14590326
0,0,0.1327871
0,0,0.07822075
1,0,0.29636592
0,0,0.09840781
0,0,0.1915889
0,0,0.19715458
0,0,0.0730382
0,0,0.0559061
0,0,0.091390245
1,0,0.18967755
0,0,0.2338166
1,0,0.19516724
0,0,0.09900035
0,0,0.08790263
0,0,0.17339726
1,1,0.73318547
0,0,0.07615609
0,0,0.06351812
1,1,0.5723007
1,0,0.39409068
1,0,0.24660552
0,0,0.04759266
0,0,0.050979435
0,0,0.07308543
0,0,0.085442856
1,0,0.44629025
1,0,0.25907338
0,0,0.099423625
0,0,0.09191212
0,0,0.08841614
0,0,0.16698699
1,0,0.28288195
1,1,0.5292664
0,0,0.08470795
0,0,0.095863536
0,0,0.13687667
0,0,0.14477044
0,0,0.06456195
0,0,0.055376217
1,0,0.2122077
0,0,0.17160529
0,0,0.042615507
0,0,0.11156204
0,0,0.12054766
0,0,0.1072627
0,0,0.14507738
0,0,0.078263134
0,0,0.25418025
0,0,0.1235862
0,0,0.25955907
1,1,0.9440832
0,0,0.07925945
0,0,0.0710488
0,0,0.05674753
1,0,0.3447445
1,1,0.71701896
0,0,0.06477343
1,0,0.052329425
0,0,0.04392598
1,1,0.7436431
0,0,0.070643306
0,0,0.04607663
0,0,0.12571155
0,0,0.10449546
0,0,0.060113437
1,1,0.6779314
0,0,0.16840559
1,1,0.5420261
0,0,0.09085835
0,0,0.08805444
0,0,0.055128787
0,0,0.19369736
0,0,0.18637703
0,0,0.15370595
0,0,0.14849934
0,0,0.09544215
0,0,0.039618306
0,0,0.20161429
1,1,0.7317634
0,0,0.10416206
0,0,0.19973691
0,0,0.060835868
0,0,0.120004825
0,0,0.14194946
0,0,0.13933048
1,0,0.30874956
0,0,0.17091727
0,0,0.13684955
0,0,0.09988935
0,0,0.19505945
0,0,0.10897387
0,0,0.073836036
0,0,0.12706427
0,1,0.60814744
0,0,0.057737943
0,0,0.23340087
0,1,0.6156283
0,0,0.20630282
0,0,0.06823734
0,0,0.04131307
0,0,0.2242127
0,0,0.055315
1,0,0.09851882
0,0,0.20728001
1,0,0.41478324
0,0,0.13546279
0,0,0.124655575
0,0,0.09428073
0,0,0.052107118
1,0,0.26136604
0,0,0.28241804
0,0,0.098593354
0,0,0.05577118
0,0,0.07280664
1,1,0.6490459
0,0,0.10450923
0,0,0.15291384
0,0,0.24084887
0,0,0.09214142
0,0,0.040764187
0,0,0.07159342
0,0,0.08836148
0,0,0.06296791
0,0,0.39046827
0,0,0.06413133
0,0,0.11848417
0,0,0.18781888
0,0,0.059474695
0,0,0.09587619
0,0,0.053981036
0,0,0.08815388
0,0,0.12195439
0,0,0.103151664
0,0,0.04446802
0,0,0.061442226
0,0,0.19079524
0,0,0.1372755
0,0,0.18629313
0,0,0.06688633
0,0,0.08186427
0,0,0.06256127
1,0,0.3555103
0,1,0.6068292
0,0,0.05599003
0,0,0.09513067
1,0,0.22108516
0,0,0.08623668
0,0,0.0720437
0,0,0.222822
0,0,0.11428297
0,0,0.2813442
0,0,0.12456934
0,0,0.11957696
1,0,0.3039012
0,0,0.107672274
0,0,0.3558354
0,0,0.11315369
1,0,0.17807803
1,0,0.20434931
0,0,0.121136844
0,0,0.08795549
0,0,0.09739616
0,0,0.1376554
0,1,0.6344578
0,0,0.039475106
1,0,0.49082205
0,0,0.100805916
0,0,0.44662732
0,0,0.06565254
0,0,0.08879409
0,0,0.08178327
0,0,0.087853566
0,0,0.13931558
0,0,0.19285695
0,0,0.23466848
0,0,0.12231746
1,1,0.65079576
0,0,0.12939785
0,0,0.09476614
0,0,0.12681977
0,0,0.18087663
0,0,0.13750319
1,0,0.37629396
0,0,0.11613314
0,0,0.0790005
1,0,0.06998777
1,0,0.19985768
1,0,0.09088228
0,0,0.12513755
0,0,0.19430523
0,0,0.09423481
0,0,0.047584288
0,0,0.17736998
1,1,0.79183865
0,0,0.0914739
0,0,0.10340118
0,0,0.10620238
0,0,0.08940672
0,0,0.13967767
0,0,0.06250722
0,0,0.1234349
0,0,0.15966518
0,0,0.097133
0,1,0.63374954
0,0,0.10138572
0,0,0.12856452
0,0,0.10270247
0,0,0.055397507
1,0,0.23151986
0,0,0.040621433
1,0,0.11878247
0,0,0.12487829
0,0,0.10530176
0,0,0.05937404
0,0,0.063291036
1,1,0.59868455
0,0,0.09640788
0,0,0.09282989
0,0,0.061300788
0,0,0.30492315
0,0,0.09069051
0,0,0.14431418
0,0,0.25929168
0,0,0.057384893
1,1,0.70596474
0,0,0.043326836
0,0,0.08503009
0,0,0.06537824
0,0,0.09863742
0,0,0.1334197
0,0,0.112074874
0,0,0.16960774
0,0,0.07222257
0,0,0.11103971
0,0,0.037336364
0,0,0.04522806
0,0,0.15780716
0,0,0.097343355
1,1,0.6698192
1,0,0.2992629
0,0,0.05828182
0,0,0.098034225
0,0,0.04755977
0,1,0.63545257
0,0,0.055356786
0,0,0.15486392
0,0,0.23492719
0,0,0.2511448
0,0,0.061923083
0,0,0.078617506
0,0,0.1816845
0,0,0.050869655
1,0,0.178044
0,0,0.1147781
0,0,0.324503
0,0,0.09299726
0,0,0.1378454
0,0,0.30130318
0,0,0.1095412
0,0,0.15731955
0,0,0.03934056
0,0,0.13042533
0,0,0.12151636
0,0,0.4493452
1,0,0.1867733
0,0,0.10542749
0,0,0.09568346
1,1,0.8585218
0,0,0.11440534
0,1,0.61563987
0,0,0.10449446
0,0,0.111787304
0,0,0.20325771
0,0,0.07355327
0,0,0.04583121
1,1,0.62819797
0,0,0.07973751
0,0,0.21405882
0,0,0.047469527
0,1,0.73935884
0,0,0.08156518
0,0,0.100533985
0,1,0.63009655
0,0,0.14491442
0,0,0.10526462
0,0,0.10612805
0,0,0.103151664
0,0,0.13349845
0,0,0.08185386
1,0,0.17051773
0,0,0.12700924
0,0,0.24463618
0,0,0.085607566
0,0,0.094020456
0,0,0.14736323
0,0,0.16894196
0,0,0.3039012
0,0,0.10374103
0,0,0.11590258
0,0,0.073478386
1,0,0.09381525
0,0,0.12584554
1,0,0.08078069
0,0,0.10443677
0,0,0.0889519
0,0,0.22509128
0,0,0.16793211
0,0,0.11293099
1,0,0.31536534
0,0,0.095843166
0,0,0.31119707
0,0,0.08485497
0,0,0.117517136
0,1,0.625394
1,0,0.29817745
0,0,0.11016515
0,0,0.13328415
0,0,0.046928316
0,0,0.093455896
1,1,0.72127396
0,0,0.11480844
0,0,0.15389052
0,0,0.05621815
0,0,0.070195094
0,0,0.2637747
0,0,0.048378784
0,0,0.16894688
0,0,0.24355231
0,0,0.15970004
1,1,0.6900405
0,0,0.07001095
1,1,0.7507009
0,0,0.10306401
0,0,0.09126848
0,0,0.11134524
0,0,0.14684328
0,0,0.2040896
0,0,0.07959482
0,0,0.08473163
1,0,0.09199193
0,0,0.08967162
0,0,0.16726433
0,0,0.066265896
0,0,0.07525806
0,0,0.09476614
1,0,0.31319103
0,0,0.090897955
0,0,0.09023497
1,1,0.6301261
1,0,0.39124784
0,0,0.21292171
1,1,0.6064566
0,0,0.107319586
0,0,0.26026815
1,1,0.76315314
0,0,0.15969422
0,0,0.056163944
0,0,0.039563965
0,0,0.24658562
0,0,0.09888362
0,0,0.1275832
0,0,0.15744647
0,0,0.103052504
0,0,0.16004574
0,0,0.22039664
1,0,0.1970394
0,0,0.09509178
0,0,0.051843885
0,0,0.1749843
1,0,0.25588042
0,0,0.11697724
0,0,0.07439534
0,0,0.10037163
1,0,0.0630877
0,0,0.11318337
0,0,0.07273494
0,0,0.1773006
0,0,0.056898013
0,0,0.122973405
0,0,0.2005319
0,0,0.10281356
0,0,0.2519331
0,0,0.12435643
0,0,0.0818749
0,0,0.20294604
0,0,0.091777235
0,0,0.19840491
0,0,0.07104586
0,0,0.08135004
0,0,0.053868145
0,0,0.20152979
0,0,0.083632976
0,0,0.1440882
0,0,0.10250422
0,0,0.12998253
0,0,0.12082887
0,0,0.13989025
1,1,0.7026387
0,0,0.1161489
1,0,0.107319586
0,0,0.10424663
0,0,0.24606743
0,0,0.2043193
0,0,0.12024996
0,0,0.08085267
0,0,0.09157239
0,0,0.06634645
0,0,0.23492719
0,0,0.10062002
0,0,0.091254145
0,0,0.09133098
1,0,0.28617007
0,0,0.096392766
0,0,0.11035516
0,0,0.08471096
1,1,0.5969982
1,0,0.11264832
0,0,0.04662279
0,0,0.06588643
0,0,0.13726081
0,0,0.06837028
0,0,0.077526145
0,0,0.07793296
0,0,0.09093064
1,0,0.3236517
0,0,0.14729789
0,0,0.10673734
1,0,0.3850618
0,0,0.06935453
0,0,0.115986854
0,0,0.3132528
0,0,0.06932751
0,0,0.027731137
0,0,0.27715528
0,0,0.15339497
0,0,0.14776266
0,0,0.12458313
0,0,0.049677543
0,0,0.104286194
0,0,0.12496196
0,0,0.4028084
1,0,0.18851696
0,0,0.06912922
0,0,0.11507694
0,0,0.108128786
0,0,0.14366391
0,0,0.2359695
0,0,0.079551265
0,0,0.03522174
0,0,0.1498188
0,0,0.09015501
1,0,0.15498838
0,0,0.20721978
0,0,0.293888
0,0,0.05344962
0,0,0.13907069
0,0,0.17566934
0,1,0.52455014
0,0,0.19431266
1,0,0.18702212
0,0,0.27226648
0,1,0.6118341
0,0,0.05211039
0,0,0.062476687
0,0,0.15649474
1,0,0.20116036
0,0,0.060178358
0,0,0.03933634
0,0,0.07995256
1,0,0.23160319
0,0,0.06804993
0,0,0.10419283
0,0,0.061690245
0,0,0.13775522
0,0,0.202476
1,0,0.28955314
0,0,0.13136801
0,0,0.063521765
1,1,0.65672237
0,0,0.10283277
0,0,0.17506672
1,1,0.6372669
0,0,0.13115782
0,0,0.048350133
0,0,0.45465147
0,0,0.0778433
0,0,0.1308553
0,0,0.13212955
1,1,0.6627729
0,0,0.094620496
0,0,0.1924549
0,0,0.26136604
0,0,0.15117738
1,0,0.26184145
1,1,0.63325363
1,1,0.5391009
1,0,0.08384582
0,0,0.08572572
0,0,0.11367259
1,0,0.24624975
0,0,0.074658655
0,0,0.15160298
1,0,0.21285628
0,0,0.23739417
0,0,0.16003606
1,0,0.09380309
0,0,0.18942031
1,0,0.28659058
1,0,0.4920067
0,0,0.080512516
0,0,0.1882447
0,0,0.07654947
0,0,0.09823208
0,0,0.12761162
0,0,0.048598044
0,0,0.24879588
1,0,0.06503298
0,0,0.14557897
0,0,0.061519362
0,0,0.07298103
1,0,0.08012875
0,0,0.10584801
0,0,0.036563378
0,0,0.10560298
0,0,0.18372513
0,0,0.12755981
0,0,0.10811182
1,0,0.1524045
0,1,0.64482725
0,0,0.14990342
0,0,0.27273524
0,0,0.059866916
0,0,0.12917566
1,0,0.12002415
0,0,0.15331218
0,0,0.19422142
0,0,0.18327785
0,0,0.05840176
0,0,0.09082248
0,1,0.6703582
0,0,0.05780913
0,0,0.075604185
0,0,0.15269686
0,0,0.1518336
0,0,0.14451621
0,0,0.13462318
0,0,0.1827408
0,0,0.12055372
1,0,0.21969996
0,0,0.15137856
0,0,0.027769497
1,0,0.33945638
0,0,0.10440572
0,0,0.46287
0,0,0.25145024
1,0,0.39972404
0,0,0.3247741
1,0,0.10259998
0,0,0.048650812
1,1,0.71439546
0,0,0.3131718
0,0,0.052073296
0,0,0.45912623
0,0,0.065367214
0,0,0.06524866
0,0,0.07985486
0,0,0.094992615
0,0,0.21135584
0,0,0.050669104
0,0,0.1074667
0,0,0.20276004
1,1,0.63078475
0,0,0.05260241
0,0,0.05218079
0,0,0.25380212
0,1,0.6408309
0,0,0.055322498
0,0,0.10474969
0,0,0.09258902
0,0,0.10377556
0,0,0.09200681
0,0,0.04003537
0,0,0.21135251
0,0,0.096896365
0,0,0.09346279
1,0,0.26179332
0,0,0.2276086
0,0,0.10125385
0,0,0.12397942
1,0,0.16476911
0,0,0.16638763
0,0,0.097276464
0,0,0.114516206
0,1,0.5575058
0,0,0.090682454
0,0,0.0550321
0,0,0.19334796
0,0,0.1022386
0,0,0.0889524
0,0,0.111151546
0,0,0.13749026
1,0,0.08345744
0,0,0.18263793
0,0,0.07028973
0,0,0.07330536
0,0,0.10117091
0,0,0.07466759
1,0,0.24085407
0,0,0.06655232
0,0,0.07293333
0,0,0.20139226
0,0,0.0842667
0,0,0.13636683
0,0,0.12256658
0,0,0.044727165
0,0,0.059747607
0,0,0.25895542
0,0,0.09600685
0,0,0.12883589
0,0,0.10977673
0,0,0.1474242
0,1,0.68882674
1,0,0.3918947
1,0,0.09745868
0,0,0.14864777
0,0,0.33945638
1,0,0.2659961
1,1,0.52845633
0,0,0.12262968
1,0,0.13389061
0,0,0.10419548
0,0,0.08264449
0,0,0.1587204
0,0,0.08065165
1,0,0.1598565
1,1,0.72978425
0,0,0.08210127
1,0,0.123435244
0,0,0.45148858
0,0,0.10035069
1,0,0.20440161
0,0,0.10061935
0,0,0.073403016
0,0,0.26475486
1,0,0.2516137
0,0,0.14450721
1,0,0.098758705
1,0,0.09988588
0,0,0.096475385
0,0,0.1426785
0,0,0.16474769
0,0,0.10990578
0,0,0.2129557
1,0,0.10420189
0,0,0.07124394
0,0,0.09924679
1,0,0.2152292
0,0,0.049824383
0,0,0.09960183
0,0,0.24886736
1,0,0.15108147
0,0,0.14305674
0,0,0.16698028
0,0,0.14531228
0,0,0.49170065
1,1,0.7109575
0,0,0.13176084
1,0,0.24602053
0,0,0.19399706
0,0,0.11416745
0,0,0.10440572
0,0,0.22704397
0,0,0.10240771
1,0,0.10951625
0,0,0.13347335
1,1,0.505324
0,0,0.18394876
0,0,0.086315855
0,0,0.102114916
0,0,0.14939076
0,0,0.13903002
1,1,0.6278931
1,0,0.08757544
1,0,0.42135528
0,0,0.12596676
0,0,0.13343096
0,0,0.10899148
1,1,0.75420904
0,0,0.104200415
0,0,0.1020229
0,0,0.09965718
0,0,0.38435873
0,1,0.5854362
0,0,0.18059984
1,0,0.33257475
0,0,0.16623479
0,0,0.0907589
0,0,0.44677156
1,0,0.18735959
0,0,0.32482383
0,0,0.22489546
1,0,0.30953965
0,0,0.15179475
0,0,0.09755284
0,0,0.05505047
1,0,0.40471986
0,0,0.13202123
0,0,0.2383532
0,0,0.059286706
1,0,0.059911
0,0,0.12427906
1,1,0.58393437
0,0,0.14482726
0,0,0.10819663
1,0,0.2773522
1,0,0.16973564
1,0,0.46268225
0,0,0.10854997
0,0,0.20142022
0,0,0.20547616
0,0,0.2549133
0,0,0.18114561
1,0,0.077941924
0,0,0.10216724
0,0,0.11199447
0,0,0.07142481
0,0,0.19109522
0,0,0.12968466
0,0,0.066361286
0,0,0.16724117
0,0,0.04501273
1,0,0.12351394
1,0,0.1010644
0,0,0.11041475
0,0,0.11318632
0,1,0.5359541
0,0,0.13674442
1,1,0.6876656
0,0,0.13505217
1,0,0.13045381
0,0,0.13072024
0,1,0.7008841
0,0,0.1433799
0,0,0.10113538
0,0,0.12795812
0,1,0.6815211
0,0,0.074886024
0,0,0.10504025
0,0,0.28424463
0,0,0.079433054
1,1,0.66324013
0,0,0.19320634
0,0,0.23593186
0,0,0.10228058
0,0,0.27823982
0,0,0.15385433
0,0,0.37059245
0,0,0.17193815
0,0,0.08904988
0,0,0.2360156
0,1,0.74051195
0,0,0.11860921
0,0,0.1459767
1,0,0.103810824
0,0,0.06326674
1,0,0.3007376
1,0,0.20254013
1,0,0.21624574
1,0,0.4405941
1,1,0.5846246
0,0,0.13028122
0,0,0.1045735
0,0,0.08356986
0,0,0.057350557
0,0,0.14922963
0,0,0.10540446
0,0,0.23492719
0,0,0.16257313
0,0,0.1506374
1,0,0.38128847
0,0,0.055715498
0,0,0.17220512
0,0,0.17573199
0,0,0.23027278
0,0,0.15814604
0,0,0.10209363
1,1,0.81267667
0,0,0.12567371
0,0,0.10186079
0,0,0.19119702
1,0,0.48631105
0,0,0.1938308
0,0,0.18534702
0,0,0.15610564
0,0,0.20365283
0,1,0.5404228
1,1,0.5535774
0,0,0.18889184
0,0,0.28434318
1,0,0.13642158
1,1,0.793675
1,0,0.1610369
0,0,0.15892088
0,0,0.19004992
0,0,0.15340793
1,0,0.19616458
0,0,0.075476
1,0,0.14393155
1,1,0.61782855
0,0,0.12701768
0,0,0.12568499
0,0,0.13124205
0,0,0.18126963
0,0,0.21673024
1,0,0.3074807
0,0,0.257987
1,0,0.28560415
0,0,0.3743211
0,0,0.11671419
0,0,0.2144254
0,0,0.13435015
1,1,0.79377234
0,0,0.19538505
0,0,0.103873655
1,1,0.79900575
1,0,0.25947928
1,0,0.19706967
0,0,0.13544142
1,1,0.704842
1,0,0.103084594
0,0,0.32976174
0,1,0.61040664
1,1,0.5597375
0,0,0.12732753
0,0,0.3390433
0,0,0.19463086
0,0,0.20150387
1,0,0.20945895
0,0,0.21509255
1,0,0.27903578
0,0,0.3278107
0,0,0.06894733
0,0,0.18478309
0,0,0.19011131
1,1,0.7128471
0,0,0.09607368
0,0,0.25851256
0,0,0.19824769
0,0,0.15241055
0,0,0.12535053
0,0,0.06837028
0,0,0.112230904
0,0,0.10305409
0,0,0.21718502
0,0,0.37886003
0,0,0.12298107
0,0,0.12861142
0,0,0.04455301
0,0,0.040255044
0,0,0.12907442
0,0,0.22836325
1,1,0.6784424
0,0,0.11748862
0,0,0.16780914
0,0,0.2373658
0,0,0.2054869
1,1,0.6538131
0,0,0.3327182
0,1,0.62316674
1,0,0.20794389
1,0,0.4332931
0,0,0.09914862
0,0,0.1997255
1,0,0.12722051
0,0,0.10476709
0,0,0.23535058
0,0,0.08824215
0,0,0.21502282
0,0,0.18465827
0,0,0.13199116
1,0,0.12998952
1,0,0.099026926
0,0,0.121420875
0,0,0.49514687
0,0,0.1076553
0,0,0.044525027
0,0,0.13358694
1,1,0.62471116
0,0,0.13824774
0,0,0.09637737
0,0,0.12512378
1,0,0.45438004
0,0,0.06660389
0,1,0.7803494
0,0,0.05271288
0,0,0.15816054
1,0,0.37472004
0,0,0.06389412
0,0,0.20837425
0,0,0.1658783
1,0,0.37099394
0,0,0.13042289
0,0,0.07949735
0,0,0.08798345
0,0,0.18662179
0,0,0.09655892
0,0,0.063521065
0,0,0.1784036
0,0,0.06762243
1,0,0.2703154
0,0,0.12927794
0,0,0.15197113
0,0,0.13169895
0,0,0.08374595
1,0,0.33858535
0,0,0.1898476
0,0,0.10028131
1,0,0.37437424
0,0,0.13910216
1,0,0.44925213
1,0,0.2950553
1,1,0.51043576
0,0,0.48266312
0,0,0.09138939
0,0,0.26339972
0,0,0.11003782
0,0,0.0870169
1,0,0.3999325
1,0,0.13922895
0,0,0.08548406
1,1,0.66490644
0,0,0.15722033
0,0,0.19052446
0,0,0.08734907
0,0,0.068340585
0,0,0.17422916
0,0,0.13495417
0,0,0.06357977
0,0,0.21889809
0,0,0.12794928
1,0,0.16342407
0,0,0.048208255
0,0,0.33758268
0,0,0.27575332
0,0,0.08649511
1,1,0.6886209
1,0,0.19733414
0,0,0.1393871
0,0,0.15403903
1,0,0.11513453
0,0,0.097387336
0,0,0.10822132
0,0,0.1871669
0,0,0.08549116
1,1,0.70340866
0,1,0.6889725
0,0,0.21203513
0,0,0.16805921
1,0,0.113075085
0,0,0.079958245
0,0,0.38660324
0,0,0.032638744
1,0,0.3684303
0,0,0.059010383
0,0,0.100786105
1,1,0.7252527
0,1,0.64238924
0,0,0.09275531
0,0,0.06365391
1,0,0.12882635
0,0,0.18568753
0,0,0.11228407
0,0,0.061925307
0,0,0.3270431
0,0,0.048515797
0,0,0.079650626
0,0,0.095643215
0,0,0.07478753
0,0,0.11739371
0,0,0.08020805
0,0,0.19987397
0,0,0.09476614
1,1,0.8172858
0,0,0.2550297
1,1,0.5666381
0,0,0.10691158
0,0,0.2584808
0,0,0.041923616
0,0,0.030742796
1,0,0.14081867
0,0,0.06303208
0,0,0.12913491
0,0,0.24771969
0,0,0.10876422
1,0,0.099663116
0,0,0.11443171
0,0,0.20295085
0,0,0.121510066
0,0,0.111352965
1,0,0.3039012
0,0,0.1271204
0,0,0.054972373
0,0,0.095796525
0,0,0.29996103
0,0,0.114676476
0,0,0.102712005
0,0,0.08389722
1,0,0.48990178
0,0,0.1405445
0,0,0.10125702
1,0,0.13028377
1,0,0.25737125
0,0,0.061769366
0,0,0.06504301
0,0,0.06806726
0,0,0.048616182
0,0,0.16408922
0,0,0.06811186
0,0,0.24969092
0,0,0.0765174
0,0,0.15146379
0,1,0.5243705
0,0,0.13270894
0,0,0.06554146
0,0,0.14966926
0,0,0.26650682
1,1,0.6039821
1,1,0.65500814
0,0,0.13460895
0,0,0.45466754
1,1,0.7801275
0,0,0.04040691
0,0,0.27474803
0,0,0.12685476
1,0,0.23485032
0,0,0.23679636
0,0,0.119259834
1,0,0.32130864
0,0,0.049040247
1,1,0.66404396
0,0,0.05239274
0,0,0.12612292
0,0,0.07948488
0,0,0.12531398
0,0,0.12484156
0,0,0.2509894
1,0,0.42899147
1,0,0.19106603
0,0,0.12526229
0,0,0.06591077
0,0,0.064266205
1,1,0.5890508
0,0,0.07308389
0,0,0.080449946
0,0,0.24953325
0,0,0.052042503
0,0,0.087535
0,0,0.13083592
0,0,0.08034669
0,0,0.07095081
0,0,0.38596278
0,1,0.720423
0,0,0.053656645
0,0,0.048761226
1,0,0.22210597
1,0,0.07658381
0,0,0.08536425
0,0,0.06850837
0,0,0.07249264
0,0,0.051022965
1,1,0.6032023
0,0,0.04789482
1,0,0.23567753
0,0,0.39252338
0,0,0.17323698
0,0,0.14964265
0,0,0.13497007
1,0,0.21432866
0,0,0.1725389
0,0,0.07471425
1,0,0.33945638
0,0,0.07294044
0,0,0.13856208
0,0,0.12027307
0,0,0.09660325
0,0,0.03702087
0,0,0.087451786
0,0,0.09164073
0,0,0.1076972
0,0,0.104665905
0,0,0.07450391
0,0,0.4094053
0,0,0.076856166
0,0,0.105233565
1,0,0.16064127
1,1,0.7331638
0,0,0.07022362
0,0,0.41807652
0,0,0.19821744
0,0,0.24996212
1,0,0.2152839
0,0,0.07333168
1,0,0.064895436
0,0,0.20850135
0,0,0.0963568
0,0,0.09322873
1,1,0.6661897
0,0,0.040163703
0,0,0.08631
0,0,0.28076917
1,0,0.48735094
1,0,0.1805447
0,0,0.101640984
1,0,0.11643611
0,0,0.037703793
1,1,0.6571876
0,0,0.26136604
1,0,0.26394233
0,0,0.09898078
1,0,0.17293364
0,0,0.04535949
0,0,0.120627806
0,0,0.054189455
1,1,0.56693625
1,0,0.26782864
0,0,0.13050634
0,0,0.105377555
0,0,0.27090555
1,1,0.69758373
0,0,0.1168516
0,0,0.15119436
0,0,0.05087342
0,0,0.19767466
0,0,0.17440191
0,0,0.08365152
0,0,0.04049031
0,0,0.09612659
0,0,0.061274376
0,0,0.049274057
0,0,0.097328275
0,0,0.06281542
0,0,0.10578868
0,0,0.093704164
0,0,0.051527105
0,0,0.054963555
0,0,0.2406062
1,0,0.32130864
0,0,0.12404524
0,0,0.053950533
0,0,0.07102715
0,0,0.050489295
1,0,0.3867102
0,0,0.07340901
0,0,0.048356168
0,0,0.052420564
1,0,0.21378267
0,0,0.09788424
0,0,0.038170632
0,0,0.08377129
0,1,0.6811773
0,0,0.06444119
0,0,0.13083592
0,0,0.097276464
0,0,0.102034084
0,0,0.04369854
0,0,0.08368862
0,0,0.23522064
0,0,0.058266744
0,0,0.116434395
0,0,0.07751455
0,0,0.035525326
0,0,0.28622612
0,0,0.11430799
0,0,0.0803734
0,0,0.31536534
0,0,0.027827073
0,0,0.050812855
1,1,0.7341223
0,0,0.052439455
0,0,0.2332181
0,0,0.064385645
0,0,0.2381925
0,0,0.13098918
0,0,0.1678072
0,0,0.20878993
0,0,0.14113556
1,0,0.40285563
0,0,0.21433909
0,0,0.06691278
0,0,0.23943278
0,0,0.06510701
0,0,0.3680942
0,0,0.10563856
0,0,0.05312131
1,0,0.286829
0,0,0.10686035
0,0,0.09600656
0,0,0.06551783
0,0,0.1016303
0,0,0.13189365
0,0,0.11206581
1,0,0.30787832
0,0,0.18572606
0,0,0.085977204
0,0,0.17284782
0,1,0.63935083
0,0,0.07133252
0,0,0.20687898
1,1,0.62671417
1,0,0.17059304
0,0,0.16436893
0,0,0.12699495
0,0,0.13912793
0,0,0.06325545
0,0,0.06384637
1,1,0.8046528
0,0,0.1485933
0,0,0.18303923
0,0,0.15113577
0,0,0.04600093
1,0,0.14631271
0,0,0.054623153
0,0,0.11420279
0,0,0.10218336
1,0,0.20293808
0,0,0.088929586
0,0,0.08330709
0,0,0.21617712
1,1,0.6274627
0,1,0.6941885
1,0,0.31084934
0,0,0.088031314
0,0,0.168131
0,0,0.16435064
1,1,0.71260196
0,0,0.12680787
0,0,0.124315985
0,0,0.21390235
1,0,0.09927951
0,0,0.10827578
1,0,0.140862
0,0,0.15342152
0,0,0.18608788
0,0,0.07300379
0,0,0.17206612
0,0,0.18818972
0,0,0.03007223
1,0,0.31536534
0,0,0.22162727
1,1,0.7785277
0,0,0.057709243
0,0,0.07124394
1,1,0.73752123
0,0,0.13967597
0,0,0.03250166
1,0,0.10240771
0,0,0.07676905
0,0,0.07241473
0,1,0.65178216
0,0,0.066580534
0,0,0.097045176
0,0,0.07916001
0,0,0.098963976
1,1,0.72879905
0,0,0.053018548
1,0,0.36082044
0,0,0.21156324
0,0,0.07475408
0,0,0.46406516
1,0,0.17334104
0,0,0.06968869
0,0,0.26525798
1,1,0.64562833
0,0,0.16916151
0,0,0.12987046
0,0,0.10637042
0,0,0.061003927
0,0,0.069543384
0,0,0.09575121
0,0,0.19173701
0,0,0.09986003
0,0,0.09131822
1,0,0.20833364
0,0,0.1864911
0,0,0.14789797
0,0,0.25561008
1,0,0.18691184
0,0,0.19990364
0,0,0.106736116
0,0,0.077083364
0,0,0.12502787
1,0,0.29454264
1,1,0.5519136
1,0,0.14337064
0,0,0.12457137
0,0,0.066908464
0,0,0.23963158
0,0,0.26595923
0,0,0.07353464
0,0,0.113296784
1,0,0.08765027
0,0,0.09125497
1,0,0.31012896
1,1,0.7483089
0,0,0.06769433
0,0,0.13150728
0,0,0.20676893
0,0,0.18419701
0,0,0.046793994
0,0,0.08460306
1,0,0.2343422
0,0,0.04056841
1,0,0.2594058
0,0,0.07246741
0,0,0.06441728
0,0,0.0639532
0,0,0.040888842
1,1,0.7270022
0,0,0.10302772
0,0,0.12620309
1,1,0.77482265
0,0,0.106913775
0,0,0.08970578
0,0,0.1397094
0,0,0.23093084
0,0,0.09496281
1,0,0.05527201
0,0,0.052792117
0,0,0.12298082
0,0,0.089135155
1,1,0.71350914
0,0,0.31863236
0,0,0.28829327
0,0,0.047171608
0,0,0.0801332
1,1,0.7942658
0,0,0.1479395
1,1,0.6511626
1,1,0.7615084
1,0,0.20922223
1,0,0.21141073
1,1,0.7368523
0,0,0.054960765
0,0,0.12428183
0,1,0.74369013
0,0,0.17922242
0,0,0.20993336
0,0,0.27897668
1,0,0.19066198
0,0,0.28037208
0,0,0.06513832
0,0,0.0949894
0,0,0.09755795
0,0,0.20548871
0,0,0.2601421
0,0,0.14045595
0,0,0.08992337
0,0,0.31700775
0,0,0.06270132
1,1,0.5868844
0,0,0.09013056
0,0,0.08474069
0,0,0.0754557
0,0,0.07922827
0,0,0.06210149
1,0,0.18796888
0,0,0.21424505
0,0,0.087186575
0,0,0.065693945
0,0,0.100167915
1,0,0.24296822
0,1,0.7244563
0,0,0.23719333
1,1,0.82006645
1,0,0.14873226
0,0,0.060837857
1,1,0.6479739
1,0,0.38226303
0,0,0.09092552
1,0,0.28442952
0,0,0.1382814
0,0,0.15634713
0,0,0.13569716
0,0,0.08512469
0,0,0.14125085
0,0,0.13305135
0,0,0.21691276
0,0,0.06611703
0,0,0.09257355
0,0,0.13910225
1,0,0.35008168
0,0,0.141782
1,1,0.6749181
0,0,0.07575096
1,1,0.7118614
0,1,0.72703993
0,0,0.07201761
1,1,0.75247985
1,0,0.49940965
0,0,0.10990778
0,0,0.09258902
0,0,0.09437004
1,1,0.89387256
1,0,0.23612864
0,0,0.048034787
1,0,0.13349901
0,0,0.23502183
0,0,0.07483738
0,0,0.059954
1,0,0.49553788
0,0,0.16837123
1,1,0.6750361
0,0,0.034550533
0,0,0.20932677
0,0,0.06266724
0,0,0.073301636
0,0,0.2994563
1,0,0.11072762
0,0,0.065616414
0,0,0.18558502
0,0,0.07323929
0,0,0.14062834
0,1,0.6311057
1,0,0.14608823
1,0,0.14595878
0,0,0.06178316
0,0,0.10324723
0,0,0.22283785
0,0,0.029723952
0,0,0.061937436
0,0,0.15896653
0,0,0.0843705
0,0,0.080388114
0,0,0.1462111
1,0,0.4206921
0,1,0.72248656
0,0,0.08970779
0,0,0.09525873
0,0,0.103983745
0,0,0.17551287
1,1,0.70024115
0,0,0.09561101
0,1,0.5094308
1,1,0.70325226
1,1,0.67528373
0,0,0.19717948
0,0,0.21268143
0,0,0.094722524
1,1,0.74910825
0,0,0.07265519
0,0,0.1132017
0,0,0.063974045
0,0,0.034014378
0,0,0.06324743
1,0,0.28414458
0,0,0.17867771
0,0,0.075184375
1,1,0.7227067
0,0,0.43180352
1,0,0.14252573
0,0,0.14739607
0,0,0.07700428
0,0,0.3918947
0,0,0.13630499
0,0,0.08324775
1,0,0.22814478
0,0,0.07922401
0,0,0.13237645
0,0,0.08074154
1,0,0.15080544
0,0,0.106935136
0,0,0.07517811
0,0,0.2758962
0,0,0.035479542
0,0,0.16533203
0,0,0.09937379
1,0,0.31536534
0,0,0.19320716
1,0,0.18013623
1,1,0.51684016
0,0,0.028247198
0,0,0.0833212
0,0,0.14532599
0,0,0.06507689
0,0,0.08246823
0,0,0.05963119
0,0,0.060834482
0,0,0.08297903
0,0,0.18404111
0,0,0.46877983
0,0,0.08709988
0,0,0.18723524
0,0,0.26662433
0,0,0.04471308
0,0,0.1575315
1,0,0.15725496
0,0,0.1075705
0,0,0.19757567
0,0,0.10998568
0,0,0.2315774
0,0,0.19470519
1,0,0.41637078
1,0,0.101950906
0,0,0.08423632
0,0,0.22043608
0,0,0.026978072
0,0,0.13046874
0,0,0.075196296
0,0,0.14959952
1,0,0.08620206
0,0,0.14392567
0,0,0.079865366
0,0,0.06735006
0,0,0.13662475
0,0,0.24093647
0,0,0.07400105
0,0,0.07863608
1,1,0.65160644
0,0,0.091137916
0,0,0.081234336
0,0,0.15132031
0,0,0.13611858
0,0,0.11549463
0,0,0.065092705
0,0,0.1035589
0,0,0.060128838
1,0,0.10725307
0,0,0.11259781
1,0,0.12920175
0,0,0.10488032
0,0,0.23437712
1,0,0.16025317
0,0,0.15345703
0,0,0.1646196
1,1,0.69004196
1,1,0.5419134
0,0,0.16994894
0,0,0.19536707
0,0,0.05080321
0,0,0.10891686
0,0,0.107804336
0,0,0.455703
1,0,0.14408681
0,0,0.10790145
0,0,0.10590384
0,0,0.21424778
0,0,0.25510654
0,0,0.04488497
0,1,0.7077653
0,0,0.1997255
0,0,0.046761215
0,0,0.0728356
0,0,0.033517595
1,1,0.61757773
0,0,0.099913575
1,0,0.1685013
1,0,0.18649451
0,0,0.086891234
0,0,0.09573047
0,0,0.09356867
0,0,0.13917223
0,0,0.051280756
0,0,0.079167016
0,0,0.06968474
0,0,0.06451678
1,1,0.71501017
0,0,0.09857297
1,1,0.6346144
0,0,0.12401138
0,0,0.19769624
1,0,0.11300723
0,0,0.032003827
0,0,0.03387553
0,0,0.08475693
1,1,0.63454455
0,0,0.056815423
0,0,0.049946044
0,0,0.20925938
0,0,0.29732618
0,0,0.21147656
0,0,0.13730985
0,0,0.20231543
0,0,0.08369717
0,0,0.16943803
0,0,0.057568308
0,0,0.10480697
0,1,0.60226184
0,0,0.20377979
0,0,0.104679435
0,0,0.091921315
0,0,0.09526818
0,0,0.10593446
0,0,0.1108226
0,0,0.06861111
0,0,0.13457234
0,0,0.10689209
1,0,0.293888
1,0,0.13506684
0,0,0.084048904
0,0,0.13700195
1,0,0.28619018
0,0,0.29178017
0,0,0.10725873
0,0,0.09458417
0,0,0.13123624
1,0,0.11425274
1,0,0.043733448
0,0,0.22445716
1,0,0.46045697
1,0,0.17088097
0,0,0.08815411
1,0,0.1409114
1,0,0.12793852
0,0,0.15986726
0,0,0.10499845
1,0,0.120621696
0,0,0.097068764
0,0,0.16021493
0,0,0.032636706
0,0,0.031685315
0,1,0.6568869
1,1,0.7707984
1,0,0.41463974
0,0,0.3429416
0,0,0.13403487
0,0,0.06414948
0,0,0.101770066
0,0,0.078832395
0,0,0.14333054
1,0,0.47276363
0,0,0.1679713
0,0,0.07184054
0,0,0.091748126
1,1,0.6507829
1,0,0.42213294
0,0,0.20448197
0,0,0.16812438
0,0,0.14791085
1,0,0.30134422
0,1,0.7426552
0,0,0.067589514
0,0,0.1397794
0,0,0.06388757
0,0,0.03576923
0,1,0.5004706
0,0,0.12757751
0,0,0.16588457
0,0,0.11524773
1,1,0.8638484
0,0,0.16931586
0,1,0.62489945
1,1,0.66480553
0,0,0.088605404
0,0,0.11133614
1,1,0.722663
0,0,0.061274376
0,0,0.12736171
0,0,0.4039437
0,0,0.2507178
0,0,0.11947603
0,0,0.11647006
0,0,0.035766214
1,0,0.32545307
0,1,0.61994624
0,1,0.5762402
1,1,0.7275636
1,1,0.68375516
1,0,0.14704883
0,0,0.11389167
0,0,0.16307811
0,0,0.11752712
0,0,0.14014739
0,0,0.14624877
0,0,0.15362185
1,0,0.15500472
0,0,0.4402644
1,0,0.25218585
0,0,0.13147588
0,0,0.26345542
1,1,0.79174817
1,1,0.65494174
0,0,0.16624174
1,0,0.117325105
0,0,0.122392505
0,0,0.15318577
0,0,0.0729257
0,0,0.07034963
1,0,0.11045986
1,0,0.10623044
0,0,0.098623976
1,1,0.63293386
0,1,0.5311385
1,0,0.3960268
0,0,0.069177486
0,0,0.14935787
0,0,0.07745887
0,0,0.16633469
0,0,0.17957938
0,0,0.31755757
0,0,0.10254165
0,0,0.06636144
1,0,0.10835916
0,0,0.46894845
1,0,0.29275241
1,0,0.3731838
0,0,0.29862863
0,0,0.11130248
1,0,0.49486494
1,0,0.09682912
0,0,0.0494993
0,0,0.28316924
0,0,0.11597049
0,0,0.049790062
0,0,0.1362538
1,1,0.643346
0,0,0.1333366
1,1,0.6595602
1,1,0.8241142
0,0,0.17609528
0,0,0.10724713
1,0,0.12373717
1,0,0.1033815
0,0,0.09231296
0,0,0.37314507
1,0,0.17691918
0,0,0.36508286
1,0,0.09705161
0,0,0.208458
1,0,0.30923232
1,1,0.69972044
1,1,0.5445169
1,0,0.40938464
0,0,0.08902525
0,0,0.08522762
1,1,0.58827955
1,1,0.5691121
0,0,0.17920092
1,1,0.6953394
0,0,0.12324363
0,0,0.09889407
0,0,0.12997524
0,0,0.27084014
0,0,0.06593964
0,0,0.16758767
0,0,0.097136654
1,0,0.13300705
0,0,0.42930278
0,0,0.47830573
0,0,0.10854697
0,0,0.24793078
1,0,0.21957132
0,0,0.15801911
0,0,0.09555351
0,0,0.11533226
0,0,0.06924937
0,0,0.13738666
0,0,0.15336494
0,0,0.16302706
1,0,0.28836846
0,0,0.14255652
1,1,0.53600585
1,1,0.6615172
0,1,0.6197198
0,0,0.14185552
0,0,0.09225767
1,0,0.121032186
1,0,0.37619326
0,0,0.30428517
1,0,0.2237217
0,0,0.095087685
1,0,0.41070607
0,0,0.057278458
0,0,0.1852501
1,0,0.1386253
0,0,0.12350346
0,0,0.19049741
1,0,0.16623278
0,0,0.10177525
0,0,0.07113075
0,0,0.2511448
1,1,0.74251616
0,0,0.1039173
0,0,0.1377312
0,0,0.042603213
0,0,0.09440085
0,0,0.24827458
0,0,0.15225695
1,0,0.13523531
0,0,0.09821606
0,0,0.09350726
0,0,0.10098312
0,0,0.10098369
0,0,0.12830645
1,1,0.7286105
1,0,0.34585294
0,0,0.049287196
1,1,0.71001005
0,0,0.14850232
0,0,0.1897834
1,1,0.72326815
1,0,0.19390027
0,0,0.14591375
0,0,0.11582689
0,0,0.10341645
1,1,0.6392724
0,0,0.1721235
0,0,0.10940219
0,0,0.11391728
1,0,0.44077155
0,0,0.14440592
0,0,0.1401281
1,1,0.67989516
1,1,0.62442774
0,0,0.26205614
0,0,0.17686568
0,0,0.17341007
1,0,0.12313779
0,0,0.26097515
0,0,0.19992311
0,0,0.30096388
0,0,0.46186113
0,0,0.1782793
0,0,0.1649143
0,0,0.10603115
1,0,0.48920116
0,0,0.09138939
0,0,0.07335614
0,0,0.0998025
0,0,0.13979469
0,0,0.096166
0,0,0.09398922
0,1,0.73418987
0,0,0.18675986
0,0,0.35647207
1,1,0.6021487
1,1,0.64079154
0,0,0.14106557
1,0,0.13913225
0,1,0.62463784
0,0,0.40305236
1,1,0.71834975
0,0,0.26316229
1,0,0.12834075
0,0,0.3872538
1,0,0.4740852
1,1,0.75656873
1,0,0.23529486
0,0,0.08760793
0,0,0.13158259
1,0,0.20706907
0,0,0.32376727
1,0,0.35291195
0,0,0.30784938
0,0,0.13534008
1,0,0.24074955
0,0,0.12487976
0,1,0.6115783
0,0,0.10044008
0,0,0.20953521
0,0,0.087386966
0,0,0.08981661
0,0,0.174341
0,0,0.30126446
0,0,0.3944904
1,1,0.606907
0,0,0.095732525
0,0,0.33034125
0,0,0.15911175
1,0,0.17235945
1,0,0.13107403
0,0,0.20172992
0,0,0.091836356
0,0,0.061210483
0,0,0.054917634
0,0,0.15710808
0,0,0.14600937
0,0,0.09664822
1,1,0.5006874
0,0,0.09544533
0,0,0.246107
0,0,0.30280763
0,0,0.19107753
1,1,0.7108784
0,0,0.24450792
1,1,0.5447191
0,0,0.43620864
0,0,0.08095294
1,0,0.13666372
0,0,0.07423792
1,0,0.15092243
0,0,0.16095689
0,0,0.1588051
0,0,0.11803697
0,0,0.14002816
0,0,0.18294299
0,0,0.08059307
0,0,0.2583019
0,0,0.10037163
0,0,0.09367853
1,1,0.67555445
0,0,0.26194233
1,0,0.39173797
1,0,0.23305172
0,0,0.41444567
0,1,0.6254087
0,0,0.2544982
0,0,0.21285675
0,0,0.25175422
1,0,0.25963202
0,0,0.10265085
0,0,0.09902516
1,1,0.77147686
0,0,0.26639637
0,0,0.21665053
0,0,0.24783805
0,0,0.051783737
0,0,0.12683101
1,1,0.7291301
0,0,0.22030269
0,0,0.10732107
1,0,0.13528122
0,0,0.13178217
0,0,0.16513485
0,1,0.730468
0,0,0.187312
0,0,0.13284929
0,0,0.1135462
0,0,0.10191933
1,1,0.6976663
1,1,0.58016634
0,0,0.15285861
0,0,0.2648823
0,0,0.0952778
0,0,0.06916221
0,0,0.09844905
1,0,0.18012117
0,0,0.1440476
0,0,0.13238055
1,0,0.11773202
0,0,0.3912784
1,1,0.61240745
0,0,0.10351299
0,0,0.11460615
0,0,0.3984156
0,0,0.1402578
0,0,0.10081052
0,0,0.21377322
1,0,0.3074807
0,0,0.22354172
0,0,0.0854622
0,0,0.131352
0,0,0.10362762
0,0,0.06362275
1,0,0.19968088
1,1,0.62403595
0,0,0.077254705
0,0,0.38790497
0,0,0.0710309
0,0,0.12666708
0,0,0.17246848
0,0,0.12023435
0,0,0.10416206
0,0,0.16443798
0,0,0.1471743
0,0,0.09128127
0,0,0.06945553
0,0,0.030265046
0,0,0.12870467
0,0,0.1366956
0,0,0.1751001
0,0,0.14683154
1,1,0.73508483
0,0,0.16443798
0,0,0.100354664
0,1,0.55635846
0,0,0.1140578
0,0,0.12400833
0,0,0.08192407
0,0,0.087704696
0,0,0.14638169
1,1,0.6677153
1,1,0.6894688
0,0,0.14375186
0,0,0.04280563
0,0,0.19488639
1,0,0.2679458
0,0,0.1207163
0,0,0.09984182
1,0,0.2510966
0,0,0.06765636
0,1,0.63581246
0,0,0.18806191
0,0,0.15006432
1,0,0.39589253
0,0,0.3080299
0,0,0.08892746
0,0,0.058539733
0,0,0.092594504
0,0,0.08887677
0,0,0.09194432
0,0,0.103007644
0,0,0.28047955
0,0,0.065954626
0,0,0.12696643
1,0,0.18788382
0,0,0.05876921
0,0,0.16195254
1,1,0.6440392
0,0,0.09946739
0,0,0.05912603
0,1,0.5013419
0,0,0.08179434
0,0,0.06399302
0,0,0.09635566
1,0,0.17560345
0,0,0.07915261
0,0,0.10423944
0,0,0.12449065
1,0,0.16950622
0,0,0.41084072
1,1,0.6495136
0,0,0.33665073
0,1,0.6736362
0,0,0.43105638
0,0,0.20200782
0,0,0.03941153
1,1,0.74529344
0,0,0.101060525
0,0,0.37988007
0,0,0.0828574
0,1,0.6166408
0,0,0.1894644
0,1,0.62623805
1,1,0.6923142
1,0,0.21384877
0,0,0.13875355
0,0,0.06995572
0,0,0.120992035
1,1,0.7689788
1,1,0.6110058
0,0,0.17166542
0,0,0.11607003
0,0,0.08235155
0,0,0.087681234
0,0,0.37012312
0,0,0.14650758
0,0,0.15818569
0,0,0.10847843
0,0,0.07187813
1,0,0.1403426
0,0,0.124281876
0,0,0.20453936
0,0,0.061640453
0,0,0.3015687
0,0,0.031484284
0,0,0.06399546
1,0,0.17117809
0,0,0.09660217
0,0,0.06799158
0,0,0.4320991
0,0,0.071716204
0,0,0.3308312
0,0,0.0613357
0,0,0.07904567
0,1,0.6401036
0,0,0.05376424
1,0,0.099558115
0,0,0.04823445
0,0,0.2036217
0,0,0.3807942
0,0,0.10575307
0,0,0.037204262
0,0,0.13698898
0,0,0.08463192
0,0,0.08431315
0,0,0.06013509
0,0,0.0842383
0,0,0.09286194
0,0,0.058877353
0,0,0.14902091
0,0,0.06441505
0,0,0.09211436
0,0,0.05269982
0,0,0.13829827
0,0,0.046369117
0,0,0.118757956
0,0,0.11143638
0,0,0.10581586
0,0,0.071870096
0,0,0.047758084
1,0,0.3039012
0,0,0.18685181
0,0,0.11200587
1,0,0.10881462
0,1,0.74303734
0,0,0.10958865
1,1,0.70210165
0,0,0.052654505
1,0,0.2511448
0,0,0.07517184
0,0,0.43629158
0,0,0.22055636
0,0,0.09299772
1,0,0.42977074
0,0,0.07668582
0,0,0.09842899
0,1,0.616775
0,0,0.11175823
0,0,0.11851707
0,0,0.29876637
1,1,0.66074026
0,1,0.64942354
0,0,0.08119337
1,1,0.6127394
0,0,0.10092475
0,0,0.072190925
0,0,0.22144122
0,0,0.13847326
1,0,0.24569759
0,0,0.048897516
0,0,0.15493779
0,0,0.06799129
0,0,0.057025265
0,0,0.063776195
0,0,0.25294268
0,0,0.061776295
0,0,0.20738567
0,0,0.17203513
0,0,0.35379168
0,0,0.065819494
0,0,0.05168881
1,0,0.42932373
0,0,0.25273716
0,0,0.07493873
0,0,0.129142
1,0,0.09900035
0,0,0.40437195
0,0,0.072183356
0,1,0.6598742
1,1,0.7599395
0,0,0.22214325
0,0,0.11850018
0,0,0.23507763
0,0,0.20161313
1,0,0.12885813
0,0,0.07550089
0,0,0.28429782
0,0,0.3271136
0,0,0.08690122
0,0,0.17720068
0,0,0.099819
0,0,0.056378122
1,0,0.34883788
0,0,0.08384295
0,0,0.1659336
0,0,0.080021866
0,0,0.13827896
0,0,0.08597134
0,0,0.17518792
0,0,0.10731097
0,0,0.2451358
0,0,0.05332012
0,0,0.12771872
0,0,0.09835756
1,0,0.2226096
0,0,0.11260815
0,0,0.09909184
0,0,0.050196957
1,0,0.13202806
0,0,0.07259512
0,0,0.056240607
0,0,0.078525506
0,0,0.096259646
0,0,0.03259552
0,0,0.27879703
0,0,0.087021954
0,0,0.09664237
0,0,0.09118222
0,0,0.106825754
0,0,0.106496714
0,0,0.3132528
1,0,0.45249858
0,0,0.08398856
0,0,0.30247152
0,0,0.04511977
1,0,0.20589478
0,0,0.045047347
0,0,0.11937973
0,0,0.063343056
0,0,0.3039012
0,0,0.1952912
0,0,0.097767696
0,0,0.060297463
0,0,0.060041826
0,0,0.07263325
0,0,0.095576994
1,0,0.4370518
1,0,0.17696834
0,0,0.06504594
1,0,0.28419665
1,1,0.6197998
0,1,0.6285371
0,0,0.060074154
0,0,0.067720145
0,0,0.07298995
0,0,0.06879193
1,0,0.10378255
0,0,0.2156286
0,0,0.2742048
1,0,0.122426376
0,0,0.103854686
1,0,0.12598522
0,0,0.06838342
0,1,0.66566503
0,0,0.21911559
0,0,0.052417096
0,0,0.119695716
0,0,0.09702383
0,0,0.04443533
1,0,0.09715901
0,0,0.24183631
0,0,0.14336622
0,0,0.087253615
0,0,0.2332573
0,1,0.6270015
0,0,0.08488693
0,0,0.1303625
0,0,0.094428696
0,0,0.22592326
0,0,0.1991527
1,0,0.12583463
0,0,0.031195987
0,0,0.1264118
1,0,0.22001708
0,0,0.038598295
1,1,0.81984884
0,0,0.29841784
0,0,0.2049808
1,1,0.70679945
0,0,0.15249501
1,0,0.404916
0,0,0.12885581
1,1,0.66301715
0,0,0.10809438
0,0,0.26096162
0,0,0.10181068
1,1,0.5757711
0,0,0.08926918
0,0,0.071962945
0,0,0.10171808
0,0,0.07426405
0,0,0.095991425
0,0,0.27751246
0,0,0.16769475
1,0,0.2922483
0,0,0.13591708
0,0,0.09489766
1,1,0.6655545
0,0,0.16895546
1,0,0.19763441
0,0,0.12188441
0,0,0.24352081
1,1,0.7528168
0,0,0.10190846
0,0,0.14904031
0,0,0.12672447
0,0,0.15393803
0,0,0.0738483
0,0,0.23989467
0,0,0.0396618
0,0,0.1027996
0,0,0.11367396
1,0,0.17954423
0,0,0.10928913
0,0,0.09983356
0,0,0.13490762
0,0,0.2597808
1,0,0.40533668
0,0,0.034539405
0,0,0.13192521
1,1,0.64953136
0,0,0.06456835
0,0,0.12795065
1,1,0.6639137
1,0,0.2635741
0,0,0.17696753
0,0,0.07603825
0,0,0.04542695
0,0,0.2713546
1,1,0.6660795
1,0,0.17437938
0,0,0.09940467
0,0,0.109139435
0,0,0.040683787
0,0,0.111077905
0,0,0.097395994
1,1,0.6208849
0,0,0.060104728
0,0,0.09624529
1,0,0.1337308
0,0,0.16065466
0,0,0.094393186
0,0,0.10469812
0,0,0.11113681
1,0,0.1834071
0,0,0.20168123
0,0,0.22732136
1,0,0.4346297
0,0,0.20065072
0,0,0.02963653
0,0,0.18186548
0,0,0.10333477
0,0,0.13919395
0,0,0.15044522
0,0,0.143197
0,0,0.045166746
0,0,0.081295185
0,0,0.13531938
0,0,0.21662095
0,0,0.07324009
0,0,0.06398749
0,0,0.12589042
0,0,0.10026213
0,0,0.10211524
0,1,0.75351983
0,0,0.17171988
0,0,0.025232283
0,0,0.08630323
0,0,0.07570859
0,0,0.065392494
0,1,0.6622866
1,0,0.43925017
0,0,0.049431656
0,0,0.27453727
0,0,0.063835196
0,0,0.22145717
0,0,0.094531015
0,0,0.102818735
1,0,0.102465324
0,0,0.055812344
0,0,0.18913151
0,0,0.035585612
0,0,0.11663986
0,0,0.1180193
0,0,0.35012573
0,0,0.08713769
0,0,0.23293409
1,0,0.15088953
0,0,0.121743344
0,0,0.05256862
0,0,0.14281574
1,0,0.49730673
0,0,0.10117091
0,0,0.07618171
1,0,0.25737125
0,0,0.055976607
1,0,0.16228881
0,1,0.6144932
0,0,0.2511448
0,0,0.26689416
0,0,0.094393186
0,0,0.113000065
0,0,0.19988577
1,0,0.04995349
0,0,0.13236856
0,0,0.090829164
1,0,0.20484385
0,0,0.070591874
1,0,0.24272463
0,0,0.12408969
0,0,0.127836
0,0,0.13109554
0,0,0.20559262
0,0,0.09714414
0,0,0.123609886
0,0,0.11384715
0,0,0.08543452
0,0,0.038863674
0,0,0.068054706
0,0,0.055310342
0,0,0.057018176
1,0,0.084221825
1,0,0.2625958
0,0,0.14890102
0,0,0.08701262
1,0,0.2490948
1,0,0.17505874
1,0,0.32130864
0,0,0.19854042
0,0,0.050072648
0,0,0.11384236
0,0,0.081414066
0,0,0.10935053
0,0,0.060035776
0,0,0.071414076
0,0,0.22079472
0,0,0.13818502
0,0,0.06817503
0,0,0.09050228
0,0,0.16844721
0,0,0.18558167
1,1,0.8132652
0,0,0.0928107
0,0,0.1785041
0,0,0.0715425
0,0,0.30492315
0,0,0.06538172
0,0,0.032763757
0,0,0.14277327
0,0,0.3039012
1,0,0.47063786
0,0,0.2511448
1,0,0.44390628
0,0,0.1474392
0,0,0.13581301
0,0,0.09364831
1,0,0.3225459
0,0,0.03503104
0,0,0.05267025
0,0,0.13979031
1,0,0.18835421
0,0,0.1582818
0,0,0.21692285
1,1,0.62081975
0,0,0.104816176
0,0,0.11551023
1,0,0.1897778
0,0,0.06978117
0,0,0.15959647
0,0,0.06626098
0,0,0.1942359
0,0,0.30440256
0,0,0.07324013
0,0,0.14774439
0,0,0.1339772
0,0,0.10415358
0,0,0.116336614
0,0,0.08693857
0,0,0.1392082
0,0,0.15734471
0,0,0.33381274
1,0,0.10952567
1,1,0.75084376
0,0,0.18059084
0,0,0.12862208
0,0,0.14673653
1,0,0.238332
0,0,0.1521971
0,0,0.11695582
0,0,0.31133226
1,0,0.40884954
1,0,0.28622612
0,0,0.09660084
0,0,0.11718701
0,0,0.13662776
0,0,0.05513397
0,0,0.15513049
1,0,0.09548125
0,0,0.059523676
0,0,0.071913555
0,0,0.19149518
0,0,0.13393751
0,0,0.12498528
1,0,0.1138394
0,0,0.15759374
0,0,0.09043944
1,0,0.22387274
1,0,0.36203414
1,1,0.6249862
0,0,0.16344586
1,1,0.6235809
0,0,0.08741383
0,0,0.093723334
0,0,0.04906784
0,0,0.12213042
0,0,0.09967733
0,0,0.06142996
0,0,0.067656
1,1,0.73992264
0,0,0.15187155
0,0,0.10623044
0,0,0.135701
0,1,0.78305423
0,0,0.092086226
0,0,0.10263459
0,0,0.36925
0,0,0.37252456
0,0,0.11412644
1,1,0.61131763
0,0,0.12550144
0,0,0.036263425
0,0,0.081681855
0,0,0.14774154
0,0,0.09088413
0,0,0.16696836
1,0,0.15238112
0,0,0.0975718
0,0,0.068661846
0,0,0.21156235
0,0,0.0707409
0,1,0.51348305
0,0,0.040619455
1,0,0.11451672
0,0,0.13818282
1,1,0.69902325
0,0,0.15081042
1,0,0.14428718
0,0,0.054079425
0,0,0.22842126
0,0,0.048126686
0,0,0.09632184
0,0,0.15712513
0,0,0.1265114
0,0,0.051716607
0,0,0.09292778
0,0,0.15782557
0,0,0.13810898
0,0,0.10451001
0,0,0.06987227
0,0,0.101754464
0,0,0.07796672
1,0,0.36440426
0,0,0.34009027
0,0,0.075629644
0,0,0.28490043
0,0,0.344398
0,0,0.16899364
0,0,0.18518811
0,0,0.16138689
0,0,0.06432819
1,1,0.7196198
0,0,0.06074268
0,0,0.46838135
0,0,0.054741073
0,0,0.053091623
0,0,0.2333887
0,0,0.03701699
0,0,0.09165123
0,0,0.15420455
0,0,0.060044695
0,0,0.16786832
0,0,0.091891386
0,0,0.076955326
0,0,0.0701145
0,0,0.324503
1,0,0.43565208
0,0,0.3418875
1,0,0.48461163
0,0,0.07655357
0,0,0.052076053
0,0,0.10511693
0,0,0.2566448
0,0,0.3899179
1,1,0.7262147
0,0,0.1383513
1,0,0.28112665
0,0,0.100879505
0,1,0.67834157
0,0,0.073724724
0,0,0.09254422
0,0,0.14308698
0,0,0.056055885
0,0,0.07966684
0,0,0.19701248
0,0,0.13154131
1,0,0.104245044
0,0,0.26952428
1,0,0.11319186
0,0,0.12879641
0,0,0.07434591
0,0,0.06882641
0,0,0.10440572
0,0,0.2420492
0,0,0.32787982
0,0,0.096409045
0,0,0.07257803
0,0,0.106313705
0,0,0.081398144
0,0,0.27702978
0,0,0.10296315
0,0,0.060406458
0,0,0.33334228
0,0,0.17808858
1,0,0.23841004
0,0,0.092710115
1,0,0.1835346
0,0,0.12808256
0,0,0.3061271
0,0,0.22115043
0,0,0.06884122
0,0,0.13101096
0,0,0.109409176
0,0,0.08148058
0,0,0.03344161
0,0,0.09713863
0,0,0.09753584
0,0,0.093855515
0,0,0.060520764
0,0,0.3039012
0,1,0.53540653
1,0,0.16779336
0,0,0.046242077
0,0,0.04025321
0,0,0.08651693
0,0,0.0680705
0,0,0.064608864
1,0,0.12989312
0,0,0.43050224
0,0,0.09807694
0,0,0.054867294
0,0,0.14814296
0,0,0.09149409
0,0,0.14606167
0,0,0.056767937
1,0,0.35652044
0,0,0.12864518
0,0,0.1662882
0,0,0.14160438
0,0,0.12669855
0,0,0.18621123
0,0,0.09354139
0,0,0.10675278
0,0,0.03662842
0,1,0.6135412
0,0,0.088928945
0,0,0.16982351
0,0,0.09211029
0,0,0.0616504
0,0,0.0680106
0,0,0.03491198
0,0,0.15592213
0,0,0.3036977
0,0,0.07463253
0,0,0.16342697
1,1,0.6470769
1,0,0.11983186
0,0,0.12668033
0,0,0.19718605
0,0,0.2711707
0,0,0.10927817
1,1,0.68094367
1,0,0.2507192
0,0,0.13915113
0,0,0.31536534
0,0,0.12595616
0,0,0.2274939
1,0,0.26136604
0,0,0.279867
0,0,0.10158537
0,0,0.042804793
0,0,0.17909557
0,0,0.07818183
0,0,0.14687802
0,0,0.117510125
0,0,0.19628267
0,0,0.106063664
0,0,0.09136162
1,0,0.35878214
0,0,0.10307778
1,0,0.24379478
0,0,0.10871402
0,0,0.22663705
1,1,0.71670437
0,0,0.20201112
0,0,0.13440152
0,0,0.20892194
0,0,0.1425136
0,0,0.40807435
0,0,0.27618778
1,0,0.36814559
0,0,0.10677865
1,0,0.23216268
0,0,0.3542024
1,1,0.63701844
0,0,0.19429484
0,0,0.11552684
0,0,0.23026012
0,0,0.19499542
0,0,0.05869748
0,0,0.115556315
0,0,0.089540705
0,0,0.05345139
0,0,0.3253969
0,0,0.09652904
1,1,0.7074915
0,0,0.26411617
0,0,0.19288328
0,0,0.07167269
0,0,0.08270409
0,0,0.07040746
0,0,0.07565642
0,0,0.0613079
0,0,0.1079508
0,0,0.117510125
0,0,0.029907217
1,0,0.16615762
0,0,0.043333746
1,0,0.34468567
0,0,0.07686924
0,0,0.13913225
0,0,0.11333853
0,0,0.4099378
1,1,0.68014437
0,0,0.09229069
0,0,0.07158671
0,0,0.11619321
0,0,0.09223955
0,0,0.12894842
0,0,0.04683955
0,0,0.10037163
1,0,0.4259889
0,0,0.12937272
1,1,0.7456005
1,0,0.43988025
1,0,0.38220558
1,0,0.4869195
0,0,0.101341516
0,0,0.18288317
0,0,0.47559696
0,0,0.06582577
0,0,0.073756285
0,0,0.07316446
0,0,0.09352092
0,0,0.08044725
0,0,0.10124903
0,0,0.040932074
0,0,0.11428702
1,1,0.7278678
0,0,0.057995763
0,0,0.094580404
0,0,0.05215251
0,0,0.11772954
0,0,0.16471799
1,0,0.23203273
0,0,0.19686128
0,0,0.26609063
0,0,0.053767756
0,0,0.19694853
0,0,0.105808936
0,0,0.08255647
1,0,0.10950948
1,0,0.22174937
0,0,0.049914002
0,0,0.06745172
0,0,0.17082193
0,0,0.08353616
0,0,0.050011918
0,0,0.08281641
0,0,0.17396182
0,0,0.07060658
0,0,0.12770383
0,0,0.2174344
0,0,0.09003178
0,0,0.22308457
0,0,0.07506355
0,0,0.13857654
1,0,0.1388788
0,0,0.35243565
0,0,0.10340924
0,0,0.049673624
0,0,0.35489303
0,0,0.113189586
0,1,0.69338644
0,0,0.101401284
0,0,0.057750616
0,0,0.21834084
0,0,0.3077604
0,0,0.03838393
0,0,0.3131718
0,0,0.23830692
0,0,0.056714997
1,0,0.34577677
1,1,0.67106706
0,0,0.12947021
0,0,0.10885899
0,0,0.18693466
0,0,0.12364055
0,0,0.11219365
1,1,0.67155457
0,0,0.2778969
0,0,0.23087715
0,0,0.08582135
0,0,0.08391142
0,0,0.14442
1,1,0.7389123
1,1,0.6972279
0,0,0.14659534
0,0,0.23819168
0,0,0.32130864
0,0,0.21448876
0,0,0.11585925
0,0,0.2138753
0,1,0.629123
0,0,0.25824404
0,0,0.11888505
0,0,0.057530988
0,0,0.101424925
0,0,0.17188573
0,0,0.10171808
0,0,0.059591163
0,0,0.12835158
0,0,0.07424091
1,0,0.13123499
0,0,0.09460028
0,0,0.18325636
1,1,0.93125653
0,0,0.16224341
0,0,0.105026335
0,0,0.18812643
0,0,0.09804995
0,0,0.11881708
0,0,0.049629524
0,0,0.093092084
0,0,0.09845582
1,1,0.7478023
0,0,0.10883879
1,1,0.73332536
0,0,0.0926715
1,0,0.3965559
0,0,0.10513008
0,0,0.09835756
0,0,0.09080764
1,0,0.43006003
0,0,0.08485121
0,0,0.116714716
1,1,0.7306894
0,0,0.06361294
1,0,0.41223723
0,0,0.1887885
0,0,0.111649245
0,0,0.060498852
0,0,0.17719841
0,0,0.18783554
0,0,0.105233565
0,0,0.035094086
0,0,0.24992147
1,0,0.13026573
0,0,0.10700081
0,0,0.21383084
0,0,0.06997656
0,0,0.04359835
0,0,0.114755794
0,0,0.3388706
1,1,0.7548227
1,0,0.29876637
0,0,0.26957482
1,0,0.15039822
1,0,0.24082641
0,0,0.08403336
0,0,0.07015171
0,0,0.19588405
1,1,0.8393447
0,0,0.05142605
0,0,0.30442157
0,0,0.07753885
0,0,0.07507644
1,1,0.64756495
0,0,0.041886326
0,0,0.04173266
0,0,0.25495642
0,0,0.09119977
0,0,0.100224495
1,0,0.13087592
0,0,0.06337073
1,1,0.5671413
0,0,0.09265684
1,0,0.10870608
0,0,0.07736992
0,0,0.13389027
0,0,0.14194405
0,0,0.23033021
0,0,0.11965677
0,0,0.031176824
0,0,0.11821934
1,0,0.105920985
0,0,0.096119344
0,0,0.053621173
0,0,0.25144383
0,0,0.081737116
0,0,0.04642297
0,0,0.31536534
1,0,0.12732843
0,0,0.100879505
0,0,0.31807786
0,0,0.17937763
0,0,0.1682092
0,0,0.104038626
0,0,0.1222687
0,0,0.07188257
0,0,0.06486535
0,0,0.11588099
0,0,0.13114072
1,0,0.43047523
0,0,0.08778181
0,0,0.12807456
0,0,0.09796779
0,0,0.0326134
0,0,0.096067846
0,0,0.080397435
0,0,0.22985598
1,0,0.22711347
0,0,0.17414983
0,0,0.03705767
0,0,0.11237593
0,0,0.1974671
0,0,0.05082472
0,0,0.06850147
1,0,0.16015057
0,0,0.11255001
0,0,0.14154041
0,0,0.09243274
0,0,0.16245264
1,0,0.27139843
0,0,0.12018157
0,0,0.15494373
0,0,0.24219668
0,0,0.043024685
1,0,0.12728994
0,0,0.050666317
0,0,0.16328031
0,0,0.21759368
0,0,0.1117601
0,0,0.13459587
0,0,0.031561993
0,0,0.045678396
0,0,0.09931386
1,0,0.23703514
0,0,0.25281766
0,1,0.80404633
1,1,0.6122394
0,0,0.23298399
0,0,0.12138636
1,0,0.13171384
0,0,0.09596931
0,0,0.09546947
0,0,0.15435532
0,0,0.07955651
0,0,0.026630132
0,0,0.05838527
0,0,0.09957457
0,0,0.070563674
0,0,0.13251098
1,0,0.40955752
0,0,0.25907338
1,0,0.08170285
0,0,0.2273902
0,0,0.09811957
0,1,0.6301797
0,0,0.116350114
0,0,0.04683628
0,0,0.11699948
1,0,0.3247741
0,0,0.059721794
0,0,0.21165349
0,0,0.17091662
0,0,0.102361955
1,0,0.1692189
0,0,0.18447281
0,0,0.1390221
0,0,0.14781597
0,0,0.3131718
0,0,0.09372905
0,0,0.12802249
0,0,0.21831082
0,0,0.17852384
0,0,0.18529183
0,0,0.26154193
0,0,0.07844419
0,0,0.11250463
0,0,0.07986325
0,0,0.044074446
0,0,0.17134194
0,0,0.31536534
0,0,0.13428222
0,0,0.11200239
0,0,0.13399933
0,0,0.09506025
1,0,0.2964108
0,0,0.17039248
0,0,0.07606576
0,0,0.1434063
1,1,0.6823944
0,0,0.06983336
0,0,0.12051229
0,0,0.06989923
0,0,0.352322
0,0,0.07476081
1,0,0.3046965
0,0,0.16947658
0,0,0.06423466
0,0,0.14466657
0,0,0.026797267
0,0,0.1301706
0,0,0.06731785
0,0,0.20122874
0,0,0.2601461
1,1,0.56947887
0,0,0.08650304
0,0,0.08652524
1,0,0.15367502
0,0,0.15264317
0,0,0.26053944
0,0,0.08553949
0,0,0.047712915
0,0,0.12003618
0,0,0.09123119
0,0,0.22021367
0,0,0.22719331
0,0,0.10415581
0,0,0.06750246
0,0,0.08119721
0,0,0.16436894
0,0,0.06538172
0,0,0.11141734
0,0,0.13950883
1,0,0.12440439
0,0,0.042154912
0,0,0.12960297
0,0,0.061699256
0,0,0.15082721
1,1,0.62250984
1,0,0.16133182
0,0,0.3578568
0,0,0.047705494
0,0,0.055475775
0,0,0.06807798
0,0,0.07833073
0,0,0.11320209
0,0,0.13360703
0,0,0.29211482
0,0,0.06946574
0,0,0.048792273
1,1,0.8206587
0,0,0.1014332
1,0,0.1266397
0,0,0.064906694
0,0,0.097921975
0,0,0.13914628
0,0,0.093323976
0,0,0.43578407
0,0,0.094656125
0,0,0.2454533
0,0,0.051888485
0,0,0.12071347
0,0,0.14168538
0,0,0.07286272
0,0,0.06754346
0,0,0.08221666
0,0,0.06560561
0,0,0.11397466
0,0,0.120704606
1,0,0.14804874
0,0,0.13266835
0,0,0.08685575
0,0,0.10018648
0,0,0.21556325
0,0,0.13458127
0,0,0.17432617
0,0,0.09387561
0,0,0.06988247
1,1,0.79140955
1,0,0.17289889
0,0,0.28847063
1,0,0.11809472
0,0,0.28210026
0,0,0.07989275
0,0,0.2595118
0,0,0.20469618
0,0,0.121967465
0,0,0.12154548
0,0,0.24742429
0,0,0.23586743
0,0,0.10870643
1,0,0.42541626
0,0,0.35741702
0,0,0.15985347
0,0,0.24229378
0,0,0.27994862
0,0,0.048717253
0,0,0.090277314
1,1,0.7278068
0,0,0.049704302
0,0,0.097794384
0,0,0.1525586
0,0,0.054497316
0,0,0.08196319
0,0,0.074891575
0,0,0.23423643
0,0,0.08179704
1,0,0.09395967
0,0,0.061732817
1,0,0.42771617
0,0,0.052401274
0,0,0.095085174
0,0,0.07061371
0,0,0.13364491
0,0,0.18071498
0,0,0.1837045
0,0,0.07104831
0,0,0.20078701
0,0,0.067361936
1,0,0.35489303
0,0,0.10409876
0,0,0.2278178
0,0,0.07614474
0,1,0.62489945
1,0,0.13754664
1,0,0.31909302
0,0,0.099935874
0,0,0.13715766
1,0,0.09713419
0,0,0.1208026
0,0,0.09002948
1,0,0.36791727
0,0,0.31536534
0,0,0.14666378
0,0,0.03502497
0,0,0.086627916
0,0,0.14191453
0,0,0.08116751
0,0,0.060895108
0,0,0.47645935
0,0,0.26618084
0,0,0.045270115
0,0,0.06934272
0,0,0.30440256
0,0,0.1845639
1,0,0.090299405
0,0,0.1012453
0,0,0.109791525
0,0,0.05942554
1,0,0.18339346
0,0,0.2129667
0,0,0.028639745
0,0,0.07569534
0,0,0.07896772
0,0,0.043394662
0,0,0.09280813
0,0,0.17941664
1,1,0.68904763
0,0,0.06721102
0,0,0.10076402
0,0,0.25429466
0,0,0.15310399
1,0,0.08188569
0,0,0.2841821
1,0,0.15220852
0,0,0.07154451
0,0,0.06327771
0,0,0.27625674
0,0,0.13763666
0,0,0.15905114
0,0,0.34426582
0,0,0.12028309
1,0,0.10752135
1,1,0.6859383
0,0,0.06748827
0,0,0.17014268
0,0,0.14532511
1,0,0.22073376
1,1,0.59397966
0,0,0.09768912
0,0,0.0922918
0,0,0.06897075
0,0,0.2291034
1,0,0.20961012
0,0,0.2116053
0,0,0.10881534
0,0,0.21762893
1,0,0.33824065
0,0,0.08888321
0,0,0.21916188
0,0,0.09790359
0,0,0.10255365
1,0,0.040431645
0,0,0.054943565
1,1,0.7367991
0,0,0.2436021
0,0,0.03600426
0,0,0.37252456
0,0,0.08992337
0,0,0.13262577
1,0,0.20149495
1,0,0.36293837
0,0,0.07700593
0,1,0.5867321
0,0,0.19605073
0,0,0.2532485
0,0,0.10240771
0,0,0.08068111
0,0,0.16713777
0,0,0.16730644
1,0,0.19426155
0,0,0.09972563
0,0,0.10470266
0,0,0.04146412
1,1,0.6306072
0,0,0.20018828
1,0,0.26352528
0,0,0.15542674
1,0,0.26136604
0,0,0.09864816
1,0,0.25133398
0,0,0.25085998
0,0,0.066225
1,0,0.12616916
1,1,0.7344975
0,0,0.10575368
1,0,0.10630933
1,1,0.7058047
0,0,0.08963844
0,0,0.12860593
0,0,0.17172056
0,0,0.14194788
1,0,0.28489253
0,0,0.14525169
1,0,0.22392762
0,0,0.0888289
0,0,0.15504469
0,0,0.26447845
0,0,0.09414403
0,0,0.110536605
1,0,0.12627165
0,0,0.4146234
0,0,0.10998111
1,0,0.27751246
0,0,0.12676157
0,0,0.15585938
0,0,0.09921323
0,0,0.2571267
1,0,0.34761408
0,0,0.07813659
0,0,0.18958378
1,1,0.57392836
0,0,0.303125
1,0,0.122803025
0,0,0.09702268
0,1,0.55697584
0,0,0.09157788
1,0,0.18632905
0,0,0.1545307
0,0,0.08787351
0,0,0.09296044
0,0,0.25275925
0,0,0.0799341
0,1,0.64369977
0,0,0.06850633
0,0,0.14219214
0,0,0.100188084
0,0,0.11154447
0,0,0.06606709
0,0,0.09541289
0,0,0.058495548
0,0,0.11887331
0,1,0.7208518
1,0,0.2664137
0,0,0.050218653
0,0,0.16579726
0,0,0.17533141
0,0,0.36336562
0,0,0.14446525
1,0,0.2560431
1,0,0.40617114
0,0,0.41264796
0,0,0.089722395
1,0,0.38069895
0,0,0.31893086
0,0,0.11329776
0,0,0.3927008
0,0,0.09889962
0,0,0.078210585
0,0,0.15963972
1,0,0.23945351
0,0,0.17250933
0,0,0.06438095
0,0,0.18219836
1,0,0.10929927
0,0,0.09002762
0,0,0.1076972
0,0,0.11413392
0,0,0.13135353
0,0,0.12395658
0,0,0.1062865
0,0,0.15033135
0,0,0.12178852
0,0,0.08291327
1,0,0.38782305
0,0,0.11400765
0,0,0.39187133
1,1,0.5827789
1,0,0.49924216
0,0,0.09534765
0,0,0.31119707
0,0,0.15751557
1,0,0.1550344
1,0,0.2831174
1,1,0.6588075
0,0,0.17481898
0,0,0.110811464
1,1,0.608801
0,0,0.26905456
0,0,0.12866414
0,0,0.44268924
0,0,0.1714239
0,0,0.13606301
0,0,0.28922346
0,0,0.14032465
1,1,0.61101043
0,0,0.46421534
0,0,0.16294017
0,0,0.27526024
0,0,0.04475202
0,0,0.21023864
1,0,0.15757605
0,0,0.259753
0,0,0.19812725
0,0,0.11023285
0,0,0.048346292
0,0,0.16146329
1,1,0.7512241
0,0,0.10377556
0,0,0.10282635
0,0,0.0378577
0,0,0.11236064
0,0,0.11945658
0,0,0.1907329
1,0,0.12915789
0,0,0.16758232
0,0,0.051948205
0,0,0.1895714
0,1,0.6302822
1,1,0.72048575
1,1,0.7078136
1,0,0.19486107
0,0,0.1380083
1,1,0.65164214
1,0,0.31798077
0,0,0.11336556
0,0,0.49486414
0,0,0.10632107
0,0,0.06516566
0,1,0.574193
1,1,0.6746894
0,0,0.2739781
1,1,0.52249867
0,0,0.19701715
0,0,0.1321348
0,0,0.1749163
1,0,0.10187357
0,0,0.08742159
1,1,0.5204718
1,0,0.28895766
0,0,0.12099018
0,0,0.0546767
0,0,0.13053033
0,0,0.049248107
0,0,0.07382957
1,1,0.65331453
0,1,0.5704769
0,0,0.112010784
1,0,0.14843698
1,1,0.5706
0,0,0.09857893
0,0,0.05597173
0,0,0.1462749
1,0,0.2980117
0,1,0.6397508
0,0,0.19259644
0,0,0.0969277
0,0,0.11458404
1,0,0.38372478
0,0,0.14439066
0,0,0.034102075
1,0,0.21545649
1,0,0.16150375
0,0,0.12670927
0,1,0.54140663
0,0,0.122527316
0,0,0.21505241
0,0,0.118374996
0,0,0.17667237
0,0,0.29346606
1,0,0.37546423
1,0,0.1936708
0,0,0.10171808
0,0,0.13136128
0,0,0.3018689
0,0,0.13926911
0,0,0.08784638
0,0,0.17579028
0,0,0.13791527
1,0,0.44028848
0,0,0.13293654
0,0,0.09746607
1,1,0.640437
1,0,0.43226188
0,0,0.13298456
0,0,0.19008689
0,0,0.08882332
0,0,0.12701768
0,0,0.24999326
0,0,0.39633846
0,0,0.16346313
0,0,0.3216562
0,0,0.17879397
0,1,0.6522975
0,0,0.106919356
0,0,0.22046505
0,0,0.17494516
0,0,0.19115923
0,0,0.1273445
0,0,0.25518507
0,0,0.13617896
0,0,0.1313608
1,0,0.19318005
1,0,0.3414042
0,0,0.16117266
1,0,0.16961059
0,0,0.13298456
0,0,0.19579557
0,0,0.17848338
1,0,0.1912295
0,0,0.46919888
1,0,0.27468023
0,0,0.14488757
0,0,0.1495852
0,0,0.17005698
0,0,0.39633846
1,0,0.19043677
1,0,0.26219597
1,1,0.7898341
1,0,0.44547322
0,0,0.20192896
0,0,0.1510083
0,0,0.1312749
1,0,0.12949842
1,0,0.19851403
0,0,0.16346313
1,0,0.15941465
0,0,0.15932287
0,0,0.11648875
0,0,0.19953886
1,0,0.2048805
0,0,0.17350648
0,0,0.17961285
0,0,0.117608845
0,0,0.2521588
0,0,0.08224576
0,0,0.12428183
1,1,0.7381106
0,0,0.10716106
1,0,0.13042948
0,0,0.16550907
0,0,0.18067224
0,0,0.25124758
0,0,0.09754606
0,1,0.51648253
0,0,0.13033654
0,0,0.055796217
1,0,0.075969286
0,0,0.11754364
0,0,0.045219522
1,0,0.43820998
0,0,0.13929093
0,0,0.071751006
0,0,0.10087285
0,0,0.053792614
1,0,0.3988034
0,0,0.31644377
0,0,0.0940572
0,0,0.11217815
1,1,0.6420163
0,0,0.063801855
1,1,0.6694812
1,0,0.11663412
0,0,0.12420843
0,1,0.6546987
0,0,0.12701768
0,0,0.1125546
0,0,0.18692079
0,0,0.056425046
1,1,0.73558885
0,0,0.31514385
0,0,0.07799998
0,0,0.22121549
0,0,0.05536846
0,0,0.13315165
0,0,0.24350402
0,0,0.05433629
0,0,0.083835304
1,0,0.3435755
0,0,0.14385827
1,0,0.25100005
1,1,0.6871724
0,0,0.18802081
0,0,0.12954974
0,0,0.0968051
0,0,0.3080299
0,0,0.15267503
0,0,0.09706603
0,0,0.15904932
0,0,0.096301
0,0,0.09358863
0,0,0.49248672
0,0,0.067877635
0,0,0.13331547
0,0,0.12070869
0,0,0.13336986
0,0,0.096905164
0,0,0.10919628
1,0,0.12169595
0,0,0.15785795
0,0,0.1134924
0,0,0.061717115
0,0,0.13848484
0,0,0.13843654
0,0,0.067769185
0,0,0.21677554
0,0,0.099369355
1,1,0.6082358
0,0,0.2992629
0,0,0.22049591
0,0,0.39204705
1,0,0.49431008
0,0,0.0988802
0,0,0.13326418
1,0,0.42515168
0,0,0.06634389
0,0,0.38263017
0,0,0.17184073
0,0,0.14183582
0,0,0.047581248
0,0,0.12774423
1,0,0.21472569
0,0,0.064527445
1,0,0.37954035
1,0,0.17280808
1,0,0.3964733
0,0,0.4034624
0,0,0.10283928
0,0,0.15139282
1,0,0.2354822
0,0,0.13278757
0,0,0.09601044
0,0,0.09244072
0,0,0.13447109
0,0,0.1617616
1,1,0.7173299
0,0,0.10082556
0,0,0.081740856
0,0,0.06225289
0,0,0.08993598
0,0,0.15541348
0,0,0.07472786
0,0,0.06867296
0,0,0.30270553
0,0,0.113633014
1,0,0.12095831
0,0,0.09595378
1,0,0.26085296
0,0,0.19762439
0,0,0.32216007
0,0,0.15293598
0,0,0.24320896
0,0,0.06389679
0,0,0.09980445
0,0,0.0724137
0,0,0.0938893
0,0,0.14062485
0,0,0.1638001
0,0,0.17215791
0,0,0.072635695
1,0,0.34164447
0,0,0.035815433
0,0,0.2078432
0,0,0.0678195
0,0,0.1451955
0,0,0.11677857
0,0,0.17926477
0,0,0.28744927
0,0,0.16171642
0,0,0.17616233
0,0,0.121480055
0,0,0.12723796
0,0,0.093701996
0,0,0.056082383
0,0,0.09759455
0,0,0.117088474
0,0,0.12505715
1,0,0.41634285
0,0,0.1748652
0,0,0.09627371
0,0,0.17773503
0,0,0.15614793
1,1,0.62655133
0,0,0.0996628
0,0,0.26859504
0,0,0.17194554
0,0,0.12871625
1,1,0.78500736
0,0,0.07178029
0,0,0.190349
0,0,0.08859782
0,0,0.123403154
0,0,0.030293778
0,0,0.102548644
0,0,0.14230338
0,0,0.10969013
1,0,0.32144904
0,0,0.13497007
0,0,0.14328359
0,0,0.07795657
0,0,0.34285837
0,0,0.42475218
0,0,0.0963046
0,0,0.0853288
0,0,0.23636694
1,0,0.37603652
0,0,0.14295053
0,0,0.05310744
0,0,0.16622122
0,0,0.08195019
0,0,0.10972495
0,0,0.08013125
0,0,0.20680447
1,0,0.17420092
0,0,0.09290232
0,0,0.050978642
1,0,0.14428669
0,0,0.28523055
0,0,0.20498069
0,0,0.20963508
1,1,0.79013807
1,0,0.2511345
0,0,0.19107348
1,0,0.16109176
0,0,0.34820557
0,0,0.1945152
0,0,0.07597908
0,0,0.05617445
0,0,0.19729419
0,0,0.08228578
0,0,0.1294843
0,0,0.07297425
0,0,0.10653079
1,0,0.120080434
0,0,0.05687689
0,1,0.5105861
0,0,0.09122949
0,0,0.14879091
0,0,0.08441028
0,0,0.1759894
0,0,0.085538335
0,0,0.09797752
0,0,0.19301717
0,0,0.09946078
0,0,0.1437
0,0,0.062379695
1,1,0.6654887
0,0,0.36076954
0,0,0.09577277
0,0,0.25210968
0,0,0.05558247
0,0,0.1596415
1,0,0.07220116
0,0,0.08451402
1,0,0.105335705
0,0,0.10774875
0,0,0.1688676
0,0,0.09559691
0,0,0.120757654
0,0,0.09108646
1,0,0.2217911
0,0,0.14795971
0,1,0.6429702
0,0,0.050394956
0,0,0.06062512
0,0,0.13494483
1,0,0.2791964
0,0,0.28360716
0,0,0.12929668
1,1,0.73049366
0,0,0.24553114
0,0,0.1485591
1,0,0.4680694
0,0,0.48724687
0,0,0.1876529
0,0,0.08632556
0,0,0.1050616
0,0,0.07675315
0,0,0.16734044
0,0,0.12602049
1,0,0.2992629
1,0,0.24519753
0,0,0.33238998
0,0,0.10499375
1,0,0.18593667
1,0,0.18695924
0,0,0.07807578
1,0,0.10691645
0,0,0.10282005
1,0,0.14710413
0,0,0.07575283
0,0,0.22749375
1,1,0.8062901
1,0,0.46616328
0,0,0.09514856
0,0,0.14299014
0,0,0.056169737
0,0,0.2016236
0,0,0.15313405
0,0,0.1692735
1,0,0.3039012
0,0,0.07181496
0,0,0.23746425
0,0,0.0954664
0,0,0.31872874
0,0,0.10149093
1,0,0.12976947
0,1,0.6291488
0,0,0.123087816
1,0,0.19513944
0,0,0.37544703
0,0,0.117725044
0,0,0.21819437
0,0,0.13290997
1,0,0.135861
0,0,0.13558908
0,0,0.090471074
1,0,0.3848928
0,0,0.050361197
0,1,0.68818146
0,0,0.1606637
0,0,0.0661837
0,0,0.16969241
1,0,0.17660847
0,0,0.10250938
1,1,0.7329491
1,0,0.23982017
0,0,0.13598067
0,0,0.19630182
0,0,0.34886658
0,0,0.23623584
0,0,0.059913095
0,0,0.17698361
0,0,0.087815456
0,0,0.14828849
0,0,0.13791385
0,0,0.13858941
0,0,0.26543513
1,1,0.589181
1,1,0.7401967
0,0,0.10437449
1,0,0.1192698
0,0,0.34448177
0,0,0.14418155
1,1,0.66532105
1,0,0.4220866
1,0,0.15194274
0,0,0.05570265
1,1,0.8213038
0,0,0.10425823
0,0,0.08002623
0,0,0.20646739
0,0,0.09739065
1,0,0.06054912
1,0,0.31010434
0,0,0.08728504
0,0,0.17900153
0,0,0.08522934
0,0,0.20413648
1,1,0.61169994
0,0,0.22071725
0,0,0.24754737
0,0,0.15654993
1,0,0.2638278
0,0,0.065842
0,0,0.0569233
0,0,0.104588866
1,0,0.11610219
0,0,0.09003027
0,0,0.06634483
0,0,0.06303002
0,0,0.107342705
0,1,0.6435771
0,0,0.18013623
0,0,0.397975
1,0,0.40281412
0,0,0.095788
1,0,0.23470297
1,0,0.1393972
0,0,0.06406473
1,0,0.13969214
1,0,0.4639291
0,0,0.10017299
1,1,0.69895726
1,0,0.18716747
0,0,0.052337606
0,0,0.12960182
0,0,0.08273387
1,0,0.42068058
0,0,0.4378582
0,0,0.19823034
1,1,0.7328911
0,0,0.06484171
0,0,0.14106908
0,0,0.14057839
0,0,0.14068764
0,0,0.089354075
0,0,0.0645385
0,0,0.09480691
0,0,0.08429646
0,0,0.13949598
0,0,0.15927
0,0,0.14716148
0,0,0.07264321
0,0,0.15917367
0,0,0.34593362
0,0,0.15245321
1,0,0.084143594
0,0,0.11109206
1,0,0.12901975
0,0,0.08246599
1,1,0.6520745
1,0,0.4430708
0,0,0.14620446
0,0,0.057364065
0,0,0.112496845
0,0,0.09107938
0,0,0.08057952
0,0,0.0579438
1,1,0.8109169
1,1,0.6587379
0,0,0.04106361
0,0,0.13307346
1,0,0.150203
0,0,0.022690617
0,0,0.114461675
1,0,0.16854137
0,0,0.12862375
0,0,0.110368766
0,0,0.14365882
0,0,0.039143443
0,0,0.13301879
0,0,0.16081579
0,0,0.17019458
0,1,0.74942935
0,0,0.064860664
1,1,0.6684481
1,1,0.63917226
0,0,0.1246241
0,1,0.63175106
0,0,0.17089383
0,0,0.29178157
0,0,0.06232748
0,0,0.10240771
0,0,0.06563214
0,0,0.11767129
0,0,0.15598969
1,1,0.5724263
0,0,0.106722414
0,0,0.26713833
1,0,0.19312416
0,0,0.139862
0,0,0.20221895
0,0,0.07036953
1,0,0.11878411
0,0,0.036027845
1,1,0.68406135
0,1,0.657224
0,0,0.26185563
0,0,0.06314893
0,0,0.095950104
0,0,0.086420685
0,0,0.03200856
0,0,0.17261012
0,0,0.34299168
0,0,0.06695812
0,0,0.33334228
0,0,0.12681286
0,0,0.11293101
1,0,0.3653312
1,1,0.6725304
0,0,0.1452913
0,0,0.085127935
0,0,0.1809435
0,0,0.17766903
0,0,0.026361924
0,0,0.43708014
0,0,0.3781558
1,0,0.22425754
0,0,0.100250036
0,0,0.3773608
0,0,0.11386629
0,0,0.13879474
0,0,0.1709184
1,0,0.44185853
1,1,0.64703435
1,0,0.124355376
0,0,0.10521283
0,0,0.13125765
0,0,0.08427205
0,0,0.106237344
0,0,0.14889409
1,1,0.6948715
0,0,0.09512001
0,0,0.11053869
1,1,0.8062901
0,0,0.107219055
1,0,0.27751246
0,0,0.054982368
0,0,0.19401242
1,0,0.15334773
0,1,0.5578694
0,0,0.0760197
1,0,0.174772
1,1,0.6322656
0,0,0.067485176
1,1,0.6314985
0,0,0.10838017
0,0,0.053260434
0,0,0.035875022
0,0,0.10015503
0,0,0.111527
0,0,0.18621366
1,1,0.64542806
0,0,0.17468148
1,0,0.3225025
1,1,0.73730165
0,0,0.095254965
0,0,0.15117738
0,0,0.14301348
0,0,0.13198747
0,0,0.31536534
0,0,0.07992079
0,0,0.31536534
0,1,0.69547236
0,0,0.3262465
0,0,0.12674311
0,0,0.109098315
0,0,0.31706217
1,0,0.293888
0,0,0.055708367
0,0,0.14434633
0,0,0.105569996
0,0,0.20988004
0,0,0.17925961
0,0,0.4415912
0,0,0.18578187
0,0,0.15269786
0,0,0.08368017
1,1,0.81984884
1,1,0.5632189
0,0,0.1023737
0,0,0.11009952
1,0,0.1006591
0,0,0.32247686
0,0,0.09157849
1,0,0.106693365
1,1,0.6246615
0,0,0.096986584
0,0,0.102981806
0,0,0.15240194
0,0,0.14207335
0,0,0.22877748
0,0,0.2592664
1,1,0.6536194
0,0,0.12051686
0,0,0.24311075
0,0,0.15790467
0,0,0.13930754
0,0,0.05493042
0,0,0.032816034
0,0,0.1591951
1,0,0.15441696
0,0,0.059130963
0,0,0.1295383
0,0,0.1617575
0,0,0.099182874
0,0,0.2038181
1,1,0.6598399
0,0,0.08293964
0,1,0.55768985
0,0,0.12651981
0,0,0.119236715
1,0,0.424771
0,0,0.13099651
0,0,0.15730333
0,0,0.13031825
1,0,0.10664816
1,1,0.5227367
0,0,0.08757921
0,0,0.1309293
0,0,0.062810116
0,0,0.04719328
0,1,0.6257037
0,0,0.2711707
0,0,0.41890073
1,1,0.6736942
0,0,0.14589143
1,0,0.18821579
0,0,0.12980688
0,0,0.056957595
0,0,0.09297803
1,0,0.31536534
1,1,0.7743383
0,0,0.118310094
0,0,0.09972563
1,1,0.6447345
1,0,0.31878313
0,0,0.10173032
1,0,0.34835064
0,0,0.09784085
0,0,0.15807676
1,0,0.36047834
0,0,0.14386946
0,0,0.10367356
0,0,0.2511448
0,0,0.11476388
1,0,0.07366947
0,0,0.10202271
1,1,0.714137
0,0,0.06124867
0,0,0.039684087
1,1,0.7073059
0,0,0.040733796
1,0,0.4824867
0,0,0.064168744
0,0,0.0355204
1,1,0.7242003
0,0,0.11441753
0,0,0.12159945
0,0,0.15879455
0,0,0.076700754
1,0,0.31102145
0,0,0.05422372
0,0,0.2207814
0,0,0.07839989
0,0,0.1641495
0,0,0.2230578
1,0,0.12472081
0,0,0.059073593
0,0,0.05054224
1,0,0.16023615
0,0,0.106313705
0,0,0.060655884
1,0,0.3665522
1,1,0.7212744
0,0,0.06317792
0,0,0.050512616
0,0,0.26971048
1,0,0.18365158
0,0,0.16635855
0,0,0.12263261
0,0,0.09844365
1,0,0.10240771
0,0,0.08768076
0,0,0.059567783
0,0,0.036284555
1,0,0.19352897
0,0,0.09626906
1,0,0.112201154
0,0,0.064769104
0,0,0.18222518
0,0,0.12257151
0,0,0.30688092
1,0,0.14056204
0,0,0.050398845
0,0,0.086148806
0,0,0.088826664
0,0,0.055297956
0,0,0.26434526
0,0,0.11610233
0,0,0.14009419
0,0,0.07712852
1,0,0.14277294
0,0,0.0868359
1,1,0.7663269
1,0,0.09857297
0,0,0.23731004
1,0,0.10651371
1,0,0.20863476
0,0,0.181803
0,0,0.07025914
0,0,0.05552749
1,0,0.12594724
1,0,0.28086823
0,0,0.031655148
1,0,0.31770694
1,0,0.23492719
0,0,0.30492315
0,0,0.2422814
1,0,0.25835937
0,0,0.11103349
0,0,0.042888608
0,0,0.048146125
0,1,0.646779
0,0,0.05906379
1,0,0.32126394
0,0,0.088208705
1,0,0.4074911
1,1,0.6128564
1,0,0.12562875
0,0,0.28985882
0,0,0.1940097
0,0,0.13180867
0,0,0.054415155
0,1,0.6348306
0,0,0.096063785
0,0,0.3400661
1,0,0.10028553
0,1,0.5178656
0,0,0.12062328
1,1,0.6069141
0,0,0.34508693
0,0,0.08254024
1,0,0.10926181
0,0,0.10047808
0,0,0.039209
0,1,0.6796868
0,0,0.09999657
0,0,0.2218719
0,0,0.25307018
1,0,0.15486321
0,0,0.04567698
1,1,0.5998285
0,0,0.14606097
0,0,0.07858622
0,0,0.24979787
0,0,0.053382643
0,0,0.05970953
0,0,0.25124788
0,0,0.08710147
0,0,0.12613308
0,0,0.10364182
0,0,0.11262883
0,0,0.26166052
0,0,0.11639823
0,0,0.03969034
0,0,0.12511057
0,0,0.038339894
0,0,0.17846993
0,0,0.114568554
0,0,0.2081764
0,0,0.1798387
0,0,0.11539247
0,0,0.09857638
1,1,0.63719475
0,0,0.18019156
0,0,0.17881754
0,0,0.06911136
0,0,0.034813587
0,0,0.107319586
0,0,0.06749441
1,0,0.3131718
1,0,0.43017876
0,0,0.04961558
1,1,0.6948827
0,0,0.057676725
0,0,0.13175727
0,0,0.2511448
0,0,0.124156855
0,0,0.3491987
1,0,0.15253153
0,0,0.09618718
0,0,0.19434199
0,0,0.2511448
0,0,0.2379956
0,0,0.08828083
0,0,0.11868601
0,0,0.12400695
0,0,0.1123505
1,1,0.8172858
0,0,0.19985873
0,0,0.063480206
1,1,0.6699653
0,0,0.066003025
0,0,0.13179415
1,1,0.59075797
1,0,0.27044848
1,0,0.1313279
