Actual_Digit,Predicted_Digit,Confidence
7,7,0.99999756
2,2,0.9999854
1,1,0.99964213
0,0,0.999758
4,4,0.99999005
1,1,0.99977875
4,4,0.9984805
9,9,0.99927735
5,5,0.9875117
9,9,0.9981931
0,0,0.9999996
6,6,0.9999973
9,9,0.99913704
0,0,0.9999965
1,1,0.9999061
5,5,0.9999439
9,9,0.99992067
7,7,0.9999978
3,5,0.54552346
4,4,0.9999911
9,9,0.9833211
6,6,0.9999544
6,6,0.9999983
5,5,0.9999966
4,4,0.99994725
0,0,0.99988955
7,7,0.99998254
4,4,0.99999994
0,0,0.99999744
1,1,0.9991763
3,3,0.99999875
1,1,0.9975217
3,3,0.99999315
4,4,0.99271595
7,7,0.99999624
2,2,0.9999992
7,7,0.9986455
1,1,0.99969876
2,2,0.9994765
1,1,0.999505
1,1,0.99685186
7,7,0.9943059
4,4,0.99990183
2,2,0.9989686
3,3,0.9992115
5,5,0.9998942
1,1,0.999642
2,2,0.99999994
4,4,0.999763
4,4,0.9999992
6,6,0.9999947
3,3,0.9999977
5,5,0.9999965
5,5,0.99999017
6,6,0.99999994
0,0,0.9999961
4,4,0.99999994
1,1,0.9995031
9,9,0.99995846
5,5,0.9989092
7,7,0.9999905
8,8,0.9999921
9,9,0.6957777
3,3,0.9923537
7,7,0.9999936
4,4,0.99864537
6,6,0.9999357
4,4,0.99964786
3,3,0.9999971
0,0,0.9999983
7,7,0.99999803
0,0,0.9999996
2,2,0.99995357
9,9,0.98589027
1,1,0.99901074
7,7,0.99999887
3,3,0.9999879
2,2,0.99970686
9,9,0.9134789
7,7,0.9999756
7,7,0.9996413
6,6,0.9999904
2,2,0.99999994
7,7,0.99999577
8,8,0.9999961
4,4,0.99998826
7,7,0.9999518
3,3,0.99865806
6,6,0.99999994
1,1,0.99902445
3,3,0.99999875
6,6,0.9999978
9,9,0.97097933
3,3,0.9993641
1,1,0.999794
4,4,0.97892195
1,1,0.9451555
7,7,0.9989855
6,6,0.99993855
9,9,0.9999991
6,6,0.9999991
0,0,0.9999959
5,5,0.9999965
4,4,0.99999994
9,9,0.9920497
9,9,0.99998575
2,2,0.9999837
1,1,0.99643135
9,9,0.9999178
4,4,0.99999994
8,8,0.99999803
7,7,0.98974955
3,3,0.9999636
9,9,0.9999804
7,7,0.99986935
4,4,0.9816769
4,4,0.9998825
4,4,0.99999887
9,9,0.9957038
2,2,0.98510677
5,5,0.9999996
4,4,0.99866676
7,7,0.99999565
6,6,0.99999994
7,7,0.9999586
9,9,0.9695372
0,0,0.9998393
5,5,0.9999978
8,8,0.99999994
5,5,0.9999998
6,6,0.99999017
6,6,0.99998814
5,5,0.99999124
7,7,0.999983
8,8,0.99999934
1,1,0.99994737
0,0,0.99998206
1,1,0.99971855
6,6,0.99999994
4,4,0.99883276
6,6,0.99998146
7,7,0.99999934
3,3,0.9997275
1,1,0.9999562
7,7,0.99970174
1,1,0.99947506
8,8,0.99999887
2,2,0.9999985
0,0,0.99999815
2,2,0.9933445
9,9,0.99997205
9,9,0.9905976
5,5,0.9999767
5,5,0.9998866
1,1,0.9993201
5,5,0.99999934
6,6,0.9999977
0,0,0.9999929
3,3,0.99524826
4,4,0.99980664
4,4,0.99224955
6,6,0.9999991
5,5,0.99999994
4,4,0.99999946
6,6,0.99999267
5,5,0.9999998
4,4,0.9999986
5,5,0.99740815
1,1,0.9994525
4,4,0.9999985
4,4,0.9999954
7,7,0.99586004
2,2,0.9995503
3,3,0.9998205
2,2,0.99999624
7,7,0.95917267
1,1,0.99814904
8,8,0.99989575
1,1,0.99996346
8,8,0.9999961
1,1,0.999845
8,8,0.99999696
5,5,0.9998174
0,0,0.9999997
8,8,0.9745141
9,9,0.9975565
2,2,0.9999662
5,5,0.99999887
0,0,0.9999991
1,1,0.9974382
1,1,0.98843616
1,1,0.9982915
0,0,0.99999326
9,9,0.94522053
0,0,0.9999954
3,3,0.97756463
1,1,0.9996487
6,6,0.9999892
4,4,0.9999972
2,2,0.9980995
3,3,0.99990934
6,6,0.9999996
1,1,0.99977756
1,1,0.99873525
1,1,0.9997885
3,3,0.99998385
9,9,0.99733526
5,5,0.99990636
2,2,0.9999998
9,9,0.9775468
4,4,0.99999756
5,5,0.9954737
9,9,0.99996537
3,3,0.99993056
9,9,0.9976944
0,0,0.99998945
3,3,0.9999998
6,6,0.9789462
5,5,0.99999684
5,5,0.99993855
7,7,0.99983835
2,2,0.99592274
2,2,0.99978733
7,7,0.9998603
1,1,0.99795437
2,2,0.9998799
8,8,0.99999803
4,4,0.9999376
1,1,0.99960476
7,7,0.9994613
3,3,0.99874896
3,3,0.9996753
8,8,0.9998708
8,8,0.99989146
7,7,0.99986553
9,9,0.9986609
2,2,0.99999994
2,2,0.9999952
4,4,0.9999978
1,1,0.9998238
5,5,0.9999946
9,9,0.9910071
8,8,0.99454194
7,7,0.9989631
2,2,0.9966068
3,3,0.99899507
0,0,0.9999998
4,4,0.6730839
4,4,0.9998947
2,2,0.9998417
4,4,0.99987906
1,1,0.9965773
9,9,0.9999892
5,5,0.9999437
7,7,0.9999637
7,7,0.99935013
2,2,0.99942625
8,8,0.998855
2,2,0.99999946
6,6,0.96283776
8,8,0.99999875
5,5,0.99927235
7,7,0.9999911
7,7,0.9999595
9,9,0.9600587
1,1,0.9998646
8,8,0.9775769
1,1,0.9999384
8,8,0.9999866
0,0,0.9999941
3,3,0.9999679
0,0,0.9999798
1,1,0.9998584
9,9,0.9997599
9,9,0.99996907
4,4,0.99997276
1,1,0.9999408
8,8,0.99999636
2,2,0.9999427
1,1,0.99977446
2,2,0.99992126
9,9,0.9998627
7,7,0.9921224
5,5,0.9999953
9,9,0.99982095
2,2,0.99999994
6,6,0.9990964
4,4,0.9998627
1,1,0.9989501
5,5,0.9998157
8,8,0.89965755
2,2,0.99900645
9,9,0.9980314
2,2,0.99999994
0,0,0.99999446
4,4,0.9999955
0,0,0.9999998
0,0,0.9999147
2,2,0.9998936
8,8,0.99997693
4,4,0.9997332
7,7,0.99983096
1,1,0.9998343
2,2,0.9999284
4,4,0.9999904
0,0,0.99998385
2,2,0.999975
7,7,0.99968743
4,4,0.9996704
3,3,0.9999952
3,3,0.9999942
0,0,0.9999594
0,0,0.99999815
3,3,0.99865794
1,1,0.9999115
9,9,0.9999079
6,6,0.9994222
5,5,0.99962753
2,2,0.9990602
5,5,0.9999985
9,8,0.551356
2,7,0.7868042
9,9,0.9991015
3,3,0.99999815
0,0,0.9597766
4,4,0.9996255
2,2,0.83621055
0,0,0.9999979
7,7,0.9999055
1,1,0.99991995
1,1,0.99973655
2,2,0.9999986
1,1,0.99992985
5,5,0.9966261
3,3,0.99999875
3,3,0.9997419
9,9,0.9963564
7,7,0.98692465
8,8,0.9997208
6,6,0.9997361
5,5,0.8160011
6,6,0.99949247
1,1,0.9997914
3,3,0.99998134
8,8,0.999975
1,1,0.99975145
0,0,0.999993
5,5,0.99946415
1,1,0.99975085
3,3,0.99923694
1,1,0.99863476
5,5,0.9999998
5,5,0.9999642
6,6,0.99999255
1,1,0.9995399
8,8,0.9985
5,5,0.99999934
1,1,0.99539137
7,7,0.99766046
9,9,0.81787264
4,4,0.99999374
6,6,0.99999994
2,2,0.99979496
2,2,0.99882597
5,5,0.9999998
0,0,0.99997014
6,6,0.964192
5,5,0.99999946
6,6,0.9992473
3,3,0.9998942
7,7,0.9999942
2,2,0.999999
0,0,0.9999779
8,8,0.99999934
8,8,0.99999624
5,5,0.99999946
4,4,0.9996655
1,1,0.9994334
1,1,0.9995646
4,4,0.99999875
0,0,0.99998087
3,3,0.99340665
3,3,0.99999386
7,7,0.99988526
6,6,0.9999998
1,1,0.9997306
6,6,0.9993891
2,2,0.9999952
1,1,0.9998052
9,9,0.9974505
2,2,0.9999992
8,8,0.9999694
6,6,0.9999985
1,1,0.9993401
9,9,0.9869602
5,5,0.99997765
2,2,0.9999972
5,5,0.9995882
4,4,0.99999696
4,4,0.9999717
2,2,0.9980007
8,8,0.99995655
3,3,0.9999936
8,8,0.99957246
2,2,0.9633945
4,4,0.9999985
5,5,0.9982677
0,0,0.99999887
3,3,0.9999812
1,1,0.9923663
7,7,0.9999998
7,7,0.9900376
5,5,0.9968246
7,7,0.99999696
9,9,0.99977684
7,7,0.999091
1,1,0.9999289
9,9,0.9708938
2,2,0.99999934
1,1,0.9997207
4,4,0.9933302
2,2,0.99902266
9,9,0.9997119
2,2,0.99999994
0,0,0.9999967
4,4,0.99998623
9,9,0.9998236
1,1,0.9995865
4,4,0.9999941
8,8,0.9999992
1,1,0.99992055
8,8,0.9982472
4,4,0.999668
5,5,0.99995965
9,9,0.9999488
8,8,0.95372295
8,8,0.999957
3,3,0.9999743
7,7,0.99974024
6,6,0.9993872
0,0,0.9999992
0,0,0.9999172
3,3,0.9999952
0,0,0.9992133
2,2,0.94624615
6,6,0.5704258
6,6,0.9996885
4,4,0.93812895
9,9,0.8469841
3,5,0.8444451
3,3,0.8371035
3,3,0.99999815
2,2,0.99984074
3,3,0.9999992
9,9,0.9999401
1,1,0.99979687
2,2,0.9948467
6,6,0.9961431
8,8,0.9999992
0,0,0.999994
5,5,0.9914169
6,6,0.99999994
6,6,0.9998617
6,6,0.99999994
3,3,0.977023
8,8,0.9998436
8,8,0.9999849
2,2,0.9999803
7,7,0.9983924
5,5,0.9996784
8,8,0.9999322
9,9,0.99431187
6,6,0.9999996
1,1,0.9978908
8,8,0.9999953
4,4,0.9999482
1,1,0.99984646
2,2,0.9999934
5,5,0.99929714
9,9,0.9954446
1,1,0.9996449
9,9,0.99999183
7,7,0.9999986
5,5,0.9999562
4,4,0.9999986
0,0,0.9999717
8,8,0.9999971
9,9,0.9998928
9,9,0.9892612
1,1,0.9995268
0,0,0.9991633
5,5,0.9998231
2,2,0.96272707
3,3,0.99999994
7,7,0.9999984
8,8,0.6807469
9,9,0.9999824
4,4,0.8676592
0,0,0.99986196
6,6,0.99867046
3,3,0.99999994
9,9,0.99999815
5,5,0.9999154
2,2,0.99999994
1,1,0.9988781
3,3,0.9999879
1,1,0.9997374
3,3,0.9991139
6,6,0.997651
5,5,0.9999507
7,7,0.9998059
4,4,0.92561084
2,2,0.9999991
2,2,0.99999994
6,6,0.99999577
3,3,0.99975157
2,2,0.9999991
6,6,0.99999887
5,5,0.9999905
4,4,0.9997349
8,8,0.9998374
9,9,0.9947984
7,7,0.9994596
1,1,0.99433404
3,3,0.99963844
0,0,0.999999
3,3,0.99992424
8,8,0.9999587
3,3,0.99922067
1,1,0.9998804
9,9,0.9974364
3,3,0.999784
4,4,0.99985576
4,4,0.9999998
6,6,0.9999694
4,4,0.9999985
2,2,0.99968255
1,1,0.99989873
8,8,0.99992913
2,2,0.9999626
5,5,0.99999183
4,4,0.99998266
8,8,0.9875786
8,8,0.98901534
4,4,0.99998873
0,0,0.9999363
0,0,0.9999992
2,2,0.9984883
3,3,0.9998781
2,2,0.9999998
7,7,0.99758434
7,7,0.93931437
0,0,0.9848345
8,8,0.9999377
7,7,0.9999878
4,4,0.9999867
4,4,0.9999954
7,7,0.9964322
9,9,0.99912333
6,6,0.99999756
9,9,0.9994866
0,0,0.9999507
9,9,0.9999301
8,8,0.99997157
0,0,0.9999729
4,4,0.99961156
6,6,0.9994741
0,0,0.9998729
6,6,0.9999977
3,3,0.99996954
5,5,0.99997896
4,4,0.95601445
8,8,0.99988204
3,3,0.99999577
3,3,0.9999971
9,9,0.9990665
3,3,0.9999494
3,3,0.9999985
3,3,0.9976413
7,7,0.99998885
8,8,0.9999189
0,0,0.99997896
8,2,0.658442
2,2,0.82776517
1,1,0.9993587
7,7,0.9999997
0,0,0.99999136
6,6,0.9999717
5,5,0.99998003
4,4,0.99999803
3,3,0.9999997
8,8,0.9399209
0,0,0.9999998
9,9,0.9202364
6,6,0.9999928
3,3,0.9999853
8,8,0.99988395
0,0,0.996772
9,9,0.9996505
9,9,0.99996215
6,6,0.99999803
8,8,0.99913776
6,6,0.99999994
8,8,0.99969876
5,5,0.9999997
7,7,0.99823403
8,8,0.9999952
6,6,0.9999997
0,0,0.9999903
2,2,0.9999954
4,4,0.99922705
0,0,0.99990433
2,2,0.99999994
2,2,0.97311354
3,3,0.9999843
1,1,0.99972665
9,9,0.99990255
7,7,0.99967074
5,5,0.99987966
1,1,0.7575287
0,0,0.99999934
8,8,0.999994
4,4,0.99999946
6,6,0.9999996
2,2,0.99551606
6,6,0.9886009
7,7,0.9999973
9,9,0.9993195
3,3,0.9998162
2,2,0.954428
9,9,0.99978805
8,8,0.9999986
2,2,0.999999
2,2,0.9999998
9,9,0.99999684
2,2,0.9993062
7,7,0.99999994
3,3,0.99705064
5,5,0.99995536
9,9,0.99786866
1,1,0.9984933
8,8,0.99998754
0,0,0.9998684
2,2,0.9999986
0,0,0.999999
5,5,0.996231
2,2,0.71669453
1,1,0.99990326
3,3,0.9999985
7,7,0.9996742
6,6,0.9997084
7,7,0.99999696
1,1,0.99993986
2,2,0.9999841
5,5,0.9988342
8,8,0.99930996
0,0,0.9999992
3,3,0.99999744
7,7,0.999452
2,1,0.36703134
4,4,0.9999985
0,0,0.999917
9,9,0.99999696
1,1,0.9999084
8,8,0.9999971
6,6,0.99999994
7,7,0.99771994
7,7,0.986354
4,4,0.9999997
3,3,0.9999898
4,4,0.9996568
9,9,0.99996203
1,1,0.9999239
9,9,0.9995201
5,5,0.98515505
1,1,0.99979043
7,7,0.9999315
3,3,0.99994797
9,9,0.99997264
7,7,0.9998734
6,6,0.9999992
9,9,0.999738
1,1,0.99972725
3,3,0.99920946
7,7,0.68317664
8,8,0.9983665
3,3,0.9999996
3,3,0.99999624
6,6,0.99911106
7,7,0.98884827
2,2,0.99996656
8,8,0.99923503
5,5,0.999149
8,8,0.99997276
5,5,0.99995893
1,1,0.9996953
1,1,0.9967849
4,4,0.99999875
4,4,0.9998574
3,3,0.99897456
1,1,0.9997909
0,0,0.999996
7,7,0.9989815
7,7,0.9999668
0,0,0.99999136
7,7,0.9999849
9,9,0.99998945
4,4,0.97338605
4,4,0.9999699
8,8,0.9999891
5,5,0.9999971
5,5,0.99996156
4,4,0.99933213
0,0,0.9998794
8,8,0.99999934
2,2,0.99942386
1,1,0.87530005
0,0,0.69338566
8,8,0.9999648
4,4,0.99999946
5,5,0.6920419
0,0,0.9999898
4,4,0.99999934
0,0,0.9965125
6,6,0.99999195
1,1,0.9995362
7,5,0.75935465
3,3,0.9999997
2,2,0.9998224
6,6,0.9999797
7,7,0.99940836
2,2,0.9999986
6,6,0.99999875
9,9,0.9999804
3,3,0.999958
1,1,0.9997239
4,4,0.99998814
6,6,0.99995214
2,2,0.99069744
5,5,0.9999469
4,9,0.53429586
2,2,0.99995905
0,0,0.99999994
6,6,0.9999563
2,2,0.9999998
1,1,0.99968445
7,7,0.99935335
3,3,0.99999803
4,4,0.99981165
1,1,0.9994012
0,0,0.9999941
5,5,0.99999887
4,4,0.9999972
3,3,0.9999705
1,1,0.9998873
1,1,0.99931866
7,7,0.9999898
4,4,0.99999815
9,9,0.99989337
9,9,0.99974763
4,4,0.9830567
8,8,0.9982533
4,4,0.99989265
0,0,0.99998564
2,2,0.9999686
4,4,0.999993
5,5,0.9999986
1,1,0.9996674
1,1,0.9998966
6,6,0.9997728
4,4,0.99999636
7,7,0.9986621
1,1,0.9987638
9,9,0.99996847
4,4,0.9950156
2,2,0.9999266
4,4,0.9998997
1,1,0.99982715
5,5,0.9999984
5,5,0.99997586
3,3,0.9998491
8,8,0.9980962
3,3,0.9999829
1,1,0.9997432
4,4,0.99999493
5,5,0.99998707
6,6,0.9959256
8,8,0.999999
9,9,0.9997426
4,4,0.9989624
1,1,0.9987286
5,5,0.9998819
3,3,0.99999994
8,8,0.9999998
0,0,0.9999992
3,3,0.9985557
2,2,0.999999
5,5,0.9942963
1,1,0.999784
2,2,0.99999994
8,8,0.9991307
3,3,0.99996346
4,4,0.9995068
4,4,0.99999994
0,0,0.9999961
8,8,0.9999998
8,8,0.99999994
3,3,0.99999934
3,3,0.9999874
1,1,0.99760514
7,7,0.9998188
3,3,0.9999991
5,5,0.99999994
9,8,0.5761716
6,6,0.99999064
3,3,0.9998672
2,2,0.9999955
6,6,0.99986386
1,1,0.9987156
3,3,0.9999997
6,6,0.9999915
0,0,0.99996215
7,7,0.99999887
2,2,0.9990928
1,1,0.9999072
7,7,0.9999985
1,1,0.99989516
4,4,0.9908402
2,2,0.9997153
4,4,0.9504626
2,2,0.99997824
1,1,0.9987255
7,7,0.99991876
9,9,0.9909806
6,6,0.9991394
1,1,0.9996462
1,1,0.999876
2,2,0.99972486
4,4,0.99999934
8,8,0.95336163
1,1,0.99787146
7,7,0.9999998
7,7,0.9986944
4,4,0.9999998
8,8,0.66373324
0,0,0.9999855
7,7,0.82623386
3,3,0.9999986
1,1,0.9998603
3,3,0.9999996
1,1,0.99988085
0,0,0.9999973
7,7,0.9999866
7,7,0.9997158
0,0,0.9999915
3,3,0.9999997
5,5,0.99989563
5,5,0.99989945
2,2,0.9999977
7,7,0.9996132
6,6,0.99999994
6,6,0.9999986
9,9,0.9993492
2,2,0.9995174
8,8,0.99999744
3,3,0.99998134
5,5,0.99947256
2,2,0.99998873
2,2,0.99994534
5,5,0.999999
6,6,0.9921222
0,0,0.9999977
8,8,0.9999141
2,2,0.9999977
9,9,0.9466482
2,2,0.9996433
8,8,0.9999998
8,8,0.999952
8,8,0.9999712
8,8,0.9999984
7,7,0.9998974
4,4,0.9902634
9,7,0.6627381
3,3,0.525314
0,0,0.999988
6,6,0.9997151
6,6,0.9999992
3,3,0.9999991
2,2,0.9999693
1,1,0.9999197
3,3,0.99683684
2,2,0.9999748
2,2,0.9999996
9,9,0.99992365
3,3,0.9993382
0,0,0.98740196
0,0,0.99815357
5,5,0.9999996
7,7,0.9196307
8,8,0.999999
1,1,0.986877
4,4,0.99999386
4,4,0.9914134
6,6,0.9999322
0,0,0.9999754
2,2,0.9999996
9,9,0.99990934
1,1,0.999395
4,4,0.9999551
7,7,0.9997529
4,4,0.99999934
7,7,0.99996907
3,3,0.9999997
9,9,0.99994
8,8,0.9999992
8,8,0.999877
4,4,0.99889314
7,7,0.9999873
1,1,0.99893016
2,2,0.9999878
1,1,0.9992374
2,2,0.9999998
2,2,0.9995381
3,3,0.99999994
2,7,0.74810016
3,3,0.9999992
2,2,0.9540387
3,3,0.99999446
9,9,0.99921256
1,1,0.99947363
7,7,0.9976289
4,4,0.9999638
0,0,0.99986076
3,3,0.9999948
5,5,0.99999946
5,5,0.99997395
8,8,0.9759668
6,6,0.99999994
3,5,0.6610117
2,2,0.9956865
6,6,0.9975288
7,7,0.9999947
6,6,0.9999991
6,6,0.99739754
3,3,0.9893126
2,2,0.9999996
7,7,0.99956924
8,9,0.654935
1,1,0.99976754
1,1,0.9995753
7,7,0.99863213
5,5,0.9996977
6,6,0.99995023
4,4,0.9999761
9,9,0.99990815
5,5,0.99988276
1,1,0.9853541
3,3,0.99985504
3,3,0.9708971
4,4,0.9998069
7,7,0.9998112
8,8,0.9999984
9,9,0.98153675
1,1,0.9973968
1,1,0.99838024
6,6,0.96971434
9,9,0.97943896
1,1,0.99992853
4,4,0.999996
4,4,0.9898693
5,5,0.9999947
4,4,0.9999967
0,0,0.9999998
6,6,0.99999994
2,2,0.9999991
2,2,0.9998381
3,3,0.99994105
1,1,0.9992738
5,5,0.9999935
1,1,0.9995777
2,2,0.99999994
0,0,0.9999936
3,3,0.9943926
8,8,0.99999756
1,1,0.9996062
2,2,0.9998462
6,6,0.9999793
7,7,0.99991494
1,1,0.9975105
6,6,0.99998945
2,2,0.99992055
3,3,0.9999991
9,9,0.9954204
0,0,0.9999824
1,1,0.9986293
2,2,0.99861556
2,2,0.99999875
0,0,0.9999997
8,8,0.99971676
9,9,0.98305076
9,9,0.9980223
0,0,0.9998813
2,2,0.9890177
5,5,0.99884063
1,1,0.9984128
9,9,0.99977136
7,7,0.99894804
8,8,0.99977255
1,1,0.9996087
0,0,0.9999934
4,4,0.99992114
1,1,0.99983263
7,7,0.9970161
9,9,0.9979971
6,5,0.9713906
4,4,0.999603
2,2,0.9999991
6,6,0.9996767
8,8,0.9999986
1,1,0.9997109
3,3,0.99999636
7,7,0.99956113
5,5,0.99857295
4,4,0.9999996
4,4,0.9998812
1,1,0.9998792
8,8,0.9934849
1,1,0.99959046
3,3,0.9999841
8,8,0.99998873
1,1,0.9995572
2,2,0.9993828
5,5,0.99000794
8,8,0.8592549
0,0,0.9999866
6,6,0.99999744
2,2,0.99999744
1,1,0.9995757
1,1,0.99837124
7,3,0.58615947
1,1,0.99944365
5,5,0.99999994
3,3,0.99990875
4,4,0.9999886
6,6,0.95615065
9,9,0.959925
5,5,0.9999822
0,0,0.9999986
9,9,0.9999916
2,2,0.99999994
2,2,0.9938556
4,4,0.9999011
8,8,0.99988216
2,2,0.99999934
1,1,0.99716884
7,7,0.9998069
2,2,0.99956757
4,4,0.99999636
9,9,0.9997301
4,4,0.9999891
4,4,0.9999793
0,0,0.9999353
3,3,0.71369094
9,9,0.99970746
2,2,0.99999434
2,2,0.9999513
3,3,0.9999804
3,3,0.99972856
8,8,0.9298792
3,3,0.9998152
5,5,0.9999997
7,7,0.9999499
3,3,0.9127531
5,5,0.9999698
8,8,0.9999998
1,1,0.9990977
2,2,0.9998522
4,4,0.9999266
4,4,0.9997568
6,6,0.9999835
4,4,0.9998126
9,9,0.9991761
5,5,0.9987524
1,1,0.99972904
0,0,0.99999994
6,6,0.99998075
9,9,0.99992436
5,5,0.99992937
9,9,0.9995499
5,5,0.99916464
9,9,0.99710107
7,7,0.99934787
3,3,0.99993473
8,8,0.9999189
0,0,0.9999965
3,3,0.9999903
7,7,0.9999357
1,1,0.9988762
3,3,0.99993175
6,6,0.99988145
7,7,0.9999959
8,8,0.99983716
5,5,0.99999994
9,9,0.99961287
7,7,0.99998873
9,9,0.9998772
6,6,0.99999994
9,9,0.9984362
6,6,0.9995826
3,3,0.9999829
7,7,0.9999973
4,4,0.9999898
4,6,0.97826976
5,5,0.9999996
3,3,0.60067946
5,5,0.99997765
4,4,0.9998979
7,7,0.9997107
8,8,0.9998102
7,7,0.9993269
8,8,0.999978
0,0,0.9982233
7,7,0.99865633
6,6,0.99999934
8,8,0.9916093
8,8,0.99991935
7,7,0.99998254
3,3,0.99998516
3,3,0.99059385
1,1,0.99950737
9,9,0.99993926
5,5,0.9999115
2,2,0.9999998
7,7,0.9997804
3,3,0.99999946
5,5,0.9999737
1,1,0.99901766
1,1,0.99957174
2,2,0.9916438
1,1,0.9997171
4,4,0.9999986
7,7,0.99998873
4,4,0.9999977
7,7,0.9841011
5,5,0.99999887
4,4,0.9997883
5,5,0.99989206
4,4,0.9910397
0,0,0.9999972
8,8,0.99999887
3,3,0.9998467
6,6,0.9996916
9,9,0.99891084
6,6,0.9974872
0,0,0.99995714
2,2,0.99999255
7,7,0.9498653
4,4,0.9992809
4,4,0.99999994
4,4,0.9971328
4,4,0.99999946
6,6,0.9998288
6,6,0.99999994
4,4,0.99999326
7,7,0.99996716
9,9,0.9995765
3,3,0.9817037
4,4,0.9989403
5,5,0.9999953
5,5,0.9974211
8,8,0.9999998
7,7,0.99998504
3,3,0.9999991
7,7,0.99885076
2,2,0.9999986
7,7,0.9999247
0,0,0.99999815
2,2,0.9999971
4,4,0.6435854
1,1,0.9990815
1,1,0.99988323
6,6,0.91807663
6,6,0.58855015
9,9,0.99872094
2,2,0.99782234
8,8,0.99998003
7,7,0.99999994
2,2,0.99964976
0,0,0.99998635
1,1,0.9992912
5,5,0.99999744
0,0,0.9880957
9,9,0.9386084
1,1,0.9998181
7,7,0.9996973
0,0,0.999994
6,6,0.9999644
0,0,0.9999264
8,8,0.9999804
6,6,0.999888
8,8,0.9989743
1,1,0.9988612
8,8,0.9967122
0,0,0.99999934
3,3,0.9965941
3,3,0.99999994
7,7,0.98555994
2,2,0.99999994
3,3,0.99992615
6,6,0.989095
2,2,0.99999934
1,1,0.9997293
6,6,0.9804123
1,1,0.9998886
1,1,0.99728864
3,3,0.9999849
7,7,0.9910688
9,9,0.99337447
0,0,0.9999973
8,8,0.99996
0,0,0.999952
5,5,0.99999243
4,4,0.9999998
0,0,0.999957
2,2,0.96888626
8,8,0.9999996
7,2,0.9413648
2,2,0.9999884
9,9,0.9992893
8,8,0.9999936
4,4,0.9993294
0,0,0.99999505
9,4,0.8769426
5,5,0.99999803
8,8,0.9996254
5,5,0.9999314
1,1,0.9983209
2,2,0.9999066
1,1,0.9998942
3,3,0.9987745
1,1,0.99837315
7,7,0.9999588
4,4,0.54583985
5,5,0.99980664
7,7,0.9996223
2,2,0.99999994
0,0,0.99978137
9,5,0.89918363
8,8,0.9983729
8,8,0.9999959
6,6,0.9989025
2,2,0.99997014
5,5,0.9996784
4,4,0.9999935
1,1,0.99974084
9,9,0.99991935
2,2,0.9992114
1,1,0.9998238
5,5,0.98740435
8,8,0.99984145
7,7,0.58752626
0,0,0.99999875
2,2,0.99998933
4,4,0.9969174
4,4,0.9994308
3,3,0.9999333
6,6,0.9998922
8,8,0.9999997
8,8,0.999993
2,2,0.99993867
4,4,0.99798137
0,0,0.99999565
5,5,0.9999867
0,0,0.996031
4,4,0.97636825
4,4,0.9998806
7,7,0.9999948
9,9,0.99948436
3,3,0.9999998
4,4,0.986465
1,1,0.9997914
5,5,0.9992838
9,9,0.9997833
7,7,0.9991564
3,3,0.9999998
5,5,0.9999952
8,8,0.9999744
8,8,0.9999806
0,0,0.9999555
5,5,0.99391687
3,3,0.6264055
3,3,0.9999942
6,6,0.9868308
6,6,0.99999994
0,0,0.99999934
1,1,0.9998288
6,6,0.99827105
0,0,0.99999815
3,3,0.99997634
5,3,0.46052322
4,4,0.99986124
4,4,0.99966836
1,1,0.9985621
2,2,0.99999315
9,9,0.9999947
1,1,0.9999332
4,4,0.99999756
6,6,0.9999985
9,9,0.9999936
9,9,0.99996966
3,3,0.9990191
9,9,0.99834466
8,8,0.9999034
4,4,0.9999934
4,4,0.99999994
3,3,0.9999055
1,1,0.99996
3,3,0.9999997
1,1,0.9993079
8,0,0.65711695
8,8,0.99918014
7,7,0.99990076
9,9,0.999903
4,4,0.9999996
8,8,0.99946606
8,8,0.9999103
7,7,0.7988371
9,9,0.99972224
7,7,0.8526316
1,1,0.99982643
4,4,0.99955124
5,5,0.99875796
6,6,0.9999998
0,0,0.9999996
5,5,0.9999005
2,2,0.99975777
2,2,0.9999762
2,2,0.9896257
1,1,0.9996194
5,5,0.9997252
5,5,0.9998653
2,2,0.99999934
4,4,0.9999998
9,9,0.9992273
6,6,0.98909503
2,2,0.99823666
7,7,0.9999742
7,7,0.9998441
2,2,0.9999853
2,2,0.9958883
1,1,0.99990624
1,1,0.9994513
2,2,0.9997935
8,8,0.99994403
3,3,0.9999184
7,7,0.98929304
2,2,0.99757814
4,4,0.99978447
1,1,0.9997883
7,7,0.9999803
1,1,0.9994043
7,7,0.9999898
6,6,0.99999994
7,7,0.99998397
8,8,0.9677261
2,2,0.9999487
7,7,0.9999973
3,3,0.9999997
1,1,0.9953145
7,7,0.99999195
5,5,0.9999699
8,8,0.9999996
2,2,0.99996287
6,6,0.9999998
2,2,0.9999668
2,2,0.9994205
5,5,0.9999998
6,6,0.9998224
5,5,0.76151294
0,0,0.9999997
9,9,0.9998615
2,2,0.9999661
4,4,0.99999994
3,3,0.9997704
3,3,0.9999204
9,9,0.99738234
7,7,0.999973
6,6,0.99999684
6,6,0.99999684
8,8,0.9999984
0,0,0.99999875
4,4,0.9999805
1,1,0.99879265
5,3,0.8562807
8,8,0.99903923
2,2,0.97523
9,9,0.99930143
1,1,0.99944866
8,8,0.9999463
0,0,0.9999928
6,6,0.99990124
7,7,0.99982285
2,2,0.846096
1,1,0.953497
0,0,0.9998245
5,5,0.9991601
5,5,0.99850833
2,2,0.99999994
0,0,0.9999636
2,2,0.9999477
2,2,0.9998567
0,0,0.9933742
2,2,0.99964356
4,4,0.9998367
9,9,0.4517706
8,8,0.99803704
0,0,0.99999636
9,9,0.9997448
9,9,0.99998254
4,4,0.9999855
6,6,0.99999756
5,5,0.9999942
4,4,0.99999875
9,9,0.99903816
1,1,0.9994939
8,8,0.90231365
3,3,0.9999971
4,4,0.99988824
9,9,0.99982834
9,9,0.9824863
1,1,0.99975467
2,2,0.99999434
2,2,0.99996287
8,8,0.998436
1,1,0.99984956
9,9,0.9991245
6,6,0.99026316
4,4,0.9992591
0,0,0.993973
9,9,0.9794934
4,4,0.98599166
8,8,0.9987936
3,3,0.9999941
8,8,0.9999996
6,6,0.99805146
0,0,0.99999744
2,2,0.9999657
5,5,0.9653491
1,1,0.99960107
9,9,0.99998564
6,6,0.9999986
2,2,0.999981
9,9,0.9999568
4,4,0.9929432
0,0,0.999952
9,9,0.98710567
6,6,0.99998933
0,0,0.9999998
6,6,0.99992555
2,2,0.965573
5,5,0.9999966
4,4,0.99999887
2,2,0.9981969
3,3,0.9999916
8,8,0.99896574
4,4,0.9981457
5,5,0.97827196
5,5,0.99994034
0,0,0.9999414
3,3,0.99719757
8,8,0.99995035
5,5,0.99999887
3,3,0.99967456
5,5,0.99979615
8,8,0.999953
6,6,0.9993513
5,5,0.9998243
7,7,0.9998357
6,6,0.9997721
3,3,0.99999994
3,3,0.9999973
9,9,0.9997871
6,6,0.9998362
1,1,0.99906343
1,1,0.99965394
2,2,0.9999996
9,9,0.99997133
0,0,0.99999136
4,4,0.9999655
3,3,0.9999948
3,3,0.99941456
6,6,0.99999994
9,9,0.98801005
5,5,0.9999812
7,7,0.9978496
3,3,0.98983353
7,7,0.97801375
7,7,0.9999979
7,7,0.99999815
8,8,0.999996
7,7,0.9192444
9,9,0.9999843
8,8,0.9920819
3,3,0.9998924
0,0,0.9999959
7,7,0.99840826
2,2,0.99999946
7,7,0.9990464
9,9,0.98764724
4,4,0.97988963
5,5,0.9999613
4,4,0.9996804
9,9,0.99997765
3,3,0.9999564
2,2,0.99705935
1,1,0.99926376
4,4,0.9987017
0,0,0.9999992
2,2,0.99995905
3,3,0.999999
7,7,0.99997014
5,5,0.9999997
7,7,0.79487914
8,8,0.995335
8,8,0.99998003
5,5,0.99994224
0,0,0.9998169
1,1,0.7046354
1,1,0.9997821
4,4,0.99999994
8,7,0.75046074
3,3,0.9973336
9,9,0.998155
0,0,0.99823487
0,0,0.9999015
0,0,0.99998707
6,6,0.9999885
6,6,0.99999803
2,2,0.99996537
3,3,0.9999983
7,7,0.99998504
8,8,0.9999972
4,4,0.9999996
7,7,0.9983586
7,7,0.99999994
9,9,0.99997
2,2,0.9999886
4,4,0.9996649
1,1,0.99700314
4,4,0.7272824
5,5,0.9994534
2,2,0.993403
4,4,0.99989873
9,9,0.8552649
9,9,0.90938085
1,1,0.99977994
8,8,0.99999934
4,4,0.9999986
0,0,0.9998064
9,9,0.68398947
8,8,0.99999887
4,4,0.9999986
8,8,0.9997058
7,7,0.9999729
7,7,0.9999644
0,0,0.99999315
7,7,0.98717827
8,8,0.9999998
8,8,0.9999954
6,6,0.99813867
0,0,0.95401555
4,4,0.9999903
8,8,0.9999673
8,8,0.9999549
2,2,0.99999994
4,4,0.9999998
7,7,0.9997575
6,6,0.9999996
6,6,0.99999875
6,6,0.99952525
4,4,0.99975944
7,7,0.9950971
1,1,0.99983096
8,8,0.99742526
8,8,0.99930984
2,2,0.99999934
3,3,0.9998393
6,6,0.9986513
3,3,0.99999994
0,0,0.9999953
0,0,0.9999916
3,3,0.99979377
7,7,0.99995285
6,6,0.99971735
9,9,0.99616593
7,7,0.9995782
9,9,0.99985886
9,9,0.9923577
5,5,0.9999977
4,4,0.9999928
3,3,0.8760845
3,3,0.99894863
6,6,0.99998647
1,1,0.99990374
2,2,0.9999568
3,3,0.99999815
7,7,0.99997145
3,3,0.9934384
3,3,0.99999636
2,2,0.92799723
0,0,0.99999875
3,3,0.91508746
3,3,0.99963313
8,8,0.9999861
4,4,0.9987251
3,3,0.9999955
6,6,0.9999804
3,3,0.99971807
5,5,0.99943435
0,0,0.9998703
2,2,0.9985707
0,6,0.8795599
9,9,0.9999537
0,0,0.99999815
7,7,0.99995905
4,4,0.9999998
6,6,0.99848014
9,9,0.9999351
3,3,0.9999786
5,5,0.9999996
1,1,0.9998634
9,9,0.999203
6,6,0.9999986
1,1,0.9999476
4,4,0.8638849
5,5,0.9999909
4,4,0.9994808
5,5,0.99821985
0,0,0.9999836
5,5,0.9999744
9,9,0.9995826
5,5,0.998093
2,2,0.9999134
1,1,0.99985933
2,2,0.9981931
9,9,0.9999967
1,1,0.99990374
9,9,0.99949294
9,9,0.99738926
4,4,0.9999451
0,0,0.99998766
8,8,0.99999815
4,4,0.9999741
5,5,0.99999756
2,2,0.99284106
9,9,0.9997685
2,2,0.9999983
1,1,0.999436
2,2,0.9999872
1,1,0.9995274
7,7,0.99916047
3,3,0.9999897
6,6,0.99999994
8,8,0.999999
8,8,0.9999719
4,4,0.99998766
9,9,0.99997216
1,1,0.9996445
9,9,0.99988204
8,8,0.9999152
5,5,0.9998448
7,7,0.9932436
5,5,0.99998647
1,1,0.9797168
1,1,0.99970794
8,8,0.99998397
6,6,0.99805754
5,5,0.9998388
2,2,0.99484056
4,4,0.9999996
4,4,0.9999073
3,3,0.50257367
2,2,0.99986506
3,3,0.99999994
5,5,0.9999923
6,6,0.9999996
8,6,0.61869144
8,8,0.9988538
6,6,0.99980664
2,2,0.9975829
3,3,0.9999588
1,1,0.9865271
0,0,0.9999954
5,5,0.9999942
8,8,0.9976025
9,9,0.98517597
2,2,0.9991626
9,9,0.99077904
6,6,0.99999994
7,7,0.9999992
0,0,0.999999
4,4,0.9904647
8,8,0.9967789
7,7,0.998296
1,1,0.9993307
7,7,0.9999581
4,4,0.99998826
1,1,0.99839395
0,0,0.99999577
9,5,0.87706584
7,7,0.9996211
2,2,0.9996175
0,0,0.99988896
0,0,0.99992186
9,9,0.99998754
1,1,0.99971735
7,7,0.9265388
8,8,0.9577147
7,7,0.9984483
8,8,0.9999985
4,4,0.9998412
7,7,0.89423496
2,7,0.8346028
0,0,0.9999991
4,4,0.99999756
6,6,0.9956269
0,0,0.99999946
3,3,0.9999735
1,1,0.99978805
1,1,0.99894327
3,3,0.99947125
3,3,0.99999934
9,9,0.9996273
6,6,0.9999991
7,7,0.99999994
4,4,0.99984956
1,1,0.99968076
5,5,0.89178413
3,3,0.99999803
0,0,0.9999959
8,8,0.99875546
7,7,0.9998188
3,3,0.9999953
9,9,0.9997566
6,6,0.99999803
9,9,0.99984
3,3,0.99981713
5,5,0.99788123
0,0,0.99771243
2,2,0.9999947
7,7,0.999642
4,4,0.99584365
5,5,0.99999624
1,1,0.99976325
7,2,0.49839556
5,5,0.9995218
8,8,0.99995834
0,0,0.9999766
8,8,0.99999946
8,8,0.99700004
1,1,0.9995808
5,5,0.9998812
0,0,0.9993998
3,3,0.9998875
0,0,0.9999874
3,3,0.99998933
1,1,0.99981093
4,4,0.9999942
0,0,0.99999744
3,3,0.9991841
7,7,0.99997896
2,2,0.9999977
7,7,0.9999841
1,1,0.90389603
8,8,0.9990988
0,0,0.999343
7,7,0.999815
0,0,0.9999991
4,4,0.9998522
3,3,0.9999432
1,1,0.99988824
9,9,0.99990875
8,8,0.9878051
7,7,0.999996
7,7,0.99999744
1,1,0.99801826
4,4,0.99971867
9,9,0.9999973
9,9,0.99912083
3,3,0.9993742
2,7,0.6809584
1,1,0.99975824
7,7,0.99991006
9,9,0.99999064
0,0,0.9997196
2,2,0.99999994
0,0,0.9999942
3,3,0.9967848
3,3,0.99994785
7,7,0.99999374
6,6,0.9998667
9,9,0.99993235
2,2,0.99998754
3,3,0.99999315
3,3,0.99999994
7,7,0.9999985
7,7,0.999922
0,0,0.9999965
0,0,0.9976512
7,7,0.9909105
5,5,0.9999959
2,2,0.9986548
9,9,0.9999823
8,8,0.99991816
7,7,0.99997145
4,4,0.9999984
4,4,0.99986076
2,2,0.99997276
6,6,0.99998814
6,6,0.9996604
1,1,0.9999483
9,9,0.99999505
6,6,0.99534553
8,8,0.9918038
2,2,0.99999636
9,9,0.99602747
0,0,0.99999195
8,8,0.9999996
3,3,0.988354
1,1,0.99817234
1,1,0.999805
6,6,0.99994105
3,3,0.99995047
5,5,0.99995774
1,1,0.99986553
1,1,0.9988996
1,1,0.99960023
3,3,0.9999321
1,1,0.9973545
2,2,0.99963963
3,3,0.99999946
0,0,0.9999643
2,2,0.9996718
0,0,0.99979925
1,1,0.999081
3,3,0.99999994
5,5,0.9999172
5,5,0.99743915
7,7,0.99991053
4,4,0.99807286
8,8,0.9923447
9,9,0.9993213
6,6,0.99986625
9,9,0.9997926
6,6,0.99999994
8,8,0.99985385
3,3,0.99756783
6,6,0.9999729
6,6,0.99999946
8,8,0.9999997
5,5,0.99995345
1,1,0.9993374
4,4,0.99977136
2,2,0.9999998
4,4,0.9999973
4,4,0.97938114
5,5,0.99997824
1,1,0.99986196
1,1,0.9708914
9,9,0.999295
0,0,0.9999986
2,2,0.8941626
4,4,0.9999804
9,9,0.9999934
5,5,0.99982166
7,7,0.9999991
1,1,0.9998746
8,8,0.9998943
8,8,0.64259344
5,5,0.99990064
6,6,0.99907005
9,9,0.999851
8,8,0.9999971
7,7,0.9990346
1,1,0.99886787
1,1,0.9994939
6,6,0.999196
7,7,0.99995655
6,6,0.9973908
3,3,0.99996156
2,2,0.99999994
2,2,0.99999994
0,0,0.999999
8,8,0.9999991
9,9,0.97929764
2,2,0.9999992
5,5,0.9999954
1,1,0.9998658
0,0,0.9972059
8,8,0.99965775
1,1,0.99406946
9,4,0.55522776
5,5,0.9999433
7,7,0.993168
9,9,0.9985826
6,6,0.99999934
9,9,0.9997505
0,0,0.999991
6,6,0.99919313
1,1,0.94696325
5,5,0.9999142
5,5,0.99683285
8,8,0.99988407
3,3,0.99919695
8,8,0.9999979
2,2,0.9999438
6,6,0.999707
5,5,0.9999812
0,0,0.999973
7,7,0.99999875
4,4,0.99955255
6,6,0.99999994
1,1,0.9998779
3,3,0.99999994
4,4,0.9987232
7,7,0.99999624
3,3,0.99952954
2,2,0.9999309
3,3,0.99997383
4,4,0.998535
2,2,0.9999971
5,5,0.999993
2,2,0.9998937
7,7,0.9994515
1,1,0.999784
7,7,0.9998892
2,2,0.9999996
6,6,0.9998703
4,4,0.9962813
1,1,0.9994515
5,5,0.99502414
7,7,0.95836264
8,8,0.9999611
6,6,0.99955267
0,0,0.9999843
1,1,0.99892646
8,8,0.99999887
2,2,0.99985886
5,5,0.9959826
7,7,0.9990828
7,7,0.99999267
6,6,0.9999791
9,9,0.994005
3,3,0.99971807
5,5,0.99920887
8,8,0.92783237
4,4,0.99964666
2,2,0.9999996
4,4,0.9999998
0,0,0.9999736
8,8,0.9999961
8,8,0.9998727
3,3,0.9999998
4,4,0.9984914
9,9,0.99966717
2,2,0.9984594
7,7,0.9999998
5,5,0.9999996
8,8,0.9959878
6,6,0.9974371
5,5,0.99999875
6,6,0.9999929
0,0,0.9999985
8,8,0.9994694
6,6,0.999999
7,7,0.99999684
3,3,0.9990895
6,6,0.999999
4,4,0.99998444
9,9,0.9998943
4,4,0.99999994
6,6,0.9997635
6,6,0.45136437
3,3,0.9999848
2,2,0.9999928
4,4,0.9999967
1,1,0.9998274
0,0,0.99957556
1,1,0.9986264
4,4,0.97031665
6,6,0.99994785
2,2,0.99999374
9,9,0.8544597
1,1,0.9729304
1,1,0.9979792
0,0,0.99997956
6,6,0.99993426
3,3,0.9999948
9,9,0.99701285
5,5,0.9995759
6,6,0.99980426
5,5,0.9995839
6,6,0.999991
5,5,0.9999501
8,8,0.99960977
4,4,0.999955
6,6,0.9999822
4,4,0.9999998
3,3,0.99996144
9,9,0.99848485
1,1,0.9999109
3,3,0.99997455
4,4,0.99999744
1,1,0.9994735
9,9,0.9996412
1,1,0.99956256
7,7,0.98519003
1,1,0.99949247
1,1,0.36072513
9,9,0.9989588
3,3,0.99987125
5,5,0.99999744
4,4,0.99999005
0,0,0.99848145
7,7,0.99496174
3,3,0.9304804
6,6,0.9999985
1,1,0.9936705
7,7,0.9978326
5,5,0.9993024
5,5,0.99992114
3,3,0.99999994
3,3,0.99999994
0,0,0.9999649
1,1,0.99962217
5,3,0.852327
7,7,0.99998873
5,5,0.9996162
8,8,0.99987006
6,6,0.9999961
5,5,0.9487572
1,1,0.9998195
0,0,0.9999996
4,4,0.5492604
2,2,0.9976128
3,3,0.9999748
4,4,0.99999493
6,6,0.99995106
7,7,0.99966073
9,9,0.9901194
8,8,0.9999799
1,1,0.9997792
8,8,0.9943408
4,4,0.8967439
9,9,0.9996125
2,2,0.9999606
8,8,0.9997766
6,6,0.99999326
2,2,0.9989119
7,7,0.99936575
0,0,0.9998758
0,0,0.99993914
6,6,0.99999994
7,7,0.993774
5,5,0.9999767
8,8,0.99999875
6,6,0.9998818
0,0,0.9999588
9,9,0.99988097
3,3,0.9999984
7,7,0.61289996
1,1,0.9981136
3,3,0.9999996
5,5,0.99996954
4,4,0.99814093
3,3,0.9997835
3,3,0.99999934
5,5,0.99996835
5,5,0.99999887
6,6,0.9999742
3,3,0.9999986
0,0,0.99998826
2,2,0.9999476
3,3,0.9999996
4,4,0.9925847
2,2,0.9999762
3,3,0.9999996
0,0,0.99998564
9,9,0.99998885
9,9,0.99901026
4,4,0.9357755
7,7,0.99999064
2,2,0.99999946
8,8,0.9082519
4,4,0.9991558
7,7,0.9999607
0,0,0.9999977
6,6,0.99998564
2,0,0.83464855
8,8,0.99977255
5,5,0.99998885
2,2,0.9998274
8,8,0.99999636
5,5,0.99948615
7,7,0.9999718
3,3,0.99379426
0,0,0.9999532
8,8,0.9501045
2,2,0.9999781
3,3,0.46555713
2,2,0.99996513
8,8,0.9999991
2,2,0.9999942
5,5,0.99902326
5,5,0.99999934
7,7,0.9999774
6,6,0.99868524
4,4,0.9999998
6,0,0.8871932
8,8,0.9999954
4,4,0.9999997
8,8,0.9997505
2,2,0.9999452
7,7,0.99899316
4,4,0.9999998
5,5,0.9991125
2,2,0.9999991
0,0,0.9999979
3,3,0.9999985
9,8,0.5865232
4,9,0.8719408
6,6,0.99634457
7,7,0.99996966
2,2,0.99997574
5,5,0.99999017
6,1,0.94471574
1,1,0.999608
1,1,0.99984384
2,2,0.9982872
3,3,0.99999946
6,6,0.9999998
7,7,0.99998957
8,8,0.9998866
7,7,0.9998462
6,6,0.9998978
4,4,0.9999965
8,8,0.9999984
9,9,0.9890516
4,4,0.9351681
8,8,0.99926734
6,6,0.9999899
3,3,0.9999868
8,8,0.9999886
3,3,0.99831706
1,1,0.99986696
0,0,0.99990743
6,6,0.99999744
2,2,0.9999227
2,2,0.999753
5,5,0.9998708
6,6,0.99999315
9,9,0.9930963
5,5,0.99960965
8,8,0.9999997
1,1,0.99978995
4,4,0.9999998
1,1,0.9977109
7,7,0.9999235
8,8,0.9992103
4,4,0.99959654
6,6,0.99999994
1,1,0.9992263
8,8,0.9999998
4,4,0.999999
3,3,0.9678081
1,1,0.9853678
2,2,0.9999967
8,8,0.99999875
0,0,0.99999887
8,8,0.9995758
5,5,0.99999946
9,9,0.9999551
1,1,0.6883787
4,4,0.9998503
2,2,0.99999434
0,0,0.88316274
2,2,0.8505893
7,7,0.9999992
0,0,0.9996724
9,9,0.72970337
0,0,0.999841
2,2,0.99999684
5,5,0.99997383
7,7,0.9997642
6,6,0.99992913
7,7,0.993302
9,9,0.9996292
4,4,0.9995263
2,2,0.9997411
6,6,0.9996575
2,2,0.99991137
4,4,0.9999991
4,4,0.99996907
8,8,0.99999624
0,0,0.99969006
4,4,0.999981
4,4,0.9999874
5,5,0.9999997
8,8,0.99995106
0,0,0.9999611
6,6,0.9999742
8,8,0.9999977
9,9,0.9927387
8,8,0.9999998
5,5,0.999999
6,6,0.9999457
9,9,0.99983454
0,0,0.9999978
4,4,0.9999221
8,8,0.99999815
7,7,0.9999955
1,1,0.99874693
3,3,0.99921364
4,4,0.9999413
5,5,0.9653072
8,8,0.99915296
0,0,0.9999723
9,9,0.9990055
1,1,0.99936765
3,3,0.99997956
3,3,0.9999998
6,6,0.99999994
9,9,0.99898744
8,8,0.99999815
7,7,0.99987555
1,1,0.9996168
0,0,0.99999946
5,5,0.98632836
7,7,0.9999756
1,1,0.9998121
7,7,0.9999997
5,5,0.9996194
2,2,0.99360406
7,7,0.9998777
9,9,0.9990696
1,1,0.99184453
8,8,0.99995536
5,5,0.9999971
2,2,0.99995667
4,4,0.99999994
9,9,0.99943936
4,4,0.99998266
7,7,0.99993664
2,2,0.99999934
2,2,0.99993855
3,3,0.9999524
4,4,0.99999994
9,9,0.99997944
1,1,0.9971046
9,9,0.99990624
2,2,0.9999917
1,1,0.9997616
7,7,0.9989291
9,9,0.9999997
4,4,0.99999636
4,4,0.9999897
1,1,0.8717673
6,6,0.99999744
7,7,0.9999792
2,2,0.99996847
7,7,0.9999884
8,8,0.99999326
8,8,0.99521667
1,1,0.9990816
9,9,0.9997376
7,7,0.999947
1,1,0.91291136
1,1,0.99854845
7,7,0.9999934
5,5,0.99995464
3,5,0.74950147
3,3,0.9999967
5,5,0.99999434
1,1,0.99984336
3,3,0.99998194
7,7,0.9999985
6,6,0.9999954
1,1,0.999953
3,3,0.9977547
8,8,0.9990945
7,7,0.99986863
5,5,0.99870586
9,9,0.9997566
9,6,0.6718007
0,0,0.99984384
0,0,0.9999936
2,2,0.99902207
8,8,0.99999326
8,8,0.9763449
2,2,0.99854654
3,3,0.9997866
7,7,0.99998873
1,1,0.99782485
3,3,0.99999636
0,0,0.9999983
3,3,0.9969821
4,4,0.9999067
4,4,0.9997138
3,3,0.9641942
8,8,0.9964574
9,9,0.9996605
2,2,0.9999934
3,3,0.9994734
9,9,0.9996934
7,7,0.9987069
1,1,0.99976516
1,1,0.9999034
7,7,0.9999823
0,0,0.87026685
4,4,0.9999867
9,9,0.9827643
6,6,0.9999998
5,5,0.9999899
9,9,0.99999326
1,1,0.99955004
7,7,0.99970055
0,0,0.99660134
2,2,0.9999489
0,0,0.9999941
0,0,0.9560756
4,4,0.9999853
6,6,0.9999991
7,7,0.999983
0,0,0.9995236
7,7,0.99990255
1,1,0.99990076
4,4,0.99999946
6,6,0.99999994
4,4,0.99996036
5,5,0.9768236
4,4,0.99999994
9,9,0.9999457
9,9,0.99995023
1,1,0.9332609
7,7,0.9999991
9,9,0.9971924
5,5,0.99999994
3,3,0.9999842
3,3,0.99993294
8,8,0.99999994
2,2,0.99999994
3,3,0.99815273
6,6,0.99999994
2,2,0.99999017
2,2,0.9999997
1,1,0.99661356
1,1,0.999942
1,1,0.99991196
1,1,0.9998319
1,1,0.99963015
6,6,0.9999997
9,9,0.99354863
8,8,0.9997926
4,4,0.99599946
3,3,0.9999495
7,7,0.9999891
1,1,0.9991175
6,6,0.99998194
4,4,0.99999875
5,5,0.930056
0,0,0.9996512
4,4,0.99838895
7,7,0.9994036
4,4,0.9999915
2,2,0.99992675
4,4,0.9999996
0,0,0.9999798
7,7,0.9974545
0,0,0.99996525
1,1,0.99988264
9,9,0.9591067
8,8,0.9996377
8,8,0.9981032
6,6,0.9999979
0,0,0.99966764
0,0,0.99999493
4,4,0.99260664
9,1,0.70599663
6,6,0.99998564
8,8,0.9999998
2,2,0.9999967
2,2,0.99999577
3,3,0.99998266
8,8,0.9998419
4,4,0.9994841
8,8,0.99798554
2,2,0.99997836
2,2,0.9996088
1,1,0.9914658
7,7,0.99999636
5,5,0.999909
4,4,0.9999998
4,4,0.9999878
0,0,0.9999407
4,4,0.9996573
3,3,0.9994229
9,9,0.74976015
7,7,0.9999998
3,3,0.9996885
1,1,0.99606925
0,0,0.999996
1,1,0.99991924
2,2,0.9997076
5,5,0.9999991
9,4,0.6036714
2,2,0.9997332
1,1,0.9993705
0,0,0.99609226
1,1,0.9997597
8,8,0.9999601
9,9,0.9999818
1,1,0.99932593
6,6,0.99786127
8,8,0.9999203
3,3,0.99999684
8,8,0.99971414
9,9,0.91949105
3,3,0.999999
6,6,0.9999967
2,2,0.99935395
8,8,0.99997
3,3,0.9999985
2,2,0.99995595
2,2,0.9963448
1,1,0.9999072
0,0,0.9999948
4,4,0.99999994
2,2,0.9919734
9,9,0.99860406
2,2,0.99995464
4,4,0.9999996
3,3,0.99903244
7,7,0.99999434
9,9,0.9999303
1,1,0.99941695
5,5,0.99997634
2,2,0.9999998
4,4,0.7952221
9,9,0.99447554
0,0,0.99963325
3,3,0.9970889
8,8,0.9999996
5,5,0.9999998
3,3,0.9999935
6,6,0.85218567
0,0,0.9878452
9,9,0.99922305
4,4,0.97895974
6,6,0.9999998
2,2,0.9976995
5,5,0.9988798
0,0,0.9999837
2,0,0.8316649
7,7,0.9987158
4,4,0.99998194
6,6,0.99999994
6,6,0.9998331
8,8,0.99999684
6,6,0.999999
6,6,0.9999564
8,8,0.9999977
6,6,0.99999076
9,9,0.98695403
1,1,0.98074067
7,7,0.9996911
2,2,0.99994713
5,5,0.9983185
9,9,0.99963546
9,9,0.9976995
0,0,0.9999365
7,7,0.98605055
2,2,0.9996886
7,7,0.9999574
6,6,0.99998003
7,7,0.99992746
0,0,0.9999942
6,6,0.99999994
5,5,0.99999624
2,4,0.5168748
4,4,0.99998933
7,7,0.99576426
2,2,0.999988
0,0,0.99998957
9,9,0.99994165
9,9,0.99992555
2,2,0.9999991
2,2,0.99989086
9,9,0.9956187
4,4,0.99995285
4,4,0.9999998
2,2,0.99996704
3,3,0.9999997
3,3,0.99999934
2,2,0.99999994
1,1,0.99524766
7,7,0.99999994
0,0,0.9999792
7,7,0.99381167
6,6,0.9992257
4,4,0.9999582
1,1,0.9994544
3,3,0.99998564
8,8,0.99976516
7,7,0.99983287
4,4,0.9106745
5,5,0.9988281
9,9,0.9998818
2,2,0.9999173
5,5,0.9999998
1,1,0.99799055
8,8,0.99998814
7,7,0.9999623
3,3,0.99996346
7,7,0.9999419
1,1,0.9993438
5,5,0.9996729
5,5,0.9996941
0,0,0.9999159
9,9,0.9989784
1,1,0.9997935
4,4,0.9999985
0,0,0.9999991
6,6,0.960826
3,3,0.99930215
3,3,0.96021277
6,6,0.9999923
0,0,0.9999972
4,4,0.99996704
9,9,0.9999723
7,7,0.99984884
5,5,0.9998164
1,1,0.99985814
6,6,0.9999834
8,8,0.9994155
9,9,0.9987929
5,5,0.9999911
5,5,0.99999887
7,7,0.99984336
9,9,0.99657685
3,3,0.9999985
8,8,0.99999267
3,3,0.99938077
8,8,0.99997514
1,1,0.99968565
5,5,0.99999815
3,3,0.9999996
5,5,0.99967897
0,0,0.9999967
5,5,0.99999696
5,5,0.9999288
3,3,0.98871136
8,8,0.9999967
6,6,0.99996275
7,7,0.99999756
7,7,0.99903136
7,7,0.9999998
3,3,0.999999
7,7,0.9999289
0,0,0.9999948
5,5,0.9999009
9,9,0.99667513
0,0,0.99757993
2,2,0.9999979
5,5,0.99688584
5,5,0.98886997
3,3,0.9999998
1,1,0.9954665
7,7,0.9998715
7,7,0.9501285
8,8,0.99999934
6,6,0.999978
5,5,0.99985003
9,9,0.78787863
3,3,0.99999636
8,8,0.9999805
9,9,0.9999755
5,5,0.99998325
3,3,0.9999754
7,7,0.9999917
9,9,0.99647045
1,1,0.9994153
7,7,0.9999868
0,0,0.99999946
0,0,0.9999557
3,3,0.999952
7,7,0.99999994
2,2,0.99826854
5,3,0.78966296
8,8,0.98801476
1,1,0.99873585
8,8,0.99999994
6,6,0.9999718
2,2,0.9998999
9,9,0.9949461
5,5,0.99998015
7,7,0.9999998
5,5,0.99999624
7,7,0.9850288
8,8,0.99971974
6,6,0.9999414
2,2,0.9955569
5,5,0.9998844
1,1,0.9995652
4,4,0.99999994
8,8,0.99999887
4,4,0.99999934
5,5,0.9999978
8,8,0.99435914
3,3,0.97649306
0,0,0.9999978
6,6,0.99998313
2,2,0.99999994
7,7,0.999986
3,3,0.9999456
3,3,0.9998362
2,2,0.9998553
1,1,0.9997766
0,0,0.99996406
7,7,0.99933714
3,3,0.99703294
4,4,0.9872571
0,0,0.937006
3,3,0.99999934
9,9,0.99984026
3,3,0.99999636
2,2,0.9895411
8,8,0.9997264
9,9,0.9999899
0,0,0.99974835
3,3,0.9999811
8,8,0.99992746
0,0,0.9999983
7,7,0.99973285
6,6,0.99996644
5,5,0.9999983
4,4,0.993547
7,7,0.9999952
3,3,0.9999179
9,9,0.8628995
0,0,0.99993557
8,8,0.9999468
6,6,0.99969304
2,2,0.99996847
5,5,0.9999985
6,1,0.99291474
1,1,0.99984694
0,0,0.999876
0,0,0.9999997
4,4,0.9986998
4,4,0.96438336
0,0,0.99979496
1,1,0.99978805
2,2,0.9999998
3,3,0.99999934
2,2,0.9999967
7,7,0.9993938
7,7,0.9999941
8,8,0.99988025
5,5,0.97441596
2,2,0.99999994
5,5,0.9994024
7,7,0.9989736
6,6,0.99998015
9,9,0.9996654
1,1,0.9994926
4,4,0.99999994
1,1,0.9987725
6,6,0.9999953
4,4,0.99481875
2,2,0.99999994
4,4,0.99998695
3,3,0.99994355
5,5,0.99999386
4,4,0.99994653
3,3,0.9994067
9,9,0.9996737
5,5,0.9850597
0,0,0.999993
1,1,0.99992186
5,5,0.9936813
3,3,0.99999875
8,8,0.9999754
9,9,0.9996629
1,1,0.9995931
9,9,0.99789435
7,7,0.9760173
9,9,0.999683
5,5,0.99959105
5,5,0.99873763
2,2,0.999044
7,7,0.9998924
4,4,0.999989
6,6,0.99999887
0,0,0.99999386
1,1,0.9988331
1,1,0.99141073
1,1,0.99922305
0,0,0.99999994
4,4,0.99884695
4,4,0.9999663
7,7,0.999515
6,6,0.99999994
3,3,0.9999694
0,0,0.99274236
0,0,0.99999744
4,4,0.99564505
3,3,0.99998873
0,0,0.9999986
6,6,0.9999644
1,1,0.9994489
9,9,0.69187474
6,6,0.99797523
1,1,0.99974585
3,3,0.9999668
8,8,0.9998081
1,1,0.99994856
2,2,0.9999655
5,5,0.9999992
6,6,0.99999386
2,2,0.9999998
7,7,0.99856544
3,3,0.9998319
6,6,0.9956952
0,0,0.9999973
1,1,0.9900534
9,9,0.98993665
7,7,0.9997704
6,6,0.999988
6,6,0.9999997
8,8,0.9998824
9,9,0.996758
2,2,0.9999986
9,9,0.9551671
5,5,0.8798338
8,8,0.9999823
3,3,0.9999413
1,1,0.99975395
0,0,0.9999755
0,0,0.9998305
7,7,0.99999875
6,6,0.9979707
6,6,0.99847406
2,2,0.99999994
1,1,0.9965054
6,6,0.9997902
9,9,0.998534
3,3,0.9998412
1,1,0.9997175
8,8,0.99636364
6,6,0.9999998
9,9,0.8916438
0,0,0.99930024
6,6,0.9999929
0,0,0.99999696
0,0,0.9999803
0,0,0.9999935
6,6,0.9999142
3,3,0.99994105
5,5,0.9999998
9,9,0.9557329
3,7,0.5517394
4,4,0.8791721
5,5,0.99995023
5,5,0.9999922
8,8,0.9999998
5,5,0.9999673
3,3,0.9999984
0,0,0.9996387
4,4,0.8612825
0,0,0.9999992
2,2,0.9796072
9,9,0.99967587
6,6,0.9999389
8,8,0.99926174
2,2,0.99995893
3,3,0.9999986
1,1,0.9983334
2,2,0.9999992
1,1,0.9994527
1,1,0.99982095
5,5,0.9999971
6,6,0.99998444
9,9,0.9996018
8,8,0.99818605
0,0,0.99969447
6,6,0.9999977
6,6,0.9999264
5,5,0.99999446
5,5,0.99999994
3,3,0.9999799
8,8,0.99996704
6,6,0.99999815
2,2,0.99998647
1,1,0.9929095
4,4,0.9999264
5,5,0.9999185
4,4,0.99999934
3,3,0.99999386
7,7,0.9997387
8,8,0.9999967
5,5,0.9815793
0,0,0.9999855
9,9,0.99484295
3,3,0.99992496
5,5,0.9997363
1,1,0.99987835
1,1,0.99978113
0,0,0.9997618
4,4,0.99964917
4,4,0.9999725
7,7,0.99827456
0,0,0.9995541
1,1,0.9997368
7,7,0.99667776
0,0,0.9999799
1,1,0.99265975
6,6,0.9999998
1,1,0.99780345
4,4,0.99927855
5,5,0.9999295
6,6,0.99999946
6,6,0.9996105
5,5,0.99998957
7,7,0.99999934
8,8,0.99985623
4,4,0.9995541
4,4,0.7337958
7,7,0.9999955
2,2,0.99992317
5,5,0.99998254
3,3,0.9999959
7,7,0.9999375
0,0,0.999999
7,7,0.9989422
7,7,0.99999744
9,9,0.99905163
6,6,0.9999793
4,4,0.99710035
2,2,0.9982503
8,8,0.99999934
5,5,0.94660413
7,7,0.99350035
8,8,0.99994165
3,3,0.9982861
9,9,0.9344687
5,5,0.9999613
8,8,0.99999815
9,9,0.99998385
9,9,0.9990087
8,8,0.9999767
6,6,0.9967209
2,2,0.999871
8,8,0.9995244
9,9,0.80060625
2,2,0.99948984
3,3,0.9999997
6,6,0.9999642
1,1,0.99543464
1,1,0.9997331
8,8,0.99998707
9,9,0.99998564
3,3,0.9999837
4,4,0.9997251
0,0,0.9999884
7,7,0.9999967
9,9,0.9968144
6,6,0.9999153
4,4,0.9958679
1,1,0.9995002
4,4,0.9999834
1,1,0.99978495
3,3,0.9999828
4,4,0.999569
9,9,0.9997783
3,3,0.999994
1,1,0.99473584
4,4,0.9999947
7,7,0.9999874
7,7,0.9995455
4,4,0.9999998
7,7,0.9999499
2,2,0.999556
9,9,0.999988
3,3,0.9999806
0,0,0.99895525
8,8,0.99999994
8,0,0.8209535
8,8,0.9999946
4,4,0.99975574
0,0,0.999999
4,4,0.9999297
4,4,0.99531955
1,1,0.9996249
5,5,0.99999803
2,2,0.99999994
8,8,0.99988395
3,3,0.9917119
4,4,0.99746495
9,9,0.9999984
5,5,0.9998729
2,2,0.9988393
8,8,0.9977204
1,1,0.9989612
5,5,0.9999239
3,3,0.99996966
7,7,0.99116635
9,9,0.99846727
4,4,0.99996465
2,2,0.9999998
5,5,0.9999015
6,6,0.9999288
3,3,0.41265088
5,5,0.9999978
9,9,0.9995559
3,3,0.99996823
5,5,0.9985987
9,9,0.997732
3,7,0.46939832
1,1,0.99991494
9,9,0.9933236
5,5,0.8532403
3,3,0.99995166
0,0,0.9998343
6,6,0.99997634
9,9,0.9999655
8,8,0.99999934
4,4,0.9998781
0,0,0.99997574
4,4,0.99020875
9,5,0.77506375
2,2,0.9966964
9,9,0.9997661
0,0,0.99999887
1,1,0.99894875
0,0,0.99979734
3,3,0.9807561
1,1,0.9978156
6,6,0.99999577
5,5,0.9999952
8,8,0.9999357
1,1,0.9998974
5,5,0.9999681
3,3,0.9937426
3,5,0.68934596
0,0,0.99994785
3,3,0.9999532
5,5,0.99789125
5,5,0.9999264
9,9,0.9995102
2,2,0.94086444
8,8,0.9999307
7,7,0.9988017
0,0,0.99999124
4,4,0.9999997
9,9,0.9958279
1,1,0.9998622
9,9,0.9987552
7,7,0.9999992
7,7,0.9990976
5,5,0.9998524
5,5,0.8780666
2,2,0.9999942
0,0,0.97918165
9,9,0.9999648
1,1,0.99990124
8,8,0.9999457
6,6,0.99949795
2,2,0.99984336
3,3,0.99997765
9,9,0.8975894
6,6,0.9999998
2,2,0.9995062
1,1,0.999898
9,9,0.99998087
1,1,0.99963784
3,3,0.9999406
5,5,0.9999141
5,5,0.999916
0,0,0.99996334
3,3,0.9995927
8,8,0.998926
3,3,0.9997418
3,3,0.99996203
7,7,0.996694
6,6,0.99980426
6,5,0.5894312
0,0,0.9999996
1,1,0.9998727
4,4,0.9996866
0,0,0.9999959
6,6,0.9997499
9,9,0.99965835
8,8,0.99999124
1,1,0.9995151
2,2,0.9944906
9,9,0.45524275
9,9,0.99984455
5,5,0.99998623
9,9,0.9998947
7,7,0.9998195
3,3,0.9999983
7,7,0.99996287
8,8,0.9607405
0,0,0.9999983
1,1,0.99964035
3,3,0.99999946
0,0,0.9999606
4,4,0.99996966
6,6,0.9999935
1,1,0.9990147
0,0,0.99999136
2,2,0.9780463
5,5,0.99997467
8,8,0.9047143
4,4,0.9999997
4,4,0.999999
1,1,0.99802995
1,1,0.9999239
5,5,0.99999994
4,4,0.9999178
6,0,0.6029276
6,6,0.99999994
0,0,0.9999983
6,6,0.99994487
9,9,0.99996406
2,2,0.99999875
6,6,0.9999998
2,2,0.99999994
7,7,0.9995341
1,1,0.99516326
7,7,0.99950665
9,9,0.99996895
4,4,0.99996287
0,0,0.9999817
0,0,0.9999941
3,3,0.99999994
8,8,0.99999887
2,2,0.99999005
2,2,0.99996096
3,3,0.9999922
1,1,0.9998605
6,6,0.9999129
0,0,0.9999998
5,5,0.99999994
7,7,0.997986
7,7,0.9993115
9,9,0.99023765
2,2,0.99999994
6,6,0.99998397
7,7,0.9976794
9,9,0.4622816
7,7,0.9999302
8,8,0.9883922
6,6,0.99988097
8,8,0.9999952
8,8,0.99596167
4,4,0.9999985
6,6,0.9999928
8,8,0.9994827
4,4,0.99997884
1,1,0.9997635
2,2,0.99999994
8,8,0.9999983
1,2,0.7083422
3,3,0.99999994
9,9,0.9999952
4,4,0.9999898
0,0,0.9998386
3,3,0.9940927
7,7,0.9999947
3,3,0.99999994
2,2,0.99999934
3,3,0.99998826
3,3,0.99997276
7,7,0.99963015
3,3,0.9995902
4,4,0.99933106
0,0,0.9999941
6,6,0.99995095
2,2,0.99997276
0,0,0.9999921
8,8,0.9998481
1,1,0.9986407
5,5,0.99999005
3,3,0.9999247
5,5,0.9999953
4,4,0.9999581
1,1,0.9995678
7,7,0.99990445
1,1,0.9999086
5,5,0.95033485
7,7,0.9999141
5,5,0.99461675
7,7,0.99882585
3,3,0.9999922
2,2,0.9999996
2,2,0.9979492
7,7,0.99995965
3,3,0.9966376
7,7,0.8769842
3,3,0.99824685
7,7,0.9998715
8,8,0.99996513
5,5,0.999999
4,4,0.93100137
5,5,0.98687357
2,2,0.9999997
5,5,0.99967706
6,6,0.9999959
5,5,0.99999994
3,3,0.99994177
6,6,0.99995464
7,7,0.9998941
4,4,0.99995416
1,1,0.9997957
7,7,0.99999183
1,1,0.9998572
5,5,0.99930334
2,2,0.9999948
3,3,0.9561653
6,6,0.98661554
3,3,0.99999756
1,1,0.97293186
4,4,0.99252135
2,2,0.99379295
6,6,0.9999853
7,7,0.9982391
4,4,0.9999955
3,3,0.99660623
8,8,0.9999917
0,0,0.999994
6,6,0.99998814
2,2,0.99997216
1,1,0.9999322
6,6,0.99999994
5,5,0.9999915
3,3,0.9981337
9,9,0.99998957
1,1,0.99923885
9,9,0.9999228
3,3,0.99999434
2,2,0.9973838
1,1,0.99906296
8,8,0.9999754
4,4,0.99994665
4,4,0.9999973
6,6,0.9999934
5,5,0.87747157
8,8,0.99999005
6,6,0.9999929
9,9,0.99363273
7,7,0.999666
7,7,0.99999624
8,8,0.99997634
6,6,0.9999971
9,9,0.99995774
7,7,0.97267795
3,3,0.9971618
9,9,0.99999374
4,4,0.99999994
0,0,0.9999946
5,5,0.99753225
4,4,0.9995124
6,6,0.9997548
4,4,0.99999934
1,1,0.9996824
2,2,0.9998734
3,3,0.9999983
0,0,0.9999915
0,0,0.99999994
2,2,0.9999557
6,6,0.99999624
6,6,0.9999998
5,5,0.99999267
7,7,0.99918693
0,0,0.9987848
8,8,0.9998849
6,6,0.999996
4,4,0.9999992
7,7,0.99693084
9,9,0.99981976
0,0,0.99994403
7,7,0.9999953
3,3,0.999866
4,4,0.999876
2,2,0.999999
1,1,0.98338
8,8,0.9999921
8,8,0.9999998
5,5,0.9999996
9,9,0.9999992
2,2,0.99999934
7,7,0.9998824
1,1,0.9989056
8,8,0.9999159
8,8,0.9986825
8,8,0.9889006
2,2,0.9979181
7,7,0.99999505
6,6,0.99993914
0,0,0.999978
1,1,0.99942195
2,2,0.99999684
7,7,0.97081846
1,1,0.99990684
0,0,0.99999946
8,8,0.9980536
3,3,0.9999997
6,6,0.9936373
0,0,0.9997945
5,5,0.99999624
3,3,0.99999803
6,6,0.99973774
2,2,0.9999998
8,8,0.9998193
7,7,0.4921399
0,0,0.99999934
1,1,0.9990969
4,4,0.9999804
2,2,0.9976255
1,1,0.9999029
1,1,0.9998393
4,4,0.9999724
4,4,0.99994475
4,4,0.99999994
4,4,0.99978256
7,7,0.99338275
1,1,0.9989241
6,6,0.9984859
2,2,0.99863356
9,9,0.9971359
9,9,0.99999374
0,0,0.9999923
0,0,0.99996847
1,1,0.9996185
8,8,0.999607
8,8,0.9996248
4,4,0.9999462
3,3,0.99997336
4,4,0.9999917
2,2,0.9994989
0,0,0.9987953
6,6,0.99550843
1,1,0.99989516
6,6,0.99877715
1,1,0.9996432
2,2,0.99726915
2,2,0.99999994
2,2,0.9999998
1,1,0.9985178
2,2,0.9987898
3,3,0.9991899
7,7,0.9995149
8,8,0.99607116
1,1,0.9994091
0,0,0.9999996
0,0,0.9981081
2,2,0.99981236
1,1,0.99970067
6,6,0.99873894
6,6,0.9999997
0,0,0.9999998
1,1,0.99951905
6,6,0.9999437
2,2,0.9999996
5,5,0.99982405
1,1,0.99976563
7,7,0.9997213
4,4,0.99999875
8,8,0.9999997
2,2,0.99206316
1,1,0.9994901
4,4,0.99998146
3,3,0.99994045
8,8,0.9995274
3,3,0.99998635
9,9,0.9999668
9,9,0.99994594
4,4,0.9810976
8,8,0.8361729
3,3,0.9999928
4,4,0.99920326
7,7,0.9999836
2,2,0.99999946
7,7,0.99999636
5,5,0.9999998
7,7,0.9999296
0,0,0.99994856
4,4,0.9999892
3,3,0.9999899
3,3,0.9993145
2,2,0.9999979
6,6,0.99757767
7,7,0.9976247
6,6,0.99996895
0,0,0.99843955
0,0,0.9999886
6,6,0.99999994
7,7,0.9999972
7,7,0.9999673
0,0,0.99999696
5,5,0.99997145
5,5,0.99991614
8,8,0.9999941
1,1,0.99980664
0,0,0.99999934
7,7,0.96518797
0,0,0.9869216
2,2,0.99964607
8,8,0.99865925
1,1,0.99961036
5,5,0.99763787
0,0,0.999922
8,8,0.99990803
8,8,0.9999873
0,0,0.99999934
3,3,0.9788979
2,2,0.9999986
7,7,0.9999911
7,7,0.9939728
2,2,0.96111083
6,6,0.99990815
4,4,0.9999632
7,7,0.9670155
5,5,0.99873537
5,5,0.9998855
5,5,0.98408306
2,2,0.9550052
9,9,0.9999818
2,2,0.9994682
8,8,0.9999797
4,4,0.9999203
6,6,0.99825364
8,8,0.99813324
6,6,0.99202734
5,5,0.9999972
0,0,0.9999997
0,0,0.9993085
8,8,0.99999744
7,7,0.9997206
6,6,0.9999698
1,1,0.99947083
7,7,0.99988824
1,1,0.9997177
1,1,0.99985576
2,2,0.99999994
7,7,0.9999948
4,4,0.9999998
0,0,0.9999313
0,0,0.9999985
7,7,0.9999694
7,7,0.99982595
6,6,0.9999998
3,3,0.9999692
8,8,0.9999985
6,6,0.98968065
4,4,0.9999992
2,2,0.9983905
0,0,0.9999983
9,9,0.8734459
4,4,0.9999991
0,0,0.9999992
5,5,0.99999803
7,7,0.9998646
8,8,0.9999874
2,2,0.9995077
7,7,0.99931604
4,4,0.96615034
7,7,0.99997586
1,1,0.9999376
1,1,0.9996463
3,3,0.998715
6,6,0.9999897
6,6,0.99998003
2,6,0.71263224
9,9,0.99997634
1,1,0.99980617
9,9,0.99995047
4,4,0.9892988
8,8,0.9999432
3,3,0.9997866
6,6,0.9999922
9,9,0.9865012
5,5,0.9999874
9,9,0.99997014
6,6,0.9999868
2,2,0.9999972
4,4,0.99999994
6,6,0.99979544
7,7,0.9999955
7,7,0.99999887
0,0,0.9999971
6,6,0.9999462
6,6,0.9999922
9,9,0.9999613
4,4,0.99491477
8,8,0.99975467
3,3,0.9999792
5,5,0.99999493
3,3,0.99999887
4,4,0.99891764
9,9,0.9972076
0,0,0.9974865
0,0,0.9999967
5,5,0.99935
2,2,0.99918836
5,5,0.99997145
0,0,0.99990517
7,7,0.9998677
1,1,0.99957293
1,1,0.9995679
1,1,0.99963856
6,0,0.8872054
7,7,0.99967957
6,6,0.9999874
7,7,0.99617255
9,9,0.9996287
6,6,0.9984412
6,6,0.9999209
4,4,0.9965246
1,1,0.9961582
4,4,0.99997884
3,3,0.9993097
1,1,0.99994856
1,1,0.99958235
2,2,0.9999978
2,2,0.9983855
4,4,0.99958044
1,1,0.9998905
0,0,0.99999684
8,8,0.9999986
7,7,0.9985309
6,6,0.9999055
3,3,0.99999267
4,4,0.9999555
0,0,0.9999998
0,0,0.9999948
6,6,0.9999543
3,3,0.93346983
3,3,0.99999934
0,0,0.99952096
7,7,0.8870413
1,1,0.9995484
7,7,0.99776894
1,1,0.9999332
1,1,0.99996585
3,3,0.99977016
1,1,0.7895199
0,0,0.99999946
9,9,0.9999955
9,9,0.9997114
7,7,0.9999979
5,5,0.9999996
4,4,0.9999998
1,1,0.99755424
4,4,0.9999959
8,8,0.99998564
9,9,0.9985475
5,5,0.9999563
3,3,0.99979925
5,5,0.99999636
1,1,0.9990653
9,9,0.9999952
8,8,0.9999843
2,2,0.8956977
3,3,0.9418011
3,3,0.99958223
9,9,0.9978234
9,9,0.99983454
0,0,0.999988
1,1,0.99983525
0,0,0.99999505
2,2,0.99999946
9,9,0.99999267
3,3,0.99999946
9,9,0.99995166
3,3,0.9999998
3,3,0.99999887
6,6,0.9999524
2,2,0.9952422
4,4,0.99751836
9,9,0.99842334
8,8,0.99785745
3,3,0.99999756
7,7,0.99794775
4,4,0.9999854
0,0,0.9998138
4,4,0.99998635
7,7,0.9989049
8,8,0.9999965
4,4,0.9999998
9,9,0.999789
8,8,0.9999979
9,1,0.7360886
9,9,0.99958354
7,7,0.99999255
5,5,0.99998885
9,9,0.99999636
2,2,0.9999967
8,8,0.9999761
2,2,0.9999767
2,2,0.6936419
0,0,0.99998933
2,2,0.9999998
2,2,0.99987745
3,3,0.9999996
8,8,0.99835074
4,4,0.99999994
6,6,0.99981976
8,8,0.99978137
6,4,0.99891716
8,8,0.9999804
2,2,0.9982708
4,4,0.99997526
6,6,0.9999996
7,7,0.9997294
9,9,0.9999364
3,3,0.99999803
3,3,0.99995655
9,9,0.99372005
4,4,0.99983144
3,3,0.999799
1,1,0.99947935
4,4,0.98931766
4,4,0.71683174
7,7,0.9999997
0,0,0.99970865
5,5,0.9999719
9,9,0.9999582
6,6,0.99999875
0,0,0.99995786
4,4,0.9998269
4,4,0.99999756
4,4,0.99999255
4,4,0.99998516
6,6,0.99999994
1,1,0.9998324
2,2,0.99999195
3,3,0.9999879
3,3,0.9984864
6,6,0.82625014
4,4,0.9999611
5,5,0.99993974
9,9,0.99890006
6,6,0.9999978
8,8,0.999479
5,5,0.99998266
6,6,0.9891914
5,5,0.9272048
8,8,0.61088353
6,6,0.9999998
4,4,0.9999421
1,1,0.99991685
8,8,0.9992324
6,6,0.9992209
5,5,0.9997387
2,2,0.9999923
8,8,0.99366033
4,4,0.99999434
5,5,0.99999994
5,5,0.9999843
4,4,0.99591964
7,7,0.9999414
7,7,0.9971089
0,0,0.9467327
7,7,0.99999934
8,8,0.99978447
2,2,0.99991757
2,2,0.99879694
3,3,0.9999985
7,7,0.99775076
0,0,0.9999917
1,1,0.99924064
8,8,0.99957794
0,0,0.9999998
7,7,0.99997944
1,1,0.9999818
9,9,0.99545556
8,8,0.999999
7,7,0.999886
5,5,0.9999779
5,5,0.9992191
9,9,0.99505496
1,1,0.9998823
7,7,0.9999998
5,5,0.9999991
4,4,0.9999903
9,9,0.75595194
1,1,0.9938617
2,2,0.67815816
2,2,0.99311024
1,1,0.9127738
6,6,0.99999994
6,6,0.99999994
7,7,0.99997896
1,1,0.9994587
1,1,0.99754107
4,4,0.99687487
0,0,0.9999996
7,7,0.9998875
4,4,0.9999984
2,2,0.9984115
4,4,0.99999124
0,0,0.9999774
6,6,0.999999
4,4,0.99992067
7,7,0.99998087
6,6,0.9999655
9,9,0.98458225
5,5,0.9999375
3,3,0.9999992
4,4,0.9999966
6,6,0.9999997
5,5,0.99981
0,0,0.9999624
1,1,0.9997568
8,8,0.98606133
8,8,0.99995905
2,2,0.9999984
8,8,0.9980961
3,3,0.9999986
5,5,0.99999946
7,7,0.99998766
8,8,0.9999997
0,0,0.9999576
8,8,0.99996763
5,5,0.9999346
7,7,0.99987173
1,1,0.99988323
1,1,0.9995406
0,0,0.99868214
1,1,0.9996254
3,3,0.99999994
7,7,0.9999909
8,8,0.99996835
5,5,0.9999054
0,0,0.99978685
7,7,0.99991745
1,1,0.9999588
1,1,0.99974954
0,0,0.9999967
1,1,0.99994034
1,1,0.9998257
4,4,0.99892277
5,5,0.9936493
2,2,0.99999243
7,7,0.9999227
6,6,0.99999994
2,2,0.98801595
3,3,0.9999985
0,0,0.9999972
2,2,0.9999991
8,8,0.78656924
5,5,0.9997541
9,9,0.99057674
6,6,0.99998516
9,9,0.99842834
7,7,0.99992806
2,2,0.99999994
1,1,0.99889433
3,3,0.99999934
6,6,0.9999996
4,4,0.99637735
1,1,0.99953467
8,8,0.9986442
2,2,0.99999994
4,4,0.9999992
0,0,0.9999997
5,5,0.9999991
1,1,0.99966407
0,0,0.9999797
2,2,0.9901872
2,2,0.9999965
6,6,0.9999797
4,4,0.9999928
4,4,0.9996329
3,3,0.9998986
9,9,0.999851
6,6,0.992992
1,1,0.99976516
6,6,0.99904174
5,5,0.9999997
7,7,0.99999696
9,9,0.99985385
2,2,0.9843932
0,0,0.9999806
2,2,0.99997157
6,6,0.9999886
0,0,0.999851
1,1,0.9994753
4,4,0.9999822
3,3,0.99999815
5,5,0.98918647
2,2,0.9999991
8,8,0.9999979
8,8,0.99998873
0,0,0.99995154
8,8,0.99990135
8,8,0.9999965
9,9,0.9987088
0,0,0.99947447
9,9,0.99970293
6,6,0.9999998
7,7,0.99997276
6,6,0.99998707
3,3,0.9999986
9,9,0.9974207
3,3,0.99995476
4,4,0.8821639
7,7,0.99986434
7,7,0.9999772
7,7,0.99757
4,4,0.9999996
9,9,0.9963934
0,0,0.9997699
6,6,0.99989873
4,4,0.7873028
8,8,0.75501883
4,4,0.9995236
2,2,0.99837315
7,7,0.952312
2,2,0.9999992
8,8,0.99989516
1,1,0.9997088
0,0,0.99997705
0,0,0.9999998
7,7,0.9992385
8,8,0.99999696
3,3,0.99966145
3,3,0.99784863
3,3,0.9999806
1,1,0.999947
3,3,0.9865782
7,7,0.9999557
6,6,0.99886453
1,1,0.9996692
3,3,0.9994298
1,1,0.99943817
6,6,0.99801683
6,6,0.9800966
5,5,0.99999744
7,7,0.82561547
4,4,0.99999887
7,7,0.99997777
5,5,0.99979734
9,9,0.9854089
5,5,0.99665076
8,8,0.9927433
4,4,0.9999935
9,9,0.9999842
9,9,0.99980044
1,1,0.99442303
6,8,0.5407934
5,5,0.9998753
0,0,0.99984527
1,1,0.9993936
3,3,0.9985136
7,2,0.8293192
0,0,0.99995905
3,3,0.9997337
4,4,0.9999984
8,8,0.9999111
2,2,0.96296483
2,2,0.99993175
0,0,0.9999868
2,2,0.9999984
5,5,0.99741906
1,1,0.9986937
5,5,0.67207444
1,1,0.99968517
4,6,0.83402145
8,8,0.9999692
8,8,0.9965972
9,9,0.99998003
1,1,0.99966156
2,2,0.99746925
1,1,0.99967706
3,3,0.99923754
5,5,0.9999996
1,1,0.99912083
0,0,0.9999972
9,9,0.9999307
4,4,0.9999965
4,4,0.9999828
8,8,0.98098516
3,3,0.9995875
2,2,0.6510195
5,5,0.999999
9,9,0.9992572
7,7,0.9999712
6,6,0.99796665
6,6,0.9998949
2,2,0.99999994
0,0,0.99999505
0,0,0.9999884
0,0,0.99999267
5,8,0.8571029
8,8,0.9999998
7,8,0.88990957
1,1,0.9998021
5,5,0.9990575
2,2,0.8280432
3,3,0.99999183
8,8,0.9999998
5,5,0.99999875
1,1,0.99993366
8,8,0.9999971
2,2,0.9999257
0,0,0.9944742
4,4,0.9999998
9,9,0.99984264
9,9,0.9964792
6,6,0.9999996
2,2,0.9999996
3,3,0.99999815
3,3,0.99998456
5,5,0.9999909
6,6,0.99999994
4,4,0.9999997
8,8,0.9999959
0,0,0.9999992
9,9,0.95929617
2,2,0.99999803
8,8,0.99649227
3,3,0.9988405
6,6,0.9998691
7,7,0.99983406
5,5,0.9999742
7,7,0.9792728
2,2,0.99984574
9,9,0.99998134
4,4,0.99999994
9,9,0.9999543
1,1,0.99965036
2,2,0.9999997
8,8,0.9999996
6,6,0.9947591
0,0,0.9999947
7,7,0.99988943
0,0,0.99999934
9,9,0.8829491
1,1,0.99712247
1,1,0.998227
6,6,0.5403319
7,7,0.99999815
5,5,0.9925346
9,9,0.9804316
9,9,0.99937934
1,1,0.9993281
9,9,0.8527888
5,5,0.99999684
9,9,0.99964345
2,2,0.9963854
5,5,0.99978924
0,0,0.99998206
4,4,0.99999994
1,1,0.99988633
0,0,0.9999421
8,8,0.99999267
9,9,0.7227205
0,0,0.99998397
8,8,0.8947513
9,9,0.9999661
8,8,0.9999885
9,9,0.9948939
4,4,0.9999897
2,2,0.999442
5,5,0.99991506
7,7,0.9996031
9,9,0.9976289
8,8,0.99985623
9,9,0.99883705
8,8,0.99999994
0,0,0.9999996
9,9,0.9999141
9,9,0.9999972
6,6,0.9999998
8,8,0.9999998
9,9,0.9999773
9,9,0.9996979
5,5,0.999876
9,9,0.9996561
8,8,0.9999998
5,5,0.99906504
1,1,0.999251
0,0,0.9999297
3,3,0.9999996
3,3,0.9996842
5,5,0.9999923
2,2,0.9999835
1,1,0.9992988
6,6,0.99999815
5,5,0.9971997
0,0,0.9999979
2,2,0.99996954
8,8,0.9999828
1,1,0.6723782
5,5,0.99999744
6,6,0.9999228
2,2,0.9999532
3,3,0.9999997
0,0,0.99998564
2,2,0.99999803
2,2,0.99935204
6,6,0.9999997
4,4,0.9999948
3,3,0.9999129
5,5,0.9999773
5,5,0.9996444
1,1,0.9999165
7,7,0.99999994
2,2,0.99991983
1,1,0.9995552
6,6,0.99999934
9,9,0.9953381
1,1,0.99960345
9,9,0.8988846
9,9,0.9998788
5,5,0.9999606
5,5,0.9999817
1,1,0.99988455
6,6,0.9999781
2,2,0.99999994
2,2,0.99999994
8,8,0.9999996
6,6,0.99999946
7,7,0.9999837
1,1,0.99729115
4,4,0.99986625
6,6,0.98727673
0,0,0.99998003
4,4,0.61903656
0,0,0.99938124
3,3,0.97993594
3,3,0.99999756
2,2,0.99999994
2,2,0.98859346
3,3,0.99999994
6,6,0.9999941
8,8,0.99996644
9,9,0.9919074
8,8,0.9602396
5,5,0.99998087
3,3,0.9999978
8,8,0.99909115
5,5,0.9999842
4,4,0.99999696
5,5,0.99998873
2,2,0.9999959
0,0,0.99999744
5,5,0.9999984
6,6,0.9997568
3,3,0.99070346
2,2,0.99999946
8,8,0.99998564
3,3,0.9999835
9,9,0.9999992
9,9,0.9937101
5,5,0.9987824
7,7,0.99945796
9,9,0.9940271
4,4,0.98491895
6,6,0.9999868
7,7,0.9999991
1,1,0.99763095
3,3,0.9999867
7,7,0.9156642
3,3,0.99991137
6,6,0.9999438
6,6,0.99999803
0,0,0.99999887
9,9,0.9999532
0,0,0.9999935
1,1,0.99960667
9,9,0.9660749
9,9,0.7412591
2,2,0.99945915
8,8,0.9998672
8,8,0.989999
0,0,0.9996879
1,1,0.999206
6,6,0.99999696
9,9,0.99998957
7,7,0.99999136
5,5,0.9995423
3,3,0.97994715
4,4,0.99995893
7,7,0.9994265
4,4,0.99908936
9,9,0.9999986
9,9,0.99857366
4,4,0.9993816
3,3,0.99873704
6,6,0.999983
3,3,0.9999941
1,1,0.9989198
1,1,0.9996162
7,7,0.7022159
6,6,0.9999991
9,9,0.9992639
1,1,0.9998107
8,8,0.9999967
4,4,0.99987173
1,1,0.9999048
1,1,0.9996612
9,9,0.99956065
9,9,0.9994296
4,4,0.7749159
3,3,0.99684423
6,6,0.9999953
8,8,0.99999756
1,1,0.9997406
6,6,0.9998979
0,0,0.9999928
4,4,0.9999929
1,1,0.99977994
3,3,0.9999996
7,7,0.6567087
7,7,0.9999934
4,4,0.9982815
9,9,0.98939997
5,5,0.9998162
1,1,0.998061
0,0,0.9999997
0,0,0.9999996
1,1,0.9999495
1,1,0.9999736
6,6,0.9963348
2,2,0.99996454
1,1,0.99983454
9,9,0.9999053
8,8,0.99999803
4,4,0.9999992
0,0,0.99999815
3,3,0.99581444
6,6,0.9999998
4,4,0.99996954
9,9,0.99761456
0,0,0.9993724
7,7,0.99999887
1,1,0.99853736
6,6,0.99998754
5,5,0.9997277
7,7,0.9901902
5,5,0.99997574
2,2,0.9984483
5,5,0.9999283
1,1,0.99996334
8,8,0.9999828
5,5,0.99988395
4,4,0.9999834
7,7,0.9987737
0,0,0.99999803
6,6,0.768921
7,7,0.99999326
0,0,0.9852463
2,2,0.9999952
5,5,0.9996954
8,8,0.9999251
1,1,0.9999545
0,0,0.9999984
4,4,0.99985003
5,5,0.9999948
7,7,0.9999998
1,1,0.9968548
8,8,0.70681375
5,5,0.99996287
1,1,0.99970543
9,9,0.38263276
0,0,0.9999028
0,0,0.9998805
6,6,0.99941695
0,0,0.99998695
7,7,0.9999965
3,3,0.9998684
1,1,0.9999656
8,8,0.99907947
3,3,0.9999582
9,9,0.99966466
7,7,0.9999736
0,0,0.99989134
0,0,0.9999917
8,8,0.99929047
9,9,0.99934214
5,5,0.999971
9,9,0.9999638
8,8,0.9999699
3,3,0.99999803
2,2,0.9999997
7,7,0.99981904
2,2,0.997621
9,9,0.9989946
7,7,0.9986893
2,2,0.9999955
1,1,0.999877
1,1,0.99962574
3,3,0.9999998
7,7,0.999909
5,5,0.999993
3,3,0.9999818
1,1,0.9981557
9,9,0.99776834
8,8,0.99994594
2,2,0.9999947
2,2,0.9996006
2,2,0.9999998
8,8,0.9997473
8,8,0.99943244
5,5,0.9999886
7,7,0.99997133
3,3,0.9998019
8,8,0.9996915
9,9,0.9999942
8,8,0.9993631
8,8,0.999254
6,6,0.9999624
8,8,0.98946136
2,2,0.999996
3,3,0.9999109
9,9,0.9981844
7,7,0.99999565
5,5,0.9997833
6,6,0.99998015
2,2,0.99999374
9,9,0.9984061
2,2,0.9998906
8,8,0.9999884
8,8,0.9969082
1,1,0.9997816
6,6,0.9999574
8,8,0.99856484
8,8,0.99946487
7,7,0.99993485
9,9,0.9969577
1,1,0.9999631
8,8,0.99934906
0,0,0.9977686
1,1,0.9991905
7,7,0.9992065
2,2,0.99997765
0,0,0.99999994
7,7,0.9999803
5,5,0.99825686
1,1,0.9999431
9,9,0.99940884
0,0,0.99999946
2,2,0.9318303
0,0,0.99998325
9,9,0.99851924
8,8,0.99976945
6,6,0.999942
2,2,0.99999887
3,3,0.99999994
9,0,0.4633942
3,3,0.9999991
8,8,0.99824613
0,0,0.99999696
2,2,0.9994651
1,1,0.9997182
1,1,0.99994594
1,1,0.9995119
1,1,0.98921734
4,4,0.99998575
2,2,0.9999712
9,9,0.99735236
7,7,0.99994105
2,7,0.99963963
5,5,0.99856734
1,1,0.9991705
1,1,0.99988097
2,2,0.9947064
1,1,0.9999551
9,9,0.9994884
9,9,0.99997264
9,9,0.9985514
1,1,0.99920064
0,0,0.9999971
2,2,0.99971867
0,0,0.9999967
2,2,0.9996149
1,1,0.9993345
1,1,0.9996605
4,4,0.99937814
6,6,0.99740887
4,4,0.99751323
1,1,0.9992484
5,5,0.997423
4,4,0.99964786
9,9,0.999587
7,7,0.97468454
7,7,0.9999996
1,1,0.938275
5,5,0.9999414
6,6,0.99998075
2,2,0.99996835
2,8,0.42752793
2,2,0.9999873
8,8,0.99742264
0,0,0.99999803
6,6,0.9999452
9,9,0.9999818
6,6,0.9672724
1,1,0.9981176
9,9,0.99933094
7,7,0.9999781
7,7,0.9998879
1,1,0.9942946
4,4,0.9999712
8,8,0.9999917
5,5,0.99999624
3,3,0.9999909
4,4,0.99896073
3,3,0.999999
4,4,0.9997071
9,7,0.52885175
7,7,0.99997896
5,5,0.9999998
0,0,0.99999315
7,7,0.9998855
4,4,0.9999996
8,8,0.99994224
8,8,0.9999178
1,1,0.99862784
5,5,0.9999935
3,3,0.9999992
9,9,0.99997
5,5,0.99999994
9,9,0.9995591
7,3,0.5063636
6,6,0.99977565
9,9,0.99998564
0,0,0.9999997
3,3,0.99997085
6,6,0.9998553
3,3,0.9933859
9,9,0.9999663
8,8,0.9999998
2,2,0.9999967
2,8,0.30970168
1,1,0.9996971
2,2,0.99999696
8,8,0.9999874
6,6,0.9999873
8,8,0.9999996
5,5,0.9995759
5,5,0.9987781
3,2,0.691811
9,9,0.99998933
4,4,0.9999998
9,9,0.9345147
2,2,0.99878097
5,5,0.99998575
1,1,0.99970174
5,5,0.998449
1,1,0.9998195
4,4,0.7091909
4,4,0.99944603
1,1,0.99991304
4,4,0.9989292
4,4,0.99155235
3,3,0.99999505
5,5,0.9705949
9,9,0.99961656
1,1,0.9990297
2,2,0.9999822
2,2,0.9999657
3,3,0.999991
3,3,0.99955434
0,0,0.999999
2,2,0.9999563
9,9,0.9969847
0,0,0.99986506
0,0,0.99999577
9,9,0.99998385
9,5,0.5058518
6,6,0.9998193
0,0,0.99999624
9,9,0.9995331
3,3,0.99999994
2,2,0.8678572
8,8,0.99999577
4,4,0.9999228
1,1,0.9998174
9,9,0.9998052
9,9,0.774059
7,7,0.999917
2,2,0.9999985
7,7,0.99432075
9,9,0.9999264
9,9,0.9852764
5,5,0.996098
9,9,0.99726427
5,5,0.99993974
1,1,0.9997425
1,1,0.99981475
8,8,0.999971
3,3,0.60049367
5,5,0.99999565
1,1,0.98361546
9,9,0.99610615
5,5,0.99940073
3,3,0.9996519
5,5,0.9999885
4,4,0.97977704
9,9,0.97062033
5,5,0.99892384
9,9,0.9990317
3,3,0.997049
1,1,0.99939954
9,9,0.9999836
0,0,0.9999891
9,9,0.9999929
7,7,0.9999998
5,5,0.9981931
4,4,0.9999971
9,9,0.9954956
2,2,0.999986
0,0,0.9998792
1,1,0.99990684
0,0,0.9999493
5,5,0.9870994
1,1,0.99924433
4,4,0.99999946
9,9,0.99947083
3,3,0.99990803
3,3,0.99981856
6,6,0.99999684
1,1,0.99930525
5,5,0.9999952
2,2,0.9999834
5,5,0.99997944
2,2,0.99920017
2,2,0.9999686
0,0,0.99986815
9,9,0.97754633
2,2,0.99999946
6,6,0.9999984
6,6,0.99999636
0,0,0.99999803
1,1,0.9980869
2,2,0.96461576
0,0,0.9999986
3,3,0.99999887
0,0,0.99996954
2,2,0.9999233
5,5,0.99878407
5,5,0.99979305
7,7,0.9999997
9,9,0.99950606
5,5,0.97488874
5,5,0.83240736
0,0,0.9999824
8,8,0.9999978
9,9,0.99318045
5,5,0.99999696
0,0,0.9999952
3,3,0.9999998
2,2,0.99997264
5,5,0.99949044
9,9,0.90429884
0,0,0.9999352
8,8,0.9999756
8,8,0.9999998
4,4,0.999789
5,5,0.9987974
8,8,0.9999909
8,8,0.9999649
4,4,0.99945486
5,5,0.9999985
4,4,0.9999688
8,8,0.9615964
5,5,0.99999946
4,4,0.8862752
9,9,0.99792314
2,2,0.96437454
2,2,0.9998617
1,1,0.9993573
2,2,0.99955827
6,6,0.99999064
8,8,0.99998504
8,8,0.99996763
7,7,0.99821246
0,0,0.9999979
3,3,0.9969229
6,6,0.9999996
6,6,0.9999973
4,4,0.9999921
3,3,0.9999791
8,8,0.99998957
8,8,0.99830556
7,7,0.85385853
2,2,0.9975332
2,2,0.99999994
0,0,0.99992746
0,0,0.99998957
9,9,0.9012001
3,3,0.9999998
9,9,0.9997635
9,9,0.9997014
1,1,0.9998741
9,9,0.9992757
8,8,0.9999985
6,6,0.9999905
6,6,0.9984467
4,4,0.9999947
2,2,0.9999829
6,6,0.9999998
9,9,0.99999803
2,2,0.99999994
8,8,0.999317
5,5,0.99999124
4,4,0.9999973
5,5,0.9998317
7,7,0.99999815
9,9,0.99653494
9,9,0.9887903
9,9,0.9985489
2,2,0.99990124
1,1,0.9995981
8,8,0.9971593
3,3,0.9999997
4,4,0.9999688
0,0,0.9999636
7,7,0.9967456
8,8,0.9999601
3,3,0.9941893
9,9,0.9999731
3,3,0.968068
4,4,0.9971477
6,6,0.9969854
5,5,0.999978
6,6,0.99999946
2,2,0.9999866
3,3,0.93702406
9,9,0.9978125
2,2,0.99996585
6,6,0.99999994
0,0,0.9999457
0,0,0.9999986
6,6,0.9993924
1,1,0.9994802
2,2,0.99435085
8,8,0.99996847
7,7,0.9998281
9,9,0.99451065
8,8,0.99995714
2,2,0.99998206
0,0,0.9999967
4,4,0.99986863
7,7,0.9999967
7,7,0.99874836
5,5,0.9999165
0,0,0.9999996
5,5,0.9996935
6,6,0.99999994
4,4,0.9999221
6,6,0.9999997
7,7,0.9998715
4,4,0.9999462
3,3,0.99931306
0,0,0.9999866
7,7,0.9999986
5,5,0.99969184
0,0,0.9999587
7,7,0.99999994
4,4,0.9999941
2,2,0.9999636
0,0,0.9234583
8,8,0.99996144
9,9,0.998612
9,9,0.99886835
4,4,0.9981058
2,2,0.99544024
4,4,0.99960905
6,6,0.9999996
7,7,0.99999887
8,8,0.99990445
7,7,0.99618304
6,6,0.9996884
9,9,0.99932986
4,4,0.9999998
1,1,0.99980164
3,3,0.99999815
7,7,0.99978256
3,3,0.9659974
0,0,0.99999756
8,8,0.9999934
8,8,0.70345736
7,7,0.99027777
6,6,0.9996879
9,1,0.4425782
3,3,0.99999934
9,9,0.99993175
2,2,0.99977756
2,2,0.9683638
9,9,0.9583889
2,2,0.9996076
1,2,0.63141084
8,8,0.9999992
3,3,0.99954134
2,2,0.9999997
9,9,0.9998765
6,6,0.9999878
8,8,0.9919443
4,4,0.99854714
0,0,0.9999884
1,1,0.9995646
2,2,0.99999994
8,8,0.999994
4,4,0.9999705
5,5,0.99997324
2,2,0.9933523
7,7,0.999999
8,8,0.9994834
1,1,0.9996273
1,1,0.9999313
3,3,0.9998584
0,0,0.9999867
3,3,0.99803114
5,5,0.9999984
7,7,0.99999934
0,0,0.9999402
3,3,0.9999997
1,1,0.99940526
9,9,0.99739254
3,3,0.9999947
6,6,0.94507414
3,3,0.9999998
1,1,0.9996915
7,7,0.9999967
7,7,0.9994117
3,3,0.9999959
0,0,0.9999998
8,8,0.99952227
4,4,0.9999965
8,8,0.9996896
2,2,0.9999595
6,6,0.99534327
5,5,0.9991687
2,2,0.9999941
9,9,0.99991554
7,7,0.99954385
3,3,0.99974763
9,9,0.99993044
0,0,0.9999798
9,9,0.996902
9,9,0.996586
6,6,0.99999994
4,4,0.9964427
2,2,0.9999947
9,9,0.999986
7,7,0.9990098
2,2,0.99998766
1,1,0.9964579
1,1,0.99938494
6,6,0.99994844
7,7,0.9971544
4,4,0.98354685
7,7,0.9995778
5,5,0.9998441
9,9,0.9983438
6,0,0.46314672
8,8,0.99997705
2,2,0.99982476
1,1,0.9972555
4,4,0.94036263
4,4,0.9999997
5,5,0.9998627
7,7,0.9196126
6,6,0.9954203
1,1,0.9998579
3,3,0.99999934
2,2,0.99998564
5,5,0.99999577
9,9,0.9984436
9,9,0.99960786
3,3,0.99982476
6,6,0.999999
1,1,0.9999009
1,1,0.99966073
4,4,0.99999636
6,6,0.999999
9,9,0.99997336
7,7,0.9999493
2,2,0.9945045
1,1,0.99984264
5,5,0.99999386
1,1,0.99936575
4,4,0.9998143
6,6,0.9999911
3,3,0.99999994
8,8,0.97819823
1,1,0.99992174
1,1,0.9997568
0,0,0.99824864
3,3,0.999921
1,1,0.99974716
6,6,0.9999953
8,8,0.99989206
4,4,0.9997895
9,9,0.9996605
0,0,0.99999994
7,7,0.9999979
3,3,0.99999243
0,0,0.9999916
2,2,0.9806594
9,9,0.9999792
0,0,0.99999624
6,6,0.9999983
6,6,0.992663
6,6,0.97319233
3,3,0.99999994
6,6,0.9999997
7,7,0.9999992
7,7,0.9999301
2,2,0.99995595
8,8,0.99999744
6,6,0.9999998
0,0,0.99999946
8,8,0.9999998
3,3,0.9961522
0,0,0.9999997
2,2,0.99836266
9,9,0.99663484
8,8,0.9999946
3,3,0.99265903
2,2,0.99999946
5,5,0.9999921
3,3,0.9999985
8,8,0.8916593
8,8,0.9968194
0,0,0.99998015
0,0,0.9999662
1,1,0.99851334
9,9,0.998986
5,5,0.9999235
1,1,0.99722683
3,3,0.99994284
9,9,0.999835
6,6,0.9999797
0,0,0.9999992
1,1,0.9998906
4,4,0.99996704
1,1,0.99953336
7,7,0.9999997
1,1,0.99697053
2,2,0.9915568
3,3,0.99969816
7,7,0.99959725
9,9,0.9999524
7,7,0.9993333
4,4,0.9999997
9,9,0.9974065
9,9,0.99945104
3,3,0.9999576
9,9,0.9963234
2,2,0.9999841
8,8,0.99999946
2,2,0.9987115
7,7,0.99999624
1,1,0.9998176
8,8,0.9999611
0,0,0.99994737
9,9,0.9983603
1,1,0.9986387
0,0,0.99998957
1,1,0.99941885
7,7,0.99995965
7,7,0.9999983
9,9,0.99927926
6,6,0.99999994
9,9,0.9996087
9,9,0.99996525
9,9,0.9999015
2,2,0.99989146
1,1,0.9996588
6,6,0.9999977
1,1,0.99970686
3,3,0.99999934
5,5,0.9999967
7,7,0.97892267
1,1,0.9998052
9,9,0.9991718
7,7,0.9997716
6,6,0.999999
4,4,0.99984765
5,5,0.95890677
7,7,0.9999886
6,6,0.9999967
6,6,0.9453078
9,9,0.9999855
9,9,0.999963
6,6,0.99916905
3,3,0.99999183
6,6,0.99994844
2,2,0.99999934
9,9,0.99916
8,8,0.9999698
1,1,0.99994355
2,2,0.9999991
2,2,0.99972165
5,5,0.99570453
5,5,0.99972665
2,2,0.99986506
3,3,0.99999815
7,7,0.99999505
2,2,0.999841
1,1,0.9997319
0,0,0.999999
1,1,0.99764395
0,0,0.99969876
4,4,0.9999917
5,5,0.99756855
2,2,0.99993175
8,8,0.9708044
2,2,0.9999605
8,8,0.99988335
3,3,0.9999878
5,5,0.99998635
1,1,0.99954194
7,7,0.99999815
8,8,0.81424063
1,1,0.9998887
1,1,0.9994939
2,2,0.9997293
9,9,0.9981794
7,7,0.99823993
8,8,0.9926304
4,4,0.9698408
0,0,0.99818116
3,5,0.9235253
0,0,0.99993306
7,7,0.99964035
8,8,0.99347097
8,8,0.9996697
4,4,0.9997649
7,7,0.9999892
7,7,0.9999972
8,8,0.9999996
5,5,0.9999102
8,8,0.9999967
4,4,0.59580547
9,9,0.9997575
8,8,0.99996203
1,1,0.99984455
3,3,0.99957865
8,8,0.9999954
0,0,0.9999991
3,3,0.99999994
1,1,0.9633255
7,7,0.99955696
9,8,0.9293578
5,5,0.99999815
5,5,0.93398917
1,1,0.9996866
6,6,0.99999934
5,5,0.9999959
7,7,0.999999
4,4,0.99998957
9,9,0.99995
3,3,0.99999875
5,5,0.99497104
4,4,0.999975
7,7,0.99995965
1,1,0.9996742
2,2,0.99999815
0,0,0.9999508
8,8,0.99507123
1,1,0.9997685
6,6,0.99999994
0,0,0.99999815
7,7,0.9999997
3,3,0.9999946
4,4,0.6773795
7,7,0.9999874
3,3,0.9998059
9,9,0.99988216
6,6,0.99999946
0,0,0.9988003
8,8,0.99981713
6,6,0.99998194
4,4,0.9998343
8,8,0.9999998
7,7,0.99999803
7,7,0.99996907
9,9,0.99958247
3,3,0.9999898
8,8,0.99999887
6,6,0.9718726
9,9,0.999904
7,7,0.9999985
2,2,0.9999476
3,3,0.99982786
4,4,0.99992555
0,0,0.9990808
2,2,0.9999997
1,1,0.999499
8,0,0.7209825
3,3,0.98772776
5,5,0.9999985
5,5,0.9999196
7,7,0.9999997
2,2,0.99967134
4,4,0.99996835
6,6,0.8309625
7,7,0.9985806
2,2,0.9898774
8,8,0.9999967
3,3,0.99999994
0,0,0.9999587
8,8,0.9999953
7,7,0.9999952
8,8,0.9999731
9,9,0.67800325
0,0,0.99994045
8,8,0.9999103
4,4,0.9998467
4,4,0.99996
5,5,0.99951464
8,8,0.9999712
5,5,0.9998648
6,6,0.99999744
6,6,0.9999886
3,3,0.99856794
0,0,0.99998766
9,9,0.99994093
3,3,0.9998584
7,7,0.9335038
6,6,0.8354317
8,8,0.9993024
9,9,0.9997747
3,3,0.999566
4,4,0.99998564
9,9,0.99989384
5,5,0.9999568
8,8,0.9999655
9,9,0.9962778
1,1,0.99969804
2,2,0.9999582
8,8,0.9999948
8,8,0.99999577
6,6,0.99970603
8,8,0.99887455
1,1,0.99942434
3,3,0.9998679
7,7,0.999993
9,9,0.998875
0,0,0.9994246
1,1,0.9996304
1,1,0.99975216
4,9,0.6238726
7,7,0.9894544
0,0,0.99999744
8,8,0.99961203
1,1,0.9979538
7,7,0.9999998
4,4,0.9999824
5,5,0.9999953
7,7,0.9992042
1,1,0.9998424
2,2,0.99999994
1,1,0.99840575
1,1,0.9996921
3,3,0.9999911
9,9,0.97725064
6,6,0.9999992
2,2,0.9917882
1,1,0.99872214
2,2,0.99997073
8,8,0.81758887
0,0,0.9758737
7,7,0.999999
6,6,0.99987197
6,6,0.9999954
9,9,0.99977255
3,3,0.9999992
7,7,0.94461846
0,0,0.999952
5,5,0.99755615
2,2,0.99999636
8,8,0.9539347
0,0,0.99999505
5,5,0.99999994
4,4,0.9992683
3,3,0.9998181
8,8,0.99999005
4,4,0.9999439
6,6,0.99984074
6,6,0.99966776
2,2,0.99970925
7,7,0.99976754
9,9,0.999774
5,5,0.9997604
1,1,0.9995225
3,3,0.9999979
2,2,0.99998766
4,4,0.99987674
3,3,0.9982417
6,6,0.9999979
1,1,0.999039
9,9,0.99980545
4,4,0.9775889
4,4,0.99997586
7,7,0.9998885
6,6,0.99999994
5,5,0.9989915
4,4,0.9999992
1,1,0.9995224
9,9,0.98937935
9,9,0.9999271
2,2,0.99999994
7,7,0.9840074
8,8,0.9999836
0,0,0.99999875
1,1,0.996291
3,3,0.99991137
6,6,0.9999986
1,1,0.9998343
3,3,0.99999875
4,4,0.9921986
1,1,0.999877
1,1,0.99960154
1,1,0.99989337
5,5,0.9999489
6,6,0.9980254
0,0,0.9999923
7,7,0.9998343
0,0,0.99991876
7,7,0.9999948
2,2,0.9241163
3,3,0.9999998
2,2,0.99731183
5,5,0.9973858
2,2,0.99466836
2,2,0.9999245
9,9,0.99992937
4,4,0.99997085
9,9,0.99987125
8,8,0.999968
1,1,0.999971
2,2,0.9876961
1,1,0.986398
6,6,0.9996486
1,1,0.999963
2,2,0.9999741
7,7,0.999999
8,8,0.57788277
0,0,0.99999565
0,0,0.99999946
0,0,0.99997836
8,8,0.99994177
2,2,0.99999315
2,2,0.9999998
9,9,0.9910397
2,2,0.9999264
2,2,0.99999684
7,7,0.9552144
9,9,0.99985504
9,9,0.99988145
2,2,0.9999929
7,7,0.9999512
5,5,0.9993038
1,1,0.99837434
3,3,0.99999994
4,4,0.99999017
9,9,0.9998729
4,4,0.99998206
1,1,0.99921197
8,8,0.9252407
5,5,0.9999812
6,6,0.9999953
2,2,0.9998319
8,8,0.99993116
3,3,0.9999997
1,1,0.99929786
2,2,0.9998948
8,8,0.99998015
4,4,0.999919
9,9,0.9999108
9,9,0.9929629
3,3,0.9850474
7,7,0.99999744
0,0,0.99999994
7,7,0.9998862
7,7,0.9999475
2,2,0.99779093
3,3,0.99999756
2,2,0.95677763
4,4,0.99991053
0,0,0.9999997
3,3,0.9999426
9,9,0.9985474
9,9,0.99996394
8,8,0.9999992
4,4,0.9999996
1,1,0.99971545
0,0,0.9999102
6,6,0.99999934
0,0,0.9999518
9,9,0.9995962
6,6,0.9999965
8,8,0.99961907
6,6,0.99999994
1,1,0.99992055
1,1,0.99983835
9,9,0.9989667
8,8,0.9999996
9,9,0.99991876
2,2,0.99999994
3,3,0.99999934
5,5,0.9999953
5,5,0.99999803
9,9,0.9999487
4,4,0.99999875
2,2,0.9999667
1,1,0.9999258
9,9,0.9998765
4,4,0.99975324
3,3,0.99999994
9,9,0.9997809
6,6,0.9999997
0,0,0.99999577
4,4,0.9999972
0,0,0.999988
6,6,0.9999998
0,0,0.9999412
1,1,0.99994177
2,2,0.99999875
3,3,0.99994665
4,4,0.99999994
7,7,0.9945295
8,8,0.9999977
9,9,0.99996966
0,0,0.9999992
1,1,0.9999326
2,2,0.9999973
3,3,0.99870515
4,4,0.9999929
7,7,0.9984512
8,8,0.99995226
9,9,0.9999785
0,0,0.9999643
1,1,0.9998885
2,2,0.999996
3,3,0.99765533
4,4,0.999989
5,5,0.99997646
6,6,0.9999941
7,7,0.99965954
8,8,0.99999434
9,9,0.9995492
8,8,0.99997467
3,3,0.99994963
4,4,0.9997628
7,7,0.9997008
8,8,0.9848135
6,6,0.99999887
3,3,0.9064081
4,4,0.9264335
0,0,0.9999977
9,9,0.9997883
7,7,0.99997216
1,1,0.99985766
9,9,0.99992543
3,3,0.99980044
8,8,0.99986386
4,4,0.99999994
7,7,0.99894494
3,3,0.935565
0,0,0.99999756
9,9,0.9999812
1,1,0.99977756
4,4,0.9999133
5,5,0.9964671
4,4,0.99988145
6,6,0.9999967
2,2,0.9998381
0,0,0.9999921
6,6,0.9998083
2,2,0.9999612
1,1,0.9994353
1,1,0.9995206
1,1,0.9998572
1,1,0.9985308
7,7,0.9999711
2,2,0.9999991
4,4,0.9999978
7,7,0.99991065
5,5,0.9996501
2,2,0.9984369
9,9,0.99680513
4,4,0.99999183
5,5,0.99999756
8,8,0.999971
4,4,0.9999954
2,2,0.999993
9,9,0.9996953
7,7,0.9998331
0,0,0.9999903
0,0,0.9999934
7,7,0.9995511
5,5,0.9999805
1,1,0.99997216
1,1,0.9999195
7,7,0.9991282
6,6,0.99999756
6,6,0.99999994
6,6,0.9999985
8,8,0.999952
2,2,0.99980783
2,2,0.99983597
7,7,0.99824077
7,7,0.9994496
4,4,0.99999946
0,0,0.99999875
2,2,0.9999804
4,4,0.9999679
2,2,0.896307
1,1,0.9999557
8,8,0.99994606
9,9,0.99962443
6,6,0.9999973
1,1,0.99995095
0,0,0.99999815
5,5,0.9999884
9,9,0.99921924
6,6,0.9999761
9,9,0.9999195
8,8,0.9999675
0,0,0.9999872
3,3,0.823208
0,0,0.9999873
8,8,0.99997693
3,3,0.99994653
9,9,0.99976087
6,6,0.9999779
3,3,0.99903065
0,0,0.9999953
1,1,0.99975073
2,2,0.999999
3,3,0.99999994
4,4,0.99999577
5,5,0.9999909
6,6,0.9999998
7,7,0.9998069
0,0,0.99992615
1,1,0.99988383
2,2,0.9999986
3,3,0.9999997
4,4,0.9336155
5,5,0.99999887
6,6,0.99999946
7,7,0.9935097
8,8,0.99999875
9,9,0.99954754
0,0,0.9991163
1,1,0.9997935
2,2,0.9999108
3,3,0.99999994
4,4,0.9999997
5,5,0.9999992
6,6,0.9999946
7,7,0.9950987
8,8,0.9995896
5,5,0.9999996
4,4,0.999999
8,8,0.9849121
7,7,0.99925745
4,4,0.99999994
7,7,0.99999994
7,7,0.9994372
3,3,0.9999992
9,9,0.9995095
8,8,0.99915725
8,8,0.99999946
3,3,0.9999792
1,1,0.99994034
5,5,0.9999539
8,8,0.9999996
2,2,0.9999737
7,7,0.9995951
4,4,0.99999994
2,2,0.9999998
1,1,0.99960846
5,5,0.99440134
4,4,0.99999994
5,5,0.99999887
5,5,0.999999
8,8,0.9999928
6,6,0.9909327
4,4,0.9999797
4,4,0.95953524
4,4,0.999986
1,1,0.9772068
8,8,0.99991137
7,7,0.9996842
5,5,0.999996
5,5,0.9996785
1,1,0.99974597
8,8,0.999932
9,9,0.97770023
1,1,0.9997338
3,3,0.9999991
6,6,0.99972844
3,3,0.99999994
3,3,0.99999815
2,2,0.9999996
2,2,0.99952203
6,6,0.99995977
9,9,0.99881905
9,9,0.9992399
6,6,0.9997343
5,5,0.9999998
5,5,0.9999986
3,3,0.9999997
3,3,0.9999998
8,8,0.9999991
1,1,0.9997419
6,6,0.98974353
5,5,0.9999352
6,6,0.99999994
8,8,0.99999887
1,1,0.99991196
9,9,0.999602
7,7,0.99992865
6,6,0.99996895
8,8,0.9999754
3,3,0.9999986
7,7,0.99989825
4,4,0.9999712
7,7,0.99929214
0,0,0.99999493
9,9,0.9950768
0,0,0.99964976
0,0,0.99994
3,3,0.99998945
7,7,0.6734385
9,9,0.99890727
3,3,0.9999998
0,0,0.99999577
2,2,0.9988681
0,0,0.9999437
1,1,0.9993134
0,0,0.99998254
1,1,0.99985766
0,0,0.999877
4,4,0.99999994
0,0,0.99995226
1,1,0.99997157
0,0,0.9999911
4,4,0.99940383
7,7,0.97966963
9,9,0.99597806
6,6,0.999993
2,2,0.99999374
6,6,0.9920302
2,2,0.9999983
2,2,0.9998388
9,9,0.93769133
9,9,0.98086554
0,0,0.9999705
1,1,0.99953157
2,2,0.99999887
3,3,0.9999948
4,4,0.9999991
5,5,0.99999994
6,6,0.99999994
7,7,0.9999817
8,8,0.99197924
9,9,0.9998891
0,0,0.9999996
1,1,0.99996203
2,2,0.99999994
3,3,0.9998274
4,4,0.9999704
5,5,0.99999887
6,6,0.99999946
7,7,0.9999947
8,8,0.9335114
9,9,0.9999947
0,0,0.9999911
1,1,0.9998923
2,2,0.9999997
3,3,0.9999998
4,4,0.99999994
5,5,0.9999997
6,6,0.9999955
7,7,0.9999853
8,8,0.9954998
9,9,0.99907637
8,8,0.9999947
0,0,0.99999756
5,5,0.9999984
6,6,0.99999934
6,6,0.99999803
0,0,0.9999992
8,8,0.9999295
0,0,0.99999946
2,2,0.9999991
3,3,0.99999994
7,7,0.9999655
9,9,0.9994965
4,4,0.999996
7,7,0.99999887
1,1,0.9999024
9,9,0.99993664
1,1,0.99992377
7,7,0.9999818
1,1,0.9999358
4,4,0.99999315
0,0,0.9999977
0,0,0.9999972
4,4,0.9999868
1,1,0.9993327
7,7,0.9999564
5,5,0.99999946
7,7,0.9999947
1,1,0.99993724
3,3,0.9999998
3,3,0.99999887
3,3,0.99998695
1,1,0.7047489
6,6,0.99999887
9,9,0.999991
7,7,0.9999859
4,4,0.99973416
3,3,0.999983
0,0,0.99999994
2,2,0.999999
5,5,0.99998957
2,2,0.99999994
6,6,0.9999997
0,0,0.9999983
8,8,0.99984694
9,9,0.99999076
4,4,0.9999965
3,3,0.99999017
5,5,0.99999994
4,4,0.9999842
8,8,0.99995786
1,1,0.99984
5,5,0.9999749
9,9,0.9999936
0,0,0.9999983
6,6,0.99999934
4,4,0.99999744
3,3,0.99999815
6,6,0.9999804
3,3,0.9999638
3,3,0.9999915
8,8,0.998926
1,1,0.99996334
4,4,0.99999934
7,7,0.99989134
5,5,0.99999994
7,7,0.99999493
2,2,0.99999994
2,2,0.999999
0,0,0.9999996
0,0,0.999999
1,1,0.9998984
7,7,0.9998145
7,7,0.99982166
9,9,0.9999946
5,5,0.9999812
9,9,0.99983287
8,8,0.9999834
9,9,0.99999505
6,6,0.99999934
8,8,0.9955022
8,8,0.9994606
2,2,0.9999998
3,3,0.99999315
6,6,0.9999991
1,1,0.99991494
2,2,0.99999994
9,9,0.99997157
8,8,0.9999631
9,9,0.99996024
5,5,0.99999636
2,2,0.9999998
6,6,0.9999979
2,2,0.9999998
4,4,0.99999934
8,8,0.99718237
4,4,0.99997824
6,6,0.9999942
5,5,0.9999955
0,0,0.99999815
1,1,0.99987626
5,5,0.9999916
6,6,0.9999581
7,7,0.99999684
8,8,0.99999684
9,9,0.9999375
0,0,0.99999076
1,1,0.9995776
2,2,0.99823415
3,3,0.9999861
4,4,0.9788665
5,5,0.99998754
6,6,0.99999994
7,7,0.99999875
8,8,0.9999444
9,9,0.99987316
0,0,0.9999983
1,1,0.999284
2,2,0.9999706
3,3,0.9999998
4,4,0.9999996
5,5,0.99988705
6,6,0.99999565
7,7,0.9999997
8,8,0.99996895
9,9,0.9985475
7,7,0.9999971
4,4,0.99999994
2,2,0.99995285
0,0,0.99999875
9,9,0.9991999
0,0,0.9999996
1,1,0.9998114
5,5,0.9999897
8,8,0.9999892
8,8,0.9999841
0,0,0.99999636
2,2,0.99999994
7,7,0.9999977
8,8,0.9999986
4,4,0.9999905
4,4,0.9999985
6,6,0.9999998
1,1,0.9999407
0,0,0.9999984
4,4,0.99999887
5,5,0.999999
3,3,0.9999587
9,9,0.99932045
4,4,0.9999998
2,2,0.9985214
0,0,0.9820214
5,5,0.99999994
0,0,0.9999992
1,1,0.9998169
3,3,0.9999704
2,2,0.99999934
9,9,0.9998512
1,1,0.99198973
6,6,0.99999994
0,0,0.99990994
1,1,0.99965894
1,1,0.99993724
8,8,0.9999965
0,0,0.9999991
4,4,0.9999959
7,7,0.9999997
7,7,0.9999947
6,6,0.9999998
3,3,0.9999836
6,6,0.999999
0,0,0.99999756
7,7,0.99999374
3,3,0.9999998
5,5,0.99999875
4,4,0.9999625
2,2,0.99999815
4,4,0.9999978
1,1,0.9998081
8,8,0.9999961
3,3,0.9999955
5,5,0.99999887
6,6,0.99999994
7,7,0.9999996
0,0,0.9999842
6,6,0.99999994
7,7,0.9999983
1,1,0.99995655
2,2,0.9999998
5,5,0.9999998
8,8,0.9999978
1,1,0.99980545
9,9,0.999794
3,3,0.9999996
8,8,0.99998766
2,2,0.99999887
8,8,0.99998933
7,7,0.9999364
6,6,0.9999998
7,7,0.9999977
1,1,0.99904424
4,4,0.99999756
6,6,0.9999998
2,2,0.9998648
9,9,0.9999338
3,3,0.99995
0,0,0.9999744
1,1,0.9999533
2,2,0.9999283
3,3,0.9999996
4,4,0.9999998
5,5,0.9999998
6,6,0.99999994
7,7,0.9999288
0,0,0.9999996
1,1,0.99986386
2,2,0.9999996
3,3,0.9999941
4,4,0.9999996
5,5,0.99999994
0,0,0.9943894
1,1,0.9999359
2,2,0.99998087
8,8,0.9979769
9,9,0.99986005
1,1,0.99991685
4,4,0.99921745
0,0,0.9999984
9,9,0.9984405
5,5,0.99996144
0,0,0.9999972
8,8,0.99998885
0,0,0.9999998
7,7,0.99895906
7,7,0.999958
1,1,0.9997642
1,1,0.9994117
2,2,0.99758625
9,9,0.9999307
3,3,0.99999994
6,6,0.99985766
7,7,0.99990755
2,2,0.99975455
3,3,0.9999328
8,8,0.9999824
1,1,0.9998753
2,2,0.99999505
9,9,0.9997395
8,8,0.9997252
8,8,0.9999884
7,7,0.9999872
1,1,0.99989814
7,7,0.99999064
1,1,0.9998002
1,1,0.99998325
0,0,0.99999696
3,3,0.9999998
4,4,0.9998455
2,2,0.9999849
6,6,0.999999
4,4,0.9992688
7,7,0.9999594
4,4,0.9997771
2,2,0.9986583
7,7,0.99999624
4,4,0.99812585
9,9,0.9999618
1,1,0.9997264
0,0,0.9999799
6,6,0.99999994
8,8,0.9997022
5,5,0.9999998
5,5,0.99999994
5,5,0.99999994
3,3,0.9990218
5,5,0.9999998
9,9,0.9999636
7,7,0.99999195
4,4,0.999861
8,8,0.9999053
5,5,0.9999979
9,9,0.9998412
6,6,0.9999998
9,9,0.9999538
3,3,0.99973905
0,0,0.9999991
3,3,0.99999994
8,8,0.9990049
9,9,0.9999468
1,1,0.99951166
8,8,0.9999986
1,1,0.99971926
6,6,0.99999756
0,0,0.99999934
0,0,0.9999307
1,1,0.9885799
2,2,0.999994
3,3,0.99995846
4,4,0.99846
5,5,0.9999998
6,6,0.9999966
7,7,0.82681704
8,8,0.9999195
9,9,0.9997721
0,0,0.99998754
1,1,0.99989337
2,2,0.9999977
3,3,0.99999756
4,4,0.99834245
5,5,0.99989825
6,6,0.99999994
7,7,0.9999934
8,8,0.9999357
9,9,0.9998431
0,0,0.999942
1,1,0.9996947
2,2,0.9999513
3,3,0.99999064
4,4,0.98509747
5,5,0.99998647
6,6,0.9999991
7,7,0.99986553
8,8,0.9999985
9,9,0.99963427
3,3,0.9962861
5,5,0.99999946
3,3,0.9999972
2,2,0.9975174
9,9,0.99983597
3,3,0.9999991
2,2,0.99999756
1,1,0.9987332
4,4,0.99947673
5,5,0.99996895
5,5,0.99999756
2,2,0.6603575
3,3,0.9999737
2,2,0.9999853
1,1,0.99959594
3,3,0.9998665
9,9,0.9984424
7,7,0.9999444
2,2,0.99999565
1,1,0.6862269
2,2,0.9999829
8,8,0.9999977
9,9,0.9999463
1,1,0.9999086
8,8,0.9999173
8,8,0.99987847
7,7,0.99833363
8,8,0.9999878
1,1,0.9998819
0,0,0.9999986
0,0,0.99929285
7,7,0.9779713
7,7,0.99742025
8,8,0.9999996
7,7,0.99995106
5,5,0.9999998
0,0,0.9999998
6,6,0.999993
1,1,0.9982878
5,5,0.99969625
7,7,0.9999586
4,4,0.99991244
6,6,0.9999979
1,1,0.99933165
2,2,0.9999706
5,5,0.99999946
0,0,0.9999965
7,7,0.99998945
9,9,0.99985266
9,9,0.99996954
0,0,0.9999984
3,3,0.99998444
8,8,0.9999972
4,4,0.68183464
4,4,0.9973537
8,8,0.990587
1,1,0.9997921
8,8,0.99998766
6,6,0.9999991
5,5,0.9999997
9,9,0.9998386
0,0,0.9999996
0,0,0.9999992
0,0,0.99999493
3,3,0.999994
7,7,0.9994777
1,1,0.9998441
6,6,0.9999992
4,4,0.99969196
2,2,0.9999998
6,6,0.9999992
6,6,0.9999998
0,0,0.9999755
4,4,0.9999178
5,5,0.999999
4,4,0.9982153
1,1,0.99971163
3,3,0.99987245
8,8,0.999999
6,6,0.9999996
3,3,0.9989247
9,9,0.9999942
9,9,0.9996486
5,5,0.99999076
9,9,0.9999476
3,3,0.999993
7,7,0.9906765
8,8,0.99997646
5,5,0.99999994
6,6,0.9999996
4,4,0.9999992
7,7,0.9999593
6,6,0.9999986
2,2,0.9999996
2,2,0.9998214
0,0,0.9998102
9,9,0.99029243
4,4,0.9995596
0,0,0.9999991
1,1,0.9998824
2,2,0.9999985
3,3,0.9999997
4,4,0.99999493
5,5,0.9998904
6,6,0.99999744
7,7,0.9999942
8,8,0.9999955
9,9,0.9992974
0,0,0.99956185
1,1,0.99855906
2,2,0.9999998
3,3,0.912281
5,5,0.99909663
6,6,0.98009586
0,0,0.9995802
1,1,0.9996648
2,2,0.9999998
3,3,0.9999749
4,4,0.99999183
5,5,0.9999798
6,6,0.9999843
8,8,0.99999875
7,7,0.99164337
1,1,0.9997735
3,3,0.9999985
2,2,0.9999948
8,8,0.9800063
0,0,0.9999886
7,7,0.99998385
5,5,0.99755245
9,9,0.99918467
9,9,0.99992007
6,6,0.99999994
0,0,0.9999599
9,9,0.99230504
4,4,0.9999996
1,1,0.9996501
3,3,0.9999965
2,2,0.9999997
1,1,0.99969816
2,2,0.9999955
3,3,0.9999997
8,8,0.99999887
3,3,0.99999994
2,2,0.99999994
6,6,0.9999878
5,5,0.99695915
6,6,0.99999815
8,8,0.99994236
2,2,0.9999984
7,7,0.9999787
4,4,0.9999955
8,8,0.99999946
1,1,0.99982667
8,8,0.9999992
0,0,0.9999935
5,5,0.9999998
3,3,0.9999408
9,9,0.9999427
4,4,0.9999954
1,1,0.9999271
9,9,0.99993247
2,2,0.99999946
1,1,0.99991184
9,9,0.9996495
6,6,0.99999994
7,7,0.99999815
9,9,0.99997514
0,0,0.9999812
4,4,0.9999977
6,6,0.9999997
1,1,0.99988395
7,7,0.9999909
3,3,0.99999994
8,8,0.9999998
7,7,0.99998814
2,2,0.99999624
9,9,0.9999618
6,6,0.9991756
5,5,0.9996175
8,8,0.9999872
3,3,0.9999998
9,9,0.9999693
0,0,0.99995357
5,5,0.99993044
7,7,0.99997836
1,1,0.9999097
6,6,0.9999983
1,1,0.999947
0,0,0.99998385
9,9,0.99998444
3,3,0.9999717
3,3,0.9999953
4,4,0.9999983
4,4,0.99999994
0,0,0.9999886
6,6,0.9999983
2,2,0.99996847
5,5,0.99421287
4,4,0.99999994
2,2,0.9999934
3,3,0.9998972
4,4,0.99999875
6,6,0.9999986
0,0,0.99902636
0,0,0.9920754
2,2,0.99999994
0,0,0.99997085
1,1,0.99942625
4,4,0.99893934
5,5,0.9999719
6,6,0.99999934
7,7,0.99986243
8,8,0.9999998
9,9,0.99982405
0,0,0.9999997
1,1,0.9997661
2,2,0.9999781
3,3,0.9949257
4,4,0.8780509
5,5,0.9999997
6,6,0.99999994
7,7,0.99999374
8,8,0.99999994
0,0,0.99999803
1,1,0.99948186
2,2,0.9996346
3,3,0.9999997
4,4,0.999924
5,5,0.99999815
6,6,0.99999636
7,7,0.9999822
8,8,0.9999687
9,9,0.9999729
8,8,0.999975
7,7,0.9999849
1,1,0.9999495
3,3,0.9999965
7,7,0.99980426
5,5,0.99999803
2,2,0.9999946
8,8,0.99999994
0,0,0.99999946
7,7,0.999999
5,5,0.9999979
9,9,0.9997685
9,9,0.9999557
0,0,0.99996346
9,9,0.9999259
1,1,0.9997436
1,1,0.99976206
5,5,0.99999636
8,8,0.9999996
8,8,0.9999991
6,6,0.98720545
3,3,0.9940074
2,2,0.99999064
1,1,0.9999413
8,8,0.99999994
3,3,0.999999
2,2,0.99999684
6,6,0.99999994
5,5,0.99997467
6,6,0.99999815
7,7,0.9993879
4,4,0.6826269
1,1,0.99989456
0,0,0.9994977
5,5,0.9999742
3,3,0.9999947
1,1,0.99960107
9,9,0.9999946
2,2,0.9999539
1,1,0.9998817
9,9,0.9999841
6,6,0.99999946
0,0,0.9999581
4,4,0.99999994
6,6,0.99999803
1,1,0.9998931
7,7,0.99954635
3,3,0.9999948
8,8,0.9999948
7,7,0.99973476
2,2,0.99858654
9,9,0.99997205
6,6,0.99999875
5,5,0.9999996
8,8,0.99999636
3,3,0.99159664
5,5,0.9999997
7,7,0.9999798
1,1,0.9999339
6,6,0.99988073
1,1,0.9998973
0,0,0.99993616
9,9,0.9999123
6,6,0.9999967
2,2,0.9986936
5,5,0.99974716
4,4,0.99997705
2,2,0.9996555
3,3,0.99999803
4,4,0.9985738
4,4,0.99999934
6,6,0.9999971
0,0,0.99998647
0,0,0.9999998
2,2,0.99999934
0,0,0.99999934
1,1,0.9998986
2,2,0.9999903
3,3,0.9984775
4,4,0.9892406
5,3,0.70687777
6,6,0.9999984
7,7,0.9995491
8,8,0.9999712
9,9,0.9999973
0,0,0.999994
1,1,0.99985456
2,2,0.9999711
3,3,0.9999419
4,4,0.999999
5,5,0.99998647
6,6,0.9999991
7,7,0.9999545
8,8,0.99974084
9,9,0.9997268
0,0,0.9999942
1,1,0.9998243
2,2,0.9999973
3,8,0.9684337
4,4,0.99998945
5,5,0.9999779
6,6,0.9999998
7,7,0.9998238
8,8,0.999841
9,9,0.9993784
8,8,0.9999991
6,6,0.9998929
5,5,0.9996742
0,0,0.9999866
6,6,0.99999803
8,8,0.99996454
9,9,0.9999916
4,4,0.9999946
1,1,0.99982977
9,9,0.9996338
5,5,0.9976523
3,8,0.5118985
0,0,0.99992114
4,4,0.9997494
8,8,0.99998885
9,9,0.9995535
1,1,0.9998698
4,4,0.9999977
0,0,0.9999319
5,5,0.969506
5,5,0.9751562
2,2,0.9999868
1,1,0.999845
5,5,0.99347854
4,4,0.9999791
0,0,0.9989958
7,7,0.9999718
6,6,0.99994093
0,0,0.9999487
1,1,0.9997771
7,7,0.9998912
0,0,0.9999972
6,6,0.9999997
8,8,0.99999875
9,9,0.99975085
5,5,0.7360764
1,1,0.97918314
7,7,0.9998916
9,9,0.9984495
8,8,0.99999183
6,6,0.9992324
0,0,0.9998819
8,8,0.9937439
1,1,0.99927187
7,7,0.99820733
7,7,0.9999835
1,1,0.99925244
3,3,0.9959055
2,2,0.99984765
3,3,0.9126009
1,1,0.99987316
4,4,0.99999493
2,2,0.9999992
0,0,0.9999284
0,0,0.9999955
7,7,0.99999803
8,8,0.999958
4,4,0.9985802
6,6,0.998961
4,4,0.99998134
9,9,0.9998823
3,3,0.96405107
8,8,0.99997836
4,4,0.9999947
7,7,0.9914854
2,2,0.99971366
5,5,0.9945363
6,6,0.9998918
3,3,0.99985266
6,6,0.99952894
9,9,0.9999508
6,6,0.9999724
3,3,0.99994904
2,2,0.999642
2,2,0.9999948
4,4,0.99973917
6,6,0.9999915
9,9,0.99988097
0,0,0.9999564
2,2,0.9999613
5,5,0.9924584
5,5,0.9998819
1,1,0.99989945
3,3,0.99998313
3,3,0.9999092
9,9,0.9999625
7,7,0.99988085
8,8,0.99997336
7,7,0.99997014
2,2,0.9999884
2,2,0.99998266
5,5,0.99913704
7,7,0.99982977
9,9,0.9999655
8,8,0.9999942
2,2,0.9999997
1,1,0.99979305
3,3,0.9924648
1,1,0.9998119
3,3,0.9999973
0,0,0.9999917
1,1,0.997687
2,2,0.9999626
3,3,0.95440745
4,4,0.9999991
5,5,0.9999998
6,6,0.99999994
7,7,0.9999991
8,8,0.99946916
9,9,0.98287874
0,0,0.99971855
1,1,0.9967177
2,2,0.9998493
3,3,0.99931294
4,4,0.99999565
5,5,0.99999934
6,6,0.99999994
7,7,0.999999
8,8,0.994782
9,9,0.82846165
0,0,0.99999803
1,1,0.9966219
2,2,0.9976701
3,3,0.99997324
4,4,0.9998436
5,5,0.99999136
6,6,0.99999994
7,7,0.99999243
8,8,0.99951893
9,5,0.72182214
1,1,0.9999384
2,2,0.722385
6,6,0.9999996
5,5,0.99999946
3,3,0.9999899
0,0,0.9999984
7,7,0.99999064
0,0,0.99999934
4,4,0.9999836
1,1,0.9586825
4,4,0.99999994
3,3,0.99998015
6,6,0.99999994
7,7,0.9999922
2,2,0.9999879
3,3,0.9999239
1,1,0.99955636
2,2,0.9983781
1,1,0.9972549
2,2,0.99988216
9,9,0.91740304
6,6,0.9999936
0,0,0.99999887
1,1,0.9903288
3,3,0.99993664
0,0,0.99999946
2,2,0.9999041
7,7,0.9999997
5,5,0.99999934
7,7,0.9999748
6,6,0.9999998
2,2,0.9999929
9,9,0.9757517
1,1,0.99997276
9,9,0.9962739
0,0,0.99999994
6,6,0.99999994
0,0,0.99999994
6,6,0.99999994
0,0,0.99999803
2,2,0.99997824
0,0,0.9999977
6,6,0.9999986
1,1,0.9996586
5,5,0.99999934
8,8,0.99998814
4,4,0.99999994
3,3,0.99999493
0,0,0.99997216
1,1,0.9998634
5,5,0.9999953
4,4,0.99999565
4,4,0.9999996
8,8,0.9999854
5,5,0.99998945
7,7,0.99999946
5,5,0.99999815
7,7,0.9999499
8,8,0.9999991
3,3,0.9999973
4,4,0.9999967
8,8,0.999994
8,8,0.9998947
5,5,0.99999934
2,2,0.9999998
9,9,0.8618573
7,7,0.9999686
1,1,0.9998954
3,3,0.9999892
8,8,0.9976369
1,1,0.99987847
0,0,0.99998945
7,7,0.9999996
5,5,0.9999929
9,9,0.8767483
6,6,0.99999994
9,9,0.988636
4,4,0.99999994
7,7,0.99979234
7,7,0.99998397
9,9,0.8480709
9,9,0.86058736
3,3,0.99674714
4,4,0.9999909
4,4,0.99999887
3,3,0.99996585
8,8,0.99998397
6,6,0.9998596
2,2,0.99999636
0,0,0.9999804
1,1,0.99986386
2,2,0.99999887
3,3,0.9999986
4,4,0.9999868
5,5,0.99999934
6,6,0.9999998
7,7,0.9986887
8,8,0.9999983
9,9,0.9999822
0,0,0.99999946
1,1,0.9998954
2,2,0.99999815
3,3,0.99999744
4,4,0.9999997
5,5,0.99999803
6,6,0.9999996
7,7,0.9999965
8,8,0.9999997
9,9,0.99995404
0,0,0.99999994
1,1,0.99991006
2,2,0.99999756
3,3,0.9999966
4,4,0.9999991
5,5,0.9999998
6,6,0.9999997
7,7,0.99958414
8,8,0.99999887
9,9,0.99993724
0,0,0.9999992
8,8,0.9999991
3,3,0.99989897
9,9,0.9997947
5,5,0.99999076
5,5,0.9999996
2,2,0.9999991
6,6,0.9999996
8,8,0.99999934
4,4,0.99999994
9,9,0.9998555
1,1,0.99989325
7,7,0.99998564
1,1,0.9998026
2,2,0.9999973
3,3,0.9999998
5,5,0.998757
9,9,0.9999508
6,6,0.9999991
9,9,0.9999475
1,1,0.99984145
1,1,0.99948055
1,1,0.9997356
2,2,0.99956936
9,9,0.9999452
5,5,0.9999991
6,6,0.9999966
8,8,0.9999946
1,1,0.9997525
2,2,0.9999921
0,0,0.99998456
7,7,0.9998331
7,7,0.9998491
5,5,0.999999
8,8,0.9999996
2,2,0.99999994
9,9,0.99989444
8,8,0.99999946
9,9,0.99911654
0,0,0.9996886
4,4,0.999999
6,6,0.99999994
7,7,0.9999313
1,1,0.99984217
3,3,0.999999
4,4,0.9999911
5,5,0.99999994
6,6,0.99999994
0,0,0.99999887
3,3,0.9999996
6,6,0.99999994
8,8,0.99999183
7,7,0.999989
0,0,0.99999136
4,4,0.9999817
2,2,0.9995344
7,7,0.9999543
4,4,0.99999994
7,7,0.9999979
5,5,0.9999992
4,4,0.99999493
3,3,0.9999953
4,4,0.99992985
2,2,0.9999992
8,8,0.99999946
1,1,0.9999332
5,5,0.9999967
1,1,0.99977016
2,2,0.99999887
0,0,0.99999875
2,2,0.9999998
5,5,0.99999994
6,6,0.99999696
4,4,0.9999971
3,3,0.9999996
0,0,0.9999971
0,0,0.99999744
0,0,0.9999991
3,3,0.9999986
3,3,0.9999985
5,5,0.9999985
7,7,0.99998516
0,0,0.9999996
6,6,0.99997884
4,4,0.99999875
8,8,0.9999997
8,8,0.99999994
6,6,0.99999267
3,3,0.9999997
4,4,0.9999996
6,6,0.9999998
9,9,0.9998081
9,9,0.99984074
8,8,0.9999079
2,2,0.9999412
7,7,0.99990505
7,7,0.99998707
1,1,0.9997766
0,0,0.99999934
1,1,0.9998922
2,2,0.99999994
3,3,0.99999756
4,4,0.9999998
5,5,0.9999996
6,6,0.9999998
7,7,0.9999785
8,8,0.9999462
9,9,0.9999648
0,0,0.9999998
1,1,0.9999042
2,2,0.99999994
3,3,0.9999915
4,4,0.999999
5,5,0.9999998
6,6,0.99999994
7,7,0.9999985
8,8,0.99999803
0,0,0.9999983
1,1,0.99992996
2,2,0.99999994
3,3,0.99999756
4,4,0.99999994
5,5,0.99999934
6,6,0.99999994
7,7,0.9999998
8,8,0.99999636
2,2,0.9999996
1,1,0.9991737
7,7,0.9999979
2,2,0.99999994
5,5,0.9999998
0,0,0.99999934
8,8,0.9999984
0,0,0.9996443
2,2,0.99999994
7,7,0.9999961
8,8,0.9975755
8,8,0.9999954
3,3,0.9999984
6,6,0.9999998
0,0,0.9998343
2,2,0.9999967
7,7,0.99999994
6,6,0.99999994
6,6,0.99999994
1,1,0.99944913
2,2,0.99999994
8,8,0.99999005
8,8,0.99711853
7,7,0.9999998
7,7,0.9999991
4,4,0.9999984
7,7,0.9999998
7,7,0.9999996
3,3,0.9999983
7,7,0.9999955
4,4,0.9999996
5,5,0.9999986
4,4,0.99999887
3,3,0.99947387
3,3,0.9999977
8,8,0.9999798
4,4,0.9999997
1,1,0.99990004
1,1,0.9999413
9,9,0.9958236
7,7,0.99955386
4,4,0.99999934
3,3,0.999996
7,7,0.999885
3,3,0.9999648
3,3,0.99999994
0,0,0.9999947
2,2,0.99999994
5,5,0.9999998
5,5,0.9999997
6,6,0.99999994
6,6,0.9999984
3,3,0.99996406
5,5,0.9999983
2,2,0.99862427
5,5,0.9999197
9,9,0.9217419
9,9,0.999983
8,8,0.9999998
4,4,0.9999563
1,1,0.9998126
0,0,0.99989086
6,6,0.9999998
0,0,0.9815437
9,9,0.99711734
6,6,0.9999917
8,8,0.9999762
8,8,0.99999624
5,5,0.9999998
6,6,0.9999998
1,1,0.9997785
1,1,0.99911475
9,9,0.99982834
8,8,0.9991101
9,9,0.99573123
2,2,0.99999994
3,3,0.99999994
5,5,0.9999984
5,5,0.9999997
9,9,0.9999377
4,4,0.999917
2,2,0.99265325
1,1,0.9998212
9,9,0.9897762
3,3,0.9958872
9,9,0.99972224
2,2,0.99999994
0,0,0.99988633
6,6,0.9993393
0,0,0.99843454
4,4,0.99999565
0,0,0.99992007
0,0,0.99999994
1,1,0.9999258
2,2,0.9999998
3,3,0.99997944
4,4,0.9999947
7,7,0.9998823
8,8,0.9999978
9,9,0.9999854
0,0,0.9999998
1,1,0.99983907
2,2,0.9999955
3,3,0.9999996
7,7,0.99961025
8,8,0.9999991
9,9,0.9994112
0,0,0.99998933
1,1,0.99993604
2,2,0.9999824
3,3,0.9999996
4,4,0.9999978
7,7,0.9999885
8,8,0.9999866
9,9,0.9999036
7,7,0.9999755
3,3,0.99998695
0,0,0.9999954
3,3,0.9999948
1,1,0.99990755
8,8,0.9999965
7,7,0.99790263
6,6,0.99999815
4,4,0.9999166
0,0,0.9999985
2,2,0.9999997
6,6,0.9999998
8,8,0.9999986
3,3,0.999999
2,2,0.99999994
8,8,0.99999934
1,1,0.999769
2,2,0.9999986
0,0,0.9999874
7,7,0.9921273
1,1,0.9999649
0,0,0.99998146
4,4,0.9998974
4,4,0.9999961
5,5,0.9999992
8,8,0.99990875
0,0,0.99999493
6,6,0.9999961
2,2,0.9999624
3,3,0.9999971
1,1,0.9999339
5,5,0.99999887
1,1,0.9999121
8,8,0.9999797
5,5,0.999999
9,9,0.9995648
4,4,0.9999922
0,0,0.9999984
7,7,0.999983
5,5,0.99999815
8,8,0.9999917
8,8,0.9999967
3,3,0.9999835
8,8,0.9991935
9,9,0.9996205
2,2,0.9999954
6,6,0.99999887
2,2,0.99978113
5,5,0.9999992
3,3,0.99999386
1,1,0.99996763
7,7,0.9999725
3,3,0.9999998
9,0,0.8713547
1,1,0.99989027
9,9,0.99992114
9,9,0.9998949
6,6,0.9999996
0,0,0.99999934
3,3,0.9997623
9,9,0.9996336
2,2,0.99999946
8,8,0.99999875
1,1,0.9999389
4,4,0.99999815
3,3,0.9998479
5,5,0.9999977
2,2,0.9999998
9,9,0.99985814
2,2,0.99999875
5,5,0.99999875
8,8,0.99900573
9,9,0.999971
5,5,0.9999961
0,0,0.99998194
1,1,0.99983263
2,2,0.9999432
4,4,0.9999779
5,5,0.99999326
6,6,0.9999996
0,0,0.992549
1,1,0.9996402
2,2,0.99999887
3,3,0.99997336
4,4,0.9999967
5,5,0.99999934
6,6,0.9964548
7,7,0.9999941
1,1,0.9977879
2,2,0.99999934
3,3,0.99402773
4,4,0.99998146
5,5,0.999709
1,1,0.99951524
0,0,0.9999078
4,4,0.99996513
5,5,0.9999408
6,6,0.9999935
6,6,0.99999887
3,3,0.9999984
4,4,0.9999196
4,4,0.99594444
2,2,0.9990191
8,8,0.90767133
1,1,0.99859536
0,0,0.996097
6,6,0.9541301
4,4,0.99609154
9,5,0.75606316
7,7,0.8799604
2,2,0.9999158
3,3,0.99991757
3,3,0.9967958
9,9,0.9956517
2,2,0.99998635
0,0,0.99999183
9,9,0.9897098
3,3,0.9068297
3,3,0.99383366
9,7,0.51250786
1,1,0.5824545
5,5,0.9998765
2,2,0.9985388
3,3,0.99225146
7,1,0.80542505
7,7,0.99168706
8,8,0.7999157
4,4,0.9997711
0,0,0.9999128
2,2,0.9999805
4,4,0.9999991
0,0,0.9999978
2,2,0.99969816
4,4,0.9999984
7,7,0.99987054
8,8,0.99998814
0,0,0.9999946
7,7,0.99969566
0,0,0.9999388
6,6,0.9999986
9,9,0.9180471
3,3,0.999784
2,2,0.9999122
8,8,0.9999991
6,6,0.9985506
0,7,0.7935847
5,5,0.9826455
7,7,0.9865688
5,5,0.9999601
1,1,0.99992925
0,0,0.9999909
8,8,0.973523
1,1,0.99992126
6,6,0.9949104
7,7,0.999989
2,2,0.9998405
9,9,0.9310683
7,7,0.9925847
9,9,0.9610563
5,5,0.99991626
8,8,0.9999624
6,6,0.9951041
2,2,0.75472826
6,6,0.9996101
2,2,0.99999696
8,8,0.9996618
1,1,0.9968789
7,7,0.9999803
5,5,0.9999971
0,0,0.99966204
1,1,0.99504644
1,1,0.98694956
3,3,0.99977565
8,2,0.8782673
4,4,0.99992555
9,9,0.9468674
1,1,0.99210775
8,8,0.9999818
6,6,0.999999
8,8,0.99362457
9,9,0.8597748
0,0,0.9999983
1,1,0.99986196
2,2,0.9993962
3,3,0.9995275
4,4,0.99896145
5,5,0.999937
6,6,0.999993
7,7,0.9999928
8,8,0.9995102
9,9,0.9869771
0,0,0.9999171
1,1,0.9995585
2,2,0.9984122
3,3,0.9999991
4,4,0.99999315
7,7,0.99993366
8,8,0.99999696
9,9,0.9966736
0,8,0.64484996
1,1,0.9995163
7,7,0.9999382
8,8,0.9999998
9,9,0.9989415
9,9,0.998545
8,8,0.9999737
9,9,0.998102
8,8,0.99995476
4,4,0.99999493
1,1,0.9982946
7,7,0.9918424
7,7,0.9999947
3,3,0.99999624
3,3,0.9999818
7,7,0.9998715
6,6,0.9997871
6,6,0.99958473
6,6,0.9998369
1,1,0.99977255
9,9,0.9981994
0,0,0.99985075
1,1,0.9996025
7,7,0.9999346
6,6,0.99999803
3,3,0.9999984
2,2,0.9880745
1,1,0.99975336
7,7,0.999952
1,1,0.9997616
3,3,0.9999376
9,9,0.9997606
1,1,0.99985766
7,7,0.9996395
6,6,0.9999961
8,8,0.9999861
4,4,0.9999953
1,1,0.9991928
4,4,0.999919
3,3,0.99999875
6,6,0.99933773
9,9,0.9940746
6,6,0.9999743
1,1,0.9978729
4,4,0.9984589
4,4,0.9999983
7,7,0.9999706
2,2,0.99999946
4,4,0.9999972
4,4,0.9987263
0,0,0.99999887
1,1,0.9998293
2,2,0.9999711
3,3,0.9999942
4,4,0.99999994
5,5,0.96952635
6,6,0.99999875
7,7,0.999548
8,8,0.99932045
9,9,0.9941323
0,0,0.99999875
1,1,0.9998866
2,2,0.99999887
3,3,0.9999985
4,4,0.9999854
5,5,0.99996394
6,6,0.9999929
9,9,0.9596347
0,0,0.9999953
1,1,0.99987364
2,2,0.9570069
3,3,0.99993426
4,4,0.9981692
7,7,0.9979783
8,8,0.9972333
1,1,0.9996798
3,3,0.99999994
5,5,0.99967647
1,1,0.9999569
7,7,0.9977007
7,7,0.9993866
2,2,0.9998941
1,1,0.9998916
4,4,0.9999781
8,8,0.9995962
3,3,0.9999823
4,4,0.9974034
4,4,0.99999803
3,3,0.9999704
9,9,0.9426583
7,7,0.99862653
4,4,0.9999984
1,1,0.9993343
2,2,0.990134
3,3,0.99975514
5,5,0.9998703
9,9,0.99514884
1,1,0.99987173
6,6,0.99982834
0,0,0.99998635
1,1,0.9998729
0,0,0.99999946
0,0,0.99999493
2,2,0.99998206
8,8,0.95323265
7,7,0.9854237
1,1,0.999963
1,1,0.9997158
4,4,0.99472636
0,0,0.99998206
4,4,0.99963415
7,7,0.9997802
3,3,0.99995846
6,6,0.99945724
8,8,0.99813485
0,0,0.99999636
3,3,0.999996
7,7,0.9977781
4,4,0.9724764
0,0,0.99999934
6,6,0.9999545
9,9,0.9993139
2,2,0.99999696
6,6,0.999958
5,5,0.9999575
8,8,0.999983
6,6,0.99998945
9,9,0.9943114
0,0,0.99999255
4,4,0.99747545
0,0,0.99999446
6,6,0.9997947
1,6,0.51833886
9,9,0.9868705
2,2,0.992703
0,0,0.9999992
9,9,0.9825352
5,5,0.9984851
1,1,0.99996656
3,3,0.99997264
7,7,0.99281484
6,6,0.99999255
9,9,0.99730337
3,3,0.9999996
0,0,0.9999978
2,2,0.9635234
2,2,0.99906
0,0,0.9999966
1,1,0.99997336
2,2,0.9999843
3,3,0.9999915
4,4,0.9999992
5,5,0.99999994
6,6,0.9999996
7,7,0.9999818
8,8,0.9984723
9,9,0.9959928
0,0,0.99999493
1,1,0.9988398
2,2,0.9999947
3,3,0.9998603
4,4,0.999999
5,5,0.9999967
6,6,0.9999973
7,7,0.9999996
8,8,0.9999996
9,9,0.9347835
0,0,0.9998174
1,1,0.9999413
2,2,0.9999961
3,3,0.99999434
4,4,0.9999997
5,5,0.9999984
6,6,0.99999994
7,7,0.9999948
8,8,0.9999996
9,9,0.9980875
2,2,0.999999
1,1,0.9997053
7,7,0.9999848
2,2,0.9999996
5,5,0.9999998
0,0,0.99999636
8,8,0.99999684
0,0,0.99999744
2,2,0.9999984
7,7,0.9999828
8,8,0.9999992
8,8,0.9999921
3,3,0.9990253
0,0,0.9999575
6,6,0.99999994
0,0,0.9999824
2,2,0.9999997
7,7,0.99997634
6,6,0.99999887
6,6,0.9975131
1,1,0.9998331
2,2,0.99999446
8,8,0.99999994
8,8,0.99990374
7,7,0.99963784
7,7,0.9999961
4,4,0.99998623
7,7,0.99999994
7,7,0.9999836
3,3,0.99994487
7,7,0.99999315
4,4,0.99999815
5,5,0.99999994
4,4,0.99999994
3,3,0.9999884
3,3,0.99994844
8,8,0.99998003
4,4,0.99999875
5,5,0.9999948
4,4,0.9994408
1,1,0.99992603
1,1,0.9998431
9,9,0.9996328
7,7,0.9999977
4,4,0.9999197
3,3,0.9999855
7,7,0.9999977
3,3,0.99999994
3,3,0.9998627
0,0,0.99998313
2,2,0.99980664
5,5,0.9999998
5,5,0.99999994
6,6,0.99999994
3,3,0.9999967
1,1,0.9998052
5,5,0.99999887
2,2,0.9999369
5,5,0.99981403
9,9,0.9999772
9,9,0.9997933
8,8,0.99999684
4,4,0.9999997
1,1,0.9997647
0,0,0.9999991
6,6,0.99999875
0,0,0.99952966
9,9,0.9890539
6,6,0.99999994
8,8,0.99998647
8,8,0.99998885
5,5,0.997891
6,6,0.99998873
1,1,0.9998906
1,1,0.99960583
9,9,0.9998188
8,8,0.99999315
9,9,0.9971685
2,2,0.99559224
3,3,0.99999934
5,5,0.9999996
5,5,0.9999266
9,9,0.99884766
4,4,0.99999994
2,2,0.9993308
1,1,0.99984026
9,9,0.99663365
4,4,0.99999994
9,9,0.9996996
1,1,0.9998448
3,3,0.99995416
9,9,0.9953362
2,2,0.9999855
0,0,0.9999991
6,6,0.99999315
0,0,0.99997956
4,4,0.99996
0,0,0.99998313
6,6,0.99931973
0,0,0.99999756
1,1,0.99990517
2,2,0.9999735
3,3,0.9999946
4,4,0.9999966
5,5,0.99999946
6,6,0.99999994
7,7,0.9999909
8,8,0.9999992
9,9,0.9997823
0,0,0.99997205
1,1,0.99988693
2,2,0.99999565
3,3,0.9998924
4,4,0.9999836
5,5,0.9999855
6,6,0.99995774
7,7,0.9998729
8,8,0.9869924
9,9,0.99977326
0,0,0.9999998
1,1,0.999906
2,2,0.9999998
3,3,0.99999136
4,4,0.9999972
5,5,0.99997395
6,6,0.9999979
7,7,0.9911366
8,8,0.999983
9,9,0.9995703
3,3,0.99999815
8,8,0.9999983
0,0,0.99998873
7,7,0.9999922
1,1,0.99967885
0,0,0.99926996
7,7,0.9999812
5,5,0.99984026
5,5,0.99999946
6,6,0.9999997
9,9,0.9865893
0,0,0.9999235
1,1,0.9999662
0,0,0.9997246
0,0,0.9999617
8,8,0.9999996
3,3,0.99999565
4,4,0.9999972
3,3,0.9998152
1,1,0.99994165
5,5,0.9999884
0,0,0.9999935
0,0,0.9999942
9,9,0.99879694
5,5,0.99943984
3,3,0.99998206
4,4,0.9995751
9,9,0.9995213
3,3,0.9999977
7,7,0.9998491
6,6,0.9999996
9,9,0.9980978
2,2,0.9999983
4,4,0.9998052
5,5,0.9999792
7,7,0.99998933
2,2,0.99999994
6,6,0.9999915
4,4,0.99999934
9,9,0.9969301
4,4,0.999389
9,9,0.99603504
4,4,0.9998792
1,1,0.99971783
2,2,0.9997642
2,2,0.9998893
5,5,0.9999793
8,8,0.9999979
1,1,0.99980164
3,3,0.99999994
2,2,0.9999997
9,9,0.99989396
4,4,0.99999815
3,3,0.9999984
8,8,0.99999994
2,2,0.9999996
2,2,0.99999994
1,1,0.99986625
2,2,0.99999243
8,8,0.9999959
6,6,0.9999991
5,5,0.99999744
1,1,0.9999003
6,6,0.99999195
7,7,0.99963075
2,2,0.99999994
1,1,0.99955565
3,3,0.9999942
9,9,0.9990577
3,3,0.9999997
8,8,0.99999934
7,7,0.99969697
5,5,0.9999836
7,7,0.97718775
0,0,0.999577
7,7,0.99998385
4,4,0.99907684
8,8,0.99999994
8,8,0.9989948
5,5,0.9999998
0,0,0.9999692
6,6,0.99999994
6,6,0.9999991
3,3,0.99999803
7,7,0.9999717
6,6,0.9999996
9,9,0.9985162
9,9,0.99731684
4,4,0.999947
8,8,0.99980974
4,4,0.99998623
1,1,0.9999476
0,0,0.98238033
6,6,0.9999469
6,6,0.9997778
0,0,0.9999997
1,1,0.99954146
2,2,0.97268105
3,3,0.99999946
4,4,0.9999961
5,5,0.99999636
6,6,0.9999992
7,7,0.9998804
8,8,0.9996619
9,9,0.9967305
0,0,0.99999803
1,1,0.9996848
2,2,0.9999791
3,3,0.9999985
4,4,0.9999992
5,5,0.9999978
6,6,0.9999828
7,7,0.99994487
8,8,0.9999563
9,9,0.99747795
0,0,0.9999985
1,1,0.9999115
2,2,0.99933
3,3,0.9999947
4,4,0.9999967
5,5,0.9999965
6,6,0.9999998
7,7,0.9992078
8,8,0.9999946
9,9,0.9964329
7,7,0.9999984
4,4,0.9999741
0,0,0.9998038
4,4,0.9999996
0,0,0.9999979
1,1,0.99959594
7,7,0.99997777
9,9,0.99840194
5,5,0.99996763
1,1,0.9999476
4,4,0.99999994
2,2,0.9623095
8,8,0.9890873
9,9,0.9944035
4,4,0.99999994
3,3,0.99993426
7,7,0.9970137
8,8,0.999553
2,2,0.9998095
4,4,0.9999967
4,4,0.9998276
3,3,0.9999996
3,3,0.9999984
6,6,0.99999994
9,9,0.99429077
9,9,0.9945254
5,5,0.99997777
8,8,0.99999255
6,6,0.99999934
7,7,0.9999725
0,0,0.99999815
6,6,0.9999998
8,8,0.99999887
2,2,0.9993673
6,6,0.99999994
3,3,0.9999997
9,9,0.9970296
3,3,0.99999994
2,2,0.99997634
8,8,0.9490022
6,6,0.99999934
1,1,0.99991065
7,7,0.99998194
4,4,0.9999998
8,8,0.99980855
8,8,0.99999195
9,9,0.9972932
0,0,0.99999875
3,3,0.999999
3,3,0.99999994
9,9,0.99856114
0,0,0.99999195
5,5,0.99999803
2,2,0.99830556
9,9,0.9979368
4,4,0.9999942
1,1,0.9997436
0,0,0.9999979
3,3,0.9999929
7,7,0.999937
5,5,0.9999996
8,8,0.9999462
7,7,0.9999859
7,7,0.9999314
8,8,0.9999972
2,2,0.99999887
9,9,0.99588346
7,7,0.9999239
1,1,0.99993044
2,2,0.99998266
6,6,0.99999994
4,4,0.9999663
2,2,0.99513066
5,5,0.999999
2,2,0.9999414
3,3,0.9999997
6,6,0.9999979
6,6,0.9999997
5,5,0.9999805
0,0,0.9999878
0,0,0.9999499
2,2,0.9999024
8,8,0.9999971
1,1,0.99995595
6,6,0.99999934
1,1,0.9999154
0,0,0.9999804
4,4,0.9999916
3,3,0.999994
1,1,0.9999495
6,6,0.9999998
1,1,0.99993414
9,9,0.99766845
0,0,0.9999996
1,1,0.99991983
4,4,0.99990875
5,5,0.9999518
6,6,0.999264
7,7,0.9999971
8,8,0.99986553
9,9,0.9997704
1,1,0.9996055
2,2,0.9999965
3,3,0.9999998
4,4,0.99997693
5,5,0.9999557
6,6,0.9999979
7,7,0.99996084
0,0,0.99999565
1,1,0.99950725
2,2,0.9999971
3,3,0.999999
4,4,0.9999997
5,5,0.9987625
6,6,0.99934393
7,7,0.99990875
8,8,0.9994103
9,9,0.99993056
8,8,0.99942195
4,4,0.99999887
0,0,0.99999315
0,0,0.9999996
7,7,0.99976707
2,2,0.9999897
4,4,0.9999992
3,3,0.9999996
8,8,0.9907709
6,6,0.9981269
6,6,0.99282086
3,3,0.9998522
2,2,0.9967166
6,6,0.9999147
3,3,0.9999998
3,3,0.99999374
0,0,0.8635413
1,1,0.99888694
4,4,0.9999848
7,7,0.9999749
8,8,0.99938864
0,0,0.99999756
3,3,0.99999994
1,1,0.99953765
9,9,0.9989755
0,0,0.9999129
1,1,0.998934
9,9,0.9997401
1,1,0.99979496
2,2,0.99994534
7,7,0.99997073
0,0,0.9999965
1,1,0.9994897
3,3,0.9496656
8,8,0.99999017
2,2,0.99887455
9,9,0.9998019
2,2,0.9999531
7,7,0.99967873
6,6,0.99994856
5,5,0.9868395
5,5,0.9990098
9,9,0.9996376
9,9,0.9984962
8,8,0.9999992
2,2,0.99991137
9,9,0.99908257
1,1,0.9996947
3,3,0.97534525
2,2,0.96026945
3,3,0.9999959
4,4,0.9999998
3,3,0.9999936
1,1,0.999779
9,9,0.99998194
0,0,0.9999917
9,9,0.999934
3,3,0.9999979
6,6,0.9995399
8,8,0.9992938
7,7,0.9999787
0,0,0.9999923
1,1,0.99966156
0,0,0.999991
5,5,0.99998885
8,8,0.98921263
2,2,0.9999992
7,7,0.99969316
7,7,0.9968997
0,0,0.999994
1,1,0.99992484
2,2,0.9999873
3,3,0.9998691
4,4,0.99999875
5,5,0.9999986
6,6,0.99999803
7,7,0.999784
8,8,0.9999129
9,9,0.99856484
0,0,0.99999887
1,1,0.99981475
2,2,0.9999996
3,3,0.99970305
4,4,0.99997765
5,5,0.9999799
6,6,0.99999875
7,7,0.9999898
8,8,0.9995553
9,9,0.9994716
0,0,0.99999815
1,1,0.9999303
2,2,0.9999561
3,3,0.9999923
4,4,0.999981
5,5,0.99997395
6,6,0.99999994
7,7,0.99997395
8,8,0.9999544
9,9,0.9997057
1,1,0.9999127
7,7,0.999983
4,4,0.999996
8,8,0.9999946
1,1,0.99994963
5,5,0.99997085
6,6,0.99999994
5,5,0.99999887
7,7,0.99942076
2,2,0.99999744
8,8,0.999548
6,6,0.9999978
3,3,0.9999781
3,3,0.9999991
8,8,0.9999996
6,6,0.9999998
5,5,0.99988085
4,4,0.9999996
0,0,0.99989694
9,9,0.99998814
1,1,0.99972415
7,7,0.99996406
2,2,0.9999998
9,9,0.9999582
1,1,0.9999153
5,5,0.99997026
1,1,0.99974835
3,3,0.9999997
2,2,0.9999619
2,2,0.9999992
3,3,0.99998695
0,0,0.99999183
6,6,0.99999946
4,4,0.999911
3,3,0.9992511
7,7,0.9998417
6,6,0.99998385
9,9,0.9998412
0,0,0.99973893
4,4,0.99838096
8,8,0.9999766
1,1,0.99992687
4,4,0.9999853
0,0,0.9999977
6,6,0.9999992
1,1,0.9998226
2,2,0.9998986
6,6,0.99999994
9,9,0.99997085
2,2,0.99980354
2,2,0.999994
3,3,0.99994975
5,5,0.9999991
5,5,0.99996907
1,1,0.9999339
0,0,0.91992754
7,7,0.9999935
7,7,0.99979496
9,9,0.99977183
6,6,0.9999992
2,2,0.999947
9,9,0.99990433
4,4,0.9999823
7,7,0.9999668
0,0,0.999876
2,2,0.99989206
3,3,0.99999684
4,4,0.9999996
0,0,0.9999873
0,0,0.9999903
8,8,0.9999985
8,8,0.9993363
8,8,0.9999978
5,5,0.999965
1,1,0.99937445
3,3,0.9999965
7,7,0.99972904
4,4,0.99999446
9,9,0.99959
8,8,0.99999017
8,8,0.9999086
9,9,0.99836814
0,0,0.99998313
9,9,0.9997425
8,8,0.9999996
9,9,0.9964967
0,0,0.9999966
2,2,0.99859285
6,6,0.99999684
5,5,0.99997276
6,6,0.99999744
7,7,0.9997723
4,4,0.9999804
7,7,0.9992504
5,5,0.99999815
4,4,0.99679434
1,1,0.9998806
3,3,0.99999243
5,5,0.9999979
3,3,0.9999779
1,1,0.99989253
2,2,0.9999873
3,3,0.9997287
4,4,0.999523
5,5,0.9998312
6,6,0.99937886
1,1,0.99923253
2,2,0.99995416
3,3,0.9999903
4,4,0.9997269
6,6,0.99999994
0,0,0.99997467
1,1,0.99992543
2,2,0.9999985
4,4,0.98511004
5,5,0.9999955
6,6,0.9999973
7,7,0.99988824
8,8,0.9999513
1,1,0.999917
7,7,0.9988242
2,2,0.997654
4,4,0.99999076
1,1,0.99980927
4,4,0.99489963
1,1,0.999957
4,4,0.9999394
9,9,0.9948493
6,6,0.99936706
8,8,0.9999947
4,4,0.99999803
5,5,0.99850786
3,3,0.99998635
7,7,0.97070867
8,8,0.9998214
4,4,0.5948692
3,3,0.99999994
3,3,0.99999493
5,5,0.99889076
6,6,0.9999766
7,7,0.9997113
0,0,0.9999934
6,6,0.99749017
1,1,0.9999352
6,6,0.99998826
8,8,0.99988633
7,7,0.9988434
0,0,0.9998112
1,1,0.99271643
5,5,0.99987435
0,0,0.99998313
8,8,0.9999384
5,5,0.9908798
0,0,0.9999768
1,1,0.9999024
5,5,0.99992734
8,8,0.99978137
4,4,0.99996036
2,2,0.99786556
3,3,0.999999
9,9,0.9881639
7,7,0.99993604
6,6,0.99983644
9,9,0.9996198
1,1,0.9996896
9,9,0.9997637
0,0,0.9995323
6,6,0.9998474
7,7,0.9999992
1,1,0.99990684
2,2,0.99992794
3,3,0.9999997
9,9,0.9991618
2,2,0.9931909
4,4,0.96689236
5,5,0.99991447
5,5,0.999999
3,3,0.99990016
7,7,0.9997039
5,5,0.99995786
3,3,0.9999508
1,1,0.9999631
8,8,0.9989829
2,2,0.99907243
2,2,0.99825186
3,3,0.9999967
0,0,0.9999929
2,2,0.9995894
9,9,0.999712
4,4,0.9999456
9,9,0.9997077
7,7,0.99942076
0,0,0.9989972
2,2,0.94105595
7,7,0.9997871
4,4,0.9999742
9,9,0.9982632
9,9,0.9993998
2,2,0.9999812
5,5,0.99850595
9,9,0.9998045
8,8,0.9999073
3,3,0.9999998
8,8,0.99998957
6,6,0.99998385
7,7,0.99984145
0,0,0.99913967
0,0,0.9999966
1,1,0.99966455
2,2,0.99998814
3,3,0.99998695
4,4,0.99996704
5,5,0.9965127
6,6,0.99999076
7,7,0.9999967
8,8,0.98876417
9,9,0.99955624
0,0,0.9999977
1,1,0.9996192
2,2,0.9992564
3,3,0.9998804
4,4,0.9998829
5,5,0.99997574
6,6,0.9999241
7,7,0.9998905
8,8,0.9995032
9,9,0.99921733
0,0,0.9999979
1,1,0.99967456
2,2,0.99931735
3,3,0.9999024
4,4,0.99830055
5,5,0.9995341
6,6,0.99998146
7,7,0.99907124
8,8,0.99977064
9,9,0.9992442
0,0,0.9999978
0,0,0.99999815
7,7,0.9832676
2,2,0.99800754
6,6,0.99999946
5,5,0.9998867
5,5,0.9999692
3,3,0.9999977
7,7,0.9998064
8,8,0.9966555
6,6,0.99999636
6,6,0.9999967
6,6,0.9999991
6,6,0.9999842
4,4,0.9998386
3,3,0.9999834
8,8,0.94788164
8,8,0.9978663
3,3,0.9999965
0,0,0.9999897
1,1,0.99831027
9,9,0.99978185
0,0,0.9997928
5,5,0.99997705
4,4,0.9985381
1,1,0.99981785
9,9,0.999462
1,1,0.99996823
2,2,0.9999196
7,7,0.99980664
0,0,0.99999684
1,1,0.99971485
3,3,0.99996334
8,8,0.9986627
2,2,0.99998003
9,9,0.9997262
2,2,0.9997456
7,7,0.98322153
4,4,0.9637331
2,2,0.99996
6,6,0.99999875
5,5,0.99987054
5,5,0.9999669
9,9,0.997915
9,9,0.9899655
1,1,0.9999568
1,1,0.99968827
5,5,0.99998015
7,7,0.99908876
6,6,0.9999991
8,8,0.999373
2,2,0.99908185
9,9,0.9986589
4,4,0.9999973
3,3,0.9999998
1,1,0.9999375
9,9,0.9980098
0,0,0.99998564
9,9,0.99918264
3,3,0.999577
6,6,0.9999998
8,8,0.99947196
7,7,0.9999921
0,0,0.9999909
1,1,0.9999377
0,0,0.99999934
5,5,0.99999315
8,8,0.9921243
2,2,0.99922293
7,7,0.999147
7,7,0.9786327
0,0,0.9999997
1,1,0.99991685
2,2,0.99999994
3,3,0.9999818
4,4,0.99999875
5,5,0.999999
6,6,0.9999991
7,7,0.9999997
8,8,0.99999994
9,9,0.9995257
0,0,0.9999997
1,1,0.9999438
2,2,0.9962897
3,3,0.9999818
4,4,0.99999934
5,5,0.99999756
8,8,0.99999946
9,9,0.9999897
0,0,0.9999992
1,1,0.999888
2,2,0.9998922
3,3,0.999999
4,4,0.9999992
5,5,0.9999704
6,6,0.99999815
7,7,0.9999997
8,8,0.9999998
9,9,0.9945671
2,2,0.999994
1,1,0.99931544
2,2,0.9993555
1,1,0.9996573
3,3,0.9999761
9,9,0.99964833
9,9,0.997786
8,8,0.9999992
5,5,0.99999934
3,3,0.9999483
7,7,0.9999997
0,0,0.99999946
7,7,0.9999985
7,7,0.9999953
5,5,0.9999694
7,7,0.99999183
9,9,0.9835426
9,9,0.9994902
4,4,0.99999875
7,7,0.99999756
0,0,0.9999997
3,3,0.9998112
4,4,0.99997884
1,1,0.9997871
5,5,0.999996
8,8,0.9999998
1,1,0.9998164
4,4,0.9999986
8,8,0.9999997
4,4,0.9999986
1,1,0.9996666
8,8,0.99999994
6,6,0.99999994
6,6,0.9999985
4,4,0.99999887
6,6,0.999999
0,0,0.9988362
5,5,0.9975258
5,5,0.9996317
3,3,0.99999744
3,3,0.9999178
5,5,0.9998205
7,7,0.999996
2,2,0.999999
5,5,0.9998842
9,9,0.9980578
6,6,0.99999994
9,9,0.99929905
2,2,0.97795546
6,6,0.99999994
2,2,0.99999994
1,1,0.99995095
2,2,0.9999091
0,0,0.9999997
8,8,0.99946177
3,3,0.9999599
8,8,0.9999699
3,3,0.99896955
0,0,0.9999991
8,8,0.99995416
7,7,0.9999972
4,4,0.99999887
9,9,0.9948447
5,5,0.9999259
0,0,0.99999994
9,9,0.99974
7,7,0.99997777
0,0,0.999963
0,0,0.99999887
4,4,0.9999972
6,6,0.99999994
0,0,0.99999696
9,9,0.9991806
1,1,0.99963135
6,6,0.99999994
2,2,0.99999756
7,7,0.999991
6,6,0.9999998
8,8,0.99993664
3,3,0.99999577
5,5,0.99999505
2,2,0.99999994
1,1,0.99992293
8,8,0.99999195
3,3,0.9999986
8,8,0.9972364
6,6,0.99999994
1,1,0.99987006
0,0,0.9999997
2,2,0.99977183
1,1,0.999903
4,4,0.9999941
0,0,0.9999985
1,1,0.9916089
2,2,0.9992608
3,3,0.9999729
4,4,0.99996406
5,5,0.99867487
6,6,0.9999867
7,7,0.99937826
8,8,0.9989237
9,9,0.9773938
0,0,0.9999996
1,1,0.9986128
2,2,0.99999017
3,3,0.99999887
4,4,0.99999934
5,5,0.99999815
6,6,0.9999946
7,7,0.99993545
8,8,0.9999996
9,9,0.99403274
0,0,0.99999624
1,1,0.9994112
2,2,0.9996337
3,3,0.9999997
4,4,0.99999017
5,5,0.9999997
6,6,0.99999994
7,7,0.99971426
8,8,0.9999824
9,9,0.9965108
7,7,0.9998071
6,6,0.9999998
4,4,0.9999991
7,7,0.9998837
6,6,0.99999994
2,2,0.9999884
3,3,0.99998456
4,4,0.99995893
8,8,0.99999684
7,7,0.99999386
8,8,0.9999997
6,6,0.99999696
9,9,0.9989855
8,8,0.9999953
3,3,0.99999696
2,2,0.9994019
2,2,0.99989885
8,8,0.9999967
4,4,0.99994415
8,8,0.99999946
5,5,0.9998961
6,6,0.9999997
5,5,0.9996126
0,0,0.9999992
2,2,0.99982905
0,0,0.9999972
1,1,0.99016494
1,1,0.99924064
2,2,0.99999875
9,9,0.99974024
6,6,0.9999998
8,8,0.9999749
2,2,0.999999
1,1,0.99466026
0,0,0.999994
6,6,0.99999994
5,5,0.9999867
2,2,0.99998885
9,9,0.9993587
7,7,0.99937457
5,5,0.9999706
3,3,0.999989
9,9,0.9980283
3,3,0.9976701
7,7,0.9998596
1,1,0.99812084
8,8,0.99988383
3,3,0.99996203
8,8,0.99999815
1,1,0.99865574
9,9,0.9991025
5,5,0.9999985
5,5,0.99999505
0,0,0.99998814
1,1,0.9980567
1,1,0.9742628
9,9,0.97520363
8,8,0.9999996
2,2,0.9999663
6,6,0.9999997
0,0,0.99999624
4,4,0.99999183
5,5,0.9999959
0,0,0.9999854
3,3,0.9986079
1,1,0.99366
8,8,0.99989206
6,6,0.9999985
7,7,0.9999723
5,5,0.9999626
9,9,0.99998504
9,9,0.99953395
3,3,0.99998194
0,0,0.9999946
3,3,0.99999005
1,1,0.99991924
4,4,0.9999997
4,4,0.99997836
0,0,0.9999996
4,4,0.9999997
9,9,0.982383
0,0,0.99988264
1,1,0.955164
2,2,0.9998691
3,3,0.9944379
5,5,0.98524547
6,6,0.99999875
7,7,0.99948007
8,8,0.9168844
0,0,0.99998647
1,1,0.9513517
2,2,0.99998873
3,3,0.9763047
5,5,0.9996853
6,6,0.99991864
7,7,0.999725
8,8,0.991089
9,9,0.9990259
0,0,0.99997276
1,1,0.8429388
2,2,0.9996736
3,3,0.99846965
5,5,0.99993116
6,6,0.9997926
7,7,0.99991065
8,8,0.9987194
9,9,0.99540406
9,9,0.99994665
7,7,0.99952453
0,0,0.9999866
9,9,0.9994465
0,0,0.9996706
1,1,0.9980967
5,5,0.9997623
8,8,0.999942
8,8,0.99985075
0,0,0.99998575
9,9,0.99675655
3,3,0.99921054
2,2,0.999768
7,7,0.9997568
8,8,0.9999953
4,4,0.99998933
6,6,0.9999904
1,1,0.9999613
0,0,0.999996
4,4,0.99999195
9,9,0.99942124
4,4,0.99999243
2,2,0.99984074
0,0,0.99984837
5,5,0.99970293
0,0,0.99999243
1,1,0.99982166
6,6,0.9999754
9,9,0.99902195
3,3,0.99952656
2,2,0.9992179
9,9,0.9996983
1,1,0.99801016
6,6,0.99997646
0,0,0.9994179
1,1,0.86414087
1,1,0.98632956
8,8,0.999924
7,7,0.9872523
7,7,0.99892145
6,6,0.9999861
3,3,0.99735916
6,6,0.9999916
0,0,0.99978805
7,7,0.9992671
2,2,0.99992234
4,4,0.9998741
1,1,0.99861723
7,7,0.997559
0,0,0.99985814
6,6,0.9999264
7,7,0.9204382
1,1,0.9786094
2,2,0.9999849
5,5,0.9991583
8,8,0.9998698
1,1,0.99004596
8,8,0.9907983
2,2,0.9999936
8,8,0.9998598
7,7,0.99920386
6,6,0.999773
8,8,0.99994165
7,7,0.9741837
1,1,0.858781
6,6,0.9999946
2,2,0.99999803
9,9,0.9999495
3,3,0.9999899
0,0,0.9999965
1,1,0.9981715
2,2,0.99999446
3,3,0.9999967
4,4,0.999991
5,5,0.9999965
6,6,0.999999
7,7,0.99998456
8,8,0.9999731
9,9,0.9995486
0,0,0.9999855
1,1,0.99990374
2,2,0.99567497
3,3,0.99988025
4,4,0.99994403
5,5,0.9999967
6,6,0.99999887
7,7,0.99998015
8,8,0.9998388
9,9,0.99937624
0,0,0.9999997
1,1,0.9995552
2,2,0.9999972
3,3,0.99999994
4,4,0.9999754
5,5,0.9999984
6,6,0.99999994
7,7,0.9999847
8,8,0.99999243
9,9,0.99978614
8,8,0.99999505
9,9,0.96855456
5,5,0.99999994
7,7,0.99997574
0,0,0.9999996
3,3,0.9999998
1,1,0.9998505
6,6,0.99999946
8,8,0.9747029
4,4,0.9999946
1,1,0.9998922
5,5,0.9999983
6,6,0.9999992
4,4,0.99998754
2,2,0.9999984
7,7,0.99998206
8,8,0.9999953
1,1,0.9996499
3,3,0.9999997
4,4,0.9970913
3,3,0.99995536
4,4,0.99998635
7,7,0.99963915
2,2,0.999945
0,0,0.99998456
5,5,0.9999978
0,0,0.99999267
1,1,0.9773695
9,9,0.94703007
2,2,0.9999992
3,3,0.99999934
2,2,0.9999961
3,3,0.99999994
5,5,0.9999239
5,5,0.99997896
7,7,0.9999986
8,8,0.99491465
4,4,0.99633706
9,9,0.9999848
9,9,0.9998615
7,7,0.999261
1,1,0.9990741
1,1,0.99992746
9,9,0.9998972
0,0,0.99991757
7,7,0.9999154
8,8,0.9999992
3,3,0.99998504
4,4,0.9993723
8,8,0.99985266
6,6,0.99999994
3,3,0.9999998
8,8,0.9999772
0,0,0.99986815
9,9,0.9999153
6,6,0.99999994
2,2,0.99988383
1,1,0.9973651
0,0,0.9999971
1,1,0.99566644
0,0,0.9998943
6,6,0.99999994
2,2,0.99999994
3,3,0.99999994
8,8,0.99999946
9,9,0.99813926
0,0,0.99993986
7,7,0.99990386
2,2,0.999955
3,3,0.9999986
4,4,0.99997944
5,5,0.9999836
5,5,0.99996513
2,2,0.99999934
8,8,0.9999811
5,5,0.99999374
4,4,0.99999374
6,6,0.9999998
6,6,0.99999946
6,6,0.9999998
7,7,0.99946797
9,9,0.9993109
1,1,0.99977183
8,8,0.99996215
2,2,0.99697554
1,1,0.99981
5,5,0.9999997
3,3,0.99999875
4,4,0.9998255
7,7,0.99996585
9,9,0.9997003
4,4,0.9999992
0,0,0.99990374
0,0,0.9999972
0,0,0.9999978
1,1,0.9986758
2,2,0.6839141
3,3,0.99987054
4,4,0.9106142
5,5,0.9968569
6,6,0.9995354
7,7,0.9989329
8,8,0.94499767
9,9,0.99864393
0,0,0.9999983
1,1,0.9975835
2,2,0.9955386
3,3,0.9999997
4,4,0.9887514
5,5,0.99999315
6,6,0.9999867
7,7,0.99900013
8,8,0.99196917
9,9,0.998083
0,0,0.99999624
1,1,0.998246
2,2,0.9930897
3,3,0.99999934
4,4,0.86055434
5,5,0.9999911
6,6,0.9999992
9,9,0.99812394
0,0,0.999999
1,1,0.99958545
3,3,0.99999624
1,1,0.99694455
5,5,0.9999997
1,1,0.9988855
2,2,0.9707008
4,4,0.97681594
9,9,0.98064786
2,8,0.72281694
4,4,0.91678536
6,6,0.999983
8,8,0.99932903
0,0,0.9999755
1,1,0.999712
1,1,0.9995938
9,9,0.9963982
2,2,0.7848517
6,6,0.99994737
6,6,0.9994752
8,8,0.9938466
7,7,0.9942132
4,4,0.9779585
2,2,0.9999475
9,9,0.99222815
7,7,0.9959606
0,0,0.9999922
2,2,0.9917864
1,1,0.99965835
0,0,0.9999929
3,3,0.9804704
6,6,0.9999992
0,0,0.9999973
1,1,0.999971
2,2,0.9997221
3,3,0.9999998
4,4,0.99999875
5,5,0.9999972
6,6,0.9999959
7,7,0.9999396
8,8,0.9999998
9,9,0.99980974
0,0,0.9999996
1,1,0.9863065
2,2,0.9999983
3,3,0.99999636
4,4,0.9999983
5,5,0.9999829
6,6,0.9999986
7,7,0.99999577
8,8,0.99999946
9,9,0.9991546
0,0,0.9999996
1,1,0.9990752
2,2,0.99987847
3,3,0.9999998
4,4,0.9999985
5,5,0.9998603
6,6,0.9998931
7,7,0.9997735
8,8,0.9999991
9,9,0.99891204
8,8,0.9999811
6,6,0.99999946
5,5,0.99992806
9,9,0.99970603
7,7,0.99910057
0,0,0.99999946
2,2,0.9990754
3,3,0.9999952
4,4,0.9999998
3,3,0.999809
8,8,0.99999803
5,5,0.9999793
1,1,0.9996394
5,5,0.9635182
2,2,0.9999998
3,3,0.99999994
0,0,0.9999891
1,1,0.9991071
2,2,0.9956819
1,1,0.9997709
3,3,0.99999994
2,2,0.999841
6,6,0.9999998
5,5,0.9999792
3,3,0.99984956
0,0,0.9999811
7,7,0.9999948
2,2,0.9980271
7,7,0.9998936
4,4,0.9999966
6,6,0.99999994
4,4,0.99999946
0,0,0.99999064
5,5,0.9998002
9,9,0.97741914
9,9,0.98323
8,8,0.9981537
9,9,0.9943465
5,5,0.9997711
3,3,0.99999994
1,1,0.9997709
7,7,0.9999469
4,4,0.9999997
7,7,0.9999787
6,6,0.9999992
5,5,0.99999326
4,4,0.9999861
0,0,0.9999108
0,0,0.9999972
6,6,0.9998462
6,6,0.999968
2,2,0.99260414
0,0,0.9999766
6,6,0.9999967
3,3,0.9999965
7,7,0.9998386
7,7,0.99906826
4,4,0.99999934
4,4,0.99999815
3,3,0.99999994
9,9,0.9995429
2,2,0.99998564
8,8,0.9999936
9,9,0.99994093
6,6,0.99999994
0,0,0.9999992
9,9,0.9998288
5,5,0.9999985
3,3,0.99999946
8,8,0.99999064
8,8,0.9997314
7,7,0.9994427
1,1,0.9999518
4,4,0.99999386
0,0,0.9999983
4,4,0.99999994
8,8,0.9999998
5,5,0.9999996
2,2,0.9996297
3,3,0.99999934
9,9,0.9978743
0,0,0.9998462
1,1,0.99981475
9,9,0.9952466
1,1,0.9998912
5,5,0.9998696
1,1,0.9997914
7,7,0.99962217
4,4,0.99999803
8,8,0.9998555
6,6,0.9999961
2,2,0.99999434
1,1,0.99961084
6,6,0.999981
8,8,0.9999921
8,8,0.9999427
0,0,0.99947137
1,1,0.99764633
2,2,0.99944484
3,3,0.9214473
4,4,0.99998134
7,7,0.9999841
8,8,0.9999872
9,9,0.99966395
0,0,0.99999136
1,1,0.9993536
2,2,0.9996371
3,3,0.9986603
4,4,0.99551666
6,6,0.99974275
7,7,0.9999562
8,8,0.99964523
9,9,0.8625403
0,0,0.9999972
1,1,0.99980855
2,2,0.9994279
3,3,0.9999965
4,4,0.9999849
7,7,0.9999133
8,8,0.9999998
9,9,0.98558235
1,1,0.99960154
4,4,0.9999804
5,5,0.9999123
3,3,0.999981
3,3,0.99992865
0,0,0.99756795
9,9,0.9988188
5,5,0.98925084
4,4,0.9999922
3,3,0.991723
0,0,0.99670947
8,8,0.9962495
4,4,0.9999592
6,6,0.9998923
7,7,0.99978876
0,0,0.99986744
7,7,0.9999797
7,7,0.99991554
1,1,0.9983622
6,6,0.99947673
9,9,0.9992995
1,1,0.99966836
3,3,0.999471
6,6,0.99999875
2,2,0.9995821
3,3,0.99997586
8,8,0.9999986
2,2,0.9979816
3,3,0.9989224
8,8,0.999976
9,9,0.9976017
5,5,0.9940952
8,8,0.9999996
8,8,0.9999835
7,7,0.9999941
1,1,0.9997252
7,7,0.99995166
1,1,0.99934405
1,1,0.9998038
0,0,0.9999997
3,3,0.9989136
4,4,0.99999756
2,2,0.9999463
6,6,0.999571
4,4,0.9999811
7,7,0.9999222
4,4,0.99999756
2,2,0.993585
7,7,0.98244566
4,4,0.99991566
2,2,0.9965985
9,9,0.99965096
2,2,0.9872692
7,7,0.9998729
9,9,0.99601996
2,2,0.99934715
1,1,0.9996413
0,0,0.62040704
6,6,0.9846508
5,5,0.99829364
3,3,0.9999996
4,4,0.99993056
8,8,0.9999679
5,5,0.999976
9,9,0.95220834
6,6,0.9999984
9,9,0.99509424
0,0,0.99998444
6,6,0.99996585
3,3,0.99998814
0,0,0.99999934
8,8,0.9498952
1,1,0.9999437
6,6,0.9999997
0,0,0.9999899
0,0,0.9999866
1,1,0.99985886
2,2,0.99999934
3,3,0.99999636
4,4,0.99999005
5,5,0.99999994
6,6,0.99999744
7,7,0.99997
0,0,0.99994904
1,1,0.99803764
2,2,0.9999812
3,3,0.99973035
4,4,0.99999887
7,7,0.9999971
8,8,0.9999978
9,9,0.9950142
0,0,0.9999835
1,1,0.99959606
2,2,0.99996835
3,3,0.9999657
4,4,0.99999756
7,7,0.999978
2,2,0.9999998
5,5,0.99999744
1,1,0.99988157
6,6,0.99999934
4,4,0.99997574
3,3,0.99999934
9,9,0.9999073
9,9,0.9996383
0,0,0.99998754
9,9,0.9991162
7,7,0.9813912
1,1,0.904131
6,6,0.99998146
4,4,0.9998095
3,3,0.99987316
6,6,0.9999998
2,2,0.9998348
0,0,0.9891466
9,9,0.99896693
8,8,0.99999803
6,6,0.9999997
5,5,0.999994
7,7,0.9999514
0,0,0.9999742
0,0,0.99969375
1,1,0.9995524
7,7,0.99998146
4,4,0.99999696
3,3,0.99999446
2,2,0.9999996
4,4,0.9999991
1,1,0.99963486
3,3,0.9987466
7,7,0.99995357
6,6,0.99999946
4,4,0.9999997
7,7,0.9999977
7,7,0.9999986
7,7,0.99999493
9,9,0.9998691
8,8,0.999841
4,4,0.99812895
3,3,0.99999946
8,5,0.47325373
2,2,0.999994
8,8,0.9967216
3,3,0.99999875
5,5,0.99972796
8,8,0.9999258
0,0,0.99990195
5,5,0.99998325
4,4,0.99977875
7,7,0.99999994
1,1,0.99980474
3,3,0.99998146
1,1,0.9999333
7,7,0.9999979
9,9,0.99861103
6,6,0.99999803
2,2,0.99999994
0,0,0.99994797
9,9,0.9989543
1,1,0.99988633
7,7,0.9999991
3,3,0.99997705
3,3,0.9999928
9,9,0.9790929
1,1,0.9999648
6,6,0.9999997
4,4,0.99999994
3,3,0.99958485
9,9,0.9999822
8,8,0.9999996
2,2,0.99999994
1,1,0.9998119
8,8,0.99999934
6,6,0.9999983
4,4,0.9999897
1,1,0.99991673
5,5,0.99997777
5,5,0.9999973
6,6,0.9999998
5,5,0.9999984
0,0,0.99999887
1,1,0.9998543
2,2,0.99999994
3,3,0.99999946
4,4,0.9999873
5,5,0.99965596
6,6,0.99999994
7,7,0.9999998
8,8,0.9999873
9,9,0.9999891
0,0,0.9999997
1,1,0.9983051
2,2,0.99999994
3,3,0.9999965
4,4,0.9999694
5,5,0.9999421
6,6,0.9999996
7,7,0.9999818
8,8,0.9999998
9,9,0.99999696
0,0,0.99999934
1,1,0.99668145
2,2,0.9999997
3,3,0.99999946
4,4,0.99998754
5,5,0.9999725
6,6,0.99999994
7,7,0.99996716
8,8,0.9999656
9,9,0.99996203
6,6,0.99999887
9,9,0.9999146
7,7,0.9999996
0,0,0.99999684
2,2,0.99999994
3,3,0.9999971
4,4,0.99999934
3,3,0.9999667
8,8,0.9997345
5,5,0.9999978
1,1,0.99898076
3,3,0.9999886
0,0,0.9999978
1,1,0.98158145
2,2,0.99987507
1,1,0.9957005
3,3,0.99994427
2,2,0.9999209
0,0,0.9999955
7,7,0.9991009
2,2,0.9997902
6,6,0.99999994
4,4,0.9999998
0,0,0.9999743
5,5,0.9992367
9,9,0.99852985
9,9,0.96645474
8,8,0.99997836
9,9,0.99941075
5,5,0.9999785
3,3,0.9996568
1,1,0.9836519
7,7,0.9997333
4,4,0.99996346
7,7,0.9999699
0,0,0.9999781
0,0,0.9999859
6,6,0.9999909
6,6,0.9999997
6,6,0.9999996
3,3,0.99999994
7,7,0.99713707
4,4,0.84356076
2,2,0.9999319
8,8,0.9995101
9,9,0.99239427
8,8,0.99994034
7,7,0.9997637
1,1,0.9989927
4,4,0.7471859
0,0,0.9999997
4,4,0.99996704
8,8,0.9999792
5,5,0.9999611
2,2,0.99999815
3,3,0.99998695
9,9,0.9998753
0,0,0.9999997
1,1,0.9999046
9,9,0.9999321
1,1,0.99972093
5,5,0.99963677
1,1,0.99989444
7,7,0.99986124
6,6,0.9998818
1,1,0.99991006
2,2,0.99999434
1,1,0.99976254
6,6,0.9999903
8,8,0.9999947
0,0,0.9999996
1,1,0.9998436
2,2,0.9999985
3,3,0.9999998
4,4,0.9999998
5,5,0.99358916
6,6,0.9999998
7,7,0.9999998
8,8,0.99999946
9,9,0.999986
0,0,0.99995774
1,1,0.99981093
2,2,0.99999994
3,3,0.9999997
4,4,0.9999996
5,5,0.99999946
6,6,0.99999577
7,7,0.9998961
8,8,0.9999998
0,0,0.99999946
1,1,0.99998134
2,2,0.99999994
3,3,0.99999994
5,5,0.99999887
6,6,0.99999994
7,7,0.9999992
8,8,0.9999996
1,1,0.99981093
0,0,0.99999934
4,4,0.99999815
5,5,0.99997896
6,6,0.9999996
6,6,0.9999978
3,3,0.99998504
4,4,0.9999998
4,4,0.9999985
2,2,0.999861
8,8,0.9999998
1,1,0.9999642
0,0,0.9999992
6,6,0.9999971
4,4,0.99999994
9,9,0.99991757
7,7,0.9999245
2,2,0.99999994
9,9,0.9992265
2,2,0.99999756
0,0,0.9999998
9,9,0.99978113
3,3,0.9972211
3,3,0.99994963
9,9,0.99998146
1,1,0.99988467
5,5,0.99999636
2,2,0.9999961
3,3,0.9999891
1,1,0.99974537
6,6,0.9999996
7,7,0.99997467
3,3,0.9987819
7,7,0.9999772
8,8,0.9999922
4,4,0.99999624
0,0,0.9999984
2,2,0.99999994
4,4,0.9999986
0,0,0.9999997
2,2,0.9999406
4,4,0.9999934
7,7,0.99994224
8,8,0.999999
0,0,0.9999998
7,7,0.9999954
0,0,0.99999875
6,6,0.9999998
9,9,0.9993232
3,3,0.9999221
2,2,0.9999998
4,4,0.99999994
8,8,0.99999934
6,6,0.99998385
0,0,0.9999977
5,5,0.99999887
7,7,0.99994105
5,5,0.99995893
1,1,0.9996637
0,0,0.99999887
8,8,0.9999983
1,1,0.99993306
6,6,0.9999065
7,7,0.9999979
2,2,0.99999243
9,9,0.99842787
7,7,0.999994
9,9,0.9999903
5,5,0.9999997
6,6,0.99999946
5,5,0.9999799
2,2,0.99999994
6,6,0.99999636
2,2,0.9999998
8,8,0.99999994
1,1,0.9997313
7,7,0.99999744
5,5,0.99992174
5,5,0.98263013
7,7,0.99996024
3,3,0.9999991
5,5,0.9999432
0,0,0.9999998
1,1,0.99988717
1,1,0.9999644
3,3,0.99999994
8,8,0.99999624
4,4,0.99999994
9,9,0.9999781
4,4,0.9999965
5,5,0.9998629
1,1,0.9998324
8,8,0.9999966
6,6,0.99999994
8,8,0.99999946
9,9,0.999986
0,0,0.9999997
1,1,0.9999476
2,2,0.9999984
3,3,0.9999259
4,4,0.99999994
5,5,0.99999875
6,6,0.99999994
7,7,0.9998207
8,8,0.99990386
9,9,0.99996287
0,0,0.9999662
1,1,0.9998543
2,2,0.99999946
3,3,0.9999853
4,4,0.9999998
5,5,0.9999791
6,6,0.99999946
7,7,0.99998385
8,8,0.9999992
9,9,0.99988383
0,0,0.9999437
1,1,0.9999365
2,2,0.9999978
3,3,0.99999803
4,4,0.99999875
5,5,0.99999934
6,6,0.99999994
7,7,0.99998564
8,8,0.9999917
9,9,0.9990577
3,3,0.99999887
5,5,0.99999744
3,3,0.99999505
2,2,0.99999946
9,9,0.99967897
3,3,0.9999967
2,2,0.99999994
1,1,0.99996275
4,4,0.99999946
5,5,0.9999954
5,5,0.99999624
2,2,0.9999997
3,3,0.99999803
2,2,0.99999624
1,1,0.99954766
3,3,0.99999934
9,9,0.9998855
7,7,0.99996
2,2,0.99999887
1,1,0.9999768
2,2,0.99999744
8,8,0.99998575
9,9,0.9993138
1,1,0.999939
8,8,0.9999996
8,8,0.99999565
7,7,0.9999321
8,8,0.9999967
1,1,0.99982166
0,0,0.9999992
0,0,0.9999996
6,6,0.9999998
7,7,0.99999624
7,7,0.9999996
8,8,0.99977994
7,7,0.99182904
5,5,0.99999815
0,0,0.99992996
6,6,0.99999994
1,1,0.99992627
5,5,0.9999803
7,7,0.99946487
4,4,0.99999994
6,6,0.99998957
1,1,0.99992746
2,2,0.99999994
5,5,0.9999996
0,0,0.9999986
7,7,0.99995
9,9,0.99994415
9,9,0.9999915
0,0,0.9999872
3,3,0.9999971
4,4,0.99999994
4,4,0.9999997
8,8,0.9999544
4,4,0.9999992
1,1,0.9999333
8,8,0.99990386
6,6,0.99999994
5,5,0.9999991
9,9,0.99978924
0,0,0.9999966
0,0,0.9999973
0,0,0.9999911
3,3,0.99999946
7,7,0.9999481
1,1,0.9999679
6,6,0.99999887
4,4,0.9999996
6,6,0.99999946
0,0,0.99999875
4,4,0.99999887
5,5,0.9999998
4,4,0.9999898
1,1,0.9998646
3,3,0.9999998
8,8,0.99999756
6,6,0.99999994
3,3,0.99999994
9,9,0.99653447
9,9,0.99978757
5,5,0.9999997
9,9,0.9999767
3,3,0.9999848
7,7,0.99999875
8,8,0.99978876
5,5,0.9999344
6,6,0.99999994
4,4,0.9999996
7,7,0.9999755
6,6,0.99999946
2,2,0.9999998
2,2,0.9999998
0,0,0.9999921
9,9,0.99996215
4,4,0.9999996
0,0,0.999999
1,1,0.9998746
2,2,0.99999994
3,3,0.99999934
4,4,0.9999998
5,5,0.9999977
6,6,0.9999977
7,7,0.99990755
8,8,0.99996024
9,9,0.999564
0,0,0.99999946
1,1,0.99978423
2,2,0.99999756
3,3,0.999999
4,4,0.99999756
5,5,0.9999998
6,6,0.99999815
7,7,0.9999818
8,8,0.9998126
9,9,0.9997735
0,0,0.99999815
1,1,0.999264
2,2,0.99999565
3,3,0.9999952
4,4,0.99999934
5,5,0.9999935
6,6,0.99999934
7,7,0.9997282
8,8,0.99996895
9,9,0.99963254
6,6,0.9999998
4,4,0.99999875
2,2,0.99999803
6,6,0.9999998
4,4,0.9999998
7,7,0.9999953
5,5,0.99999326
5,5,0.9999998
4,4,0.9999977
7,7,0.9999637
2,2,0.99999994
9,9,0.9999252
3,3,0.99999994
9,9,0.9999756
3,3,0.99998313
8,8,0.99996775
2,2,0.9999996
0,0,0.9999996
9,9,0.9988219
5,5,0.9995437
6,6,0.9999996
0,0,0.999993
1,1,0.99994224
0,0,0.99999946
6,6,0.99999994
5,5,0.9998529
3,3,0.9999997
5,5,0.9999997
3,3,0.9999985
8,8,0.99999624
0,0,0.99999946
0,0,0.9999929
3,3,0.9999996
4,4,0.99999934
1,1,0.9999649
5,5,0.9999886
3,3,0.9999997
0,0,0.99999887
8,8,0.9999055
3,3,0.9999997
0,0,0.9999947
6,6,0.9999973
2,2,0.9999978
7,7,0.9999966
8,8,0.9999997
1,1,0.9998817
7,7,0.9999879
1,1,0.9999619
3,3,0.9999837
8,8,0.9999978
5,5,0.9999971
4,4,0.99999994
2,2,0.9999998
0,0,0.9999985
9,9,0.99260366
7,7,0.99999887
6,6,0.99999994
7,7,0.9999059
4,4,0.99999946
1,1,0.9986998
6,6,0.9999998
2,2,0.99880075
6,6,0.9999948
7,7,0.9999898
1,1,0.9997871
9,9,0.99998647
8,8,0.999996
0,0,0.9999997
6,6,0.99999684
9,9,0.99498546
4,4,0.9999991
9,9,0.9998792
9,9,0.9989681
6,6,0.99994475
2,2,0.9999998
3,3,0.99999934
7,7,0.99997824
1,1,0.9996393
9,9,0.9842498
2,2,0.99999994
2,2,0.99976444
5,5,0.99999946
3,3,0.9999983
7,7,0.999983
8,8,0.99979997
0,0,0.9996063
1,1,0.9999197
2,2,0.9999996
3,3,0.99999994
4,4,0.9999992
7,7,0.9998966
8,8,0.9999998
9,9,0.9999812
0,0,0.99999756
1,1,0.9999103
2,2,0.9999929
3,3,0.9999997
4,4,0.99999994
7,7,0.9999798
8,8,0.99999887
9,9,0.99998313
0,0,0.99999624
1,1,0.99986863
7,7,0.9997752
8,8,0.9999966
9,9,0.9999828
8,8,0.9999911
9,9,0.99999624
2,2,0.9999998
6,6,0.9999998
1,1,0.99975896
3,3,0.99999946
5,5,0.9999916
4,4,0.9999998
8,8,0.9950457
2,2,0.9999961
6,6,0.99994045
4,4,0.9999996
3,3,0.9999991
4,4,0.9999977
5,5,0.9999414
9,9,0.99990314
2,2,0.9999996
0,0,0.999988
3,3,0.99892575
9,9,0.9998481
4,4,0.9999948
9,9,0.99975574
7,7,0.99886644
3,3,0.9999967
8,8,0.99998444
7,7,0.9998467
4,4,0.99999994
4,4,0.99999374
9,9,0.99926925
8,8,0.99800694
5,5,0.99998766
8,8,0.99999946
2,2,0.9999997
6,6,0.9999855
6,6,0.9999998
2,2,0.99999994
3,3,0.99999994
1,1,0.9997921
3,3,0.99999994
2,2,0.9999997
7,7,0.99967825
3,3,0.99997383
1,1,0.9999061
9,9,0.99997085
0,0,0.9999977
1,1,0.9998836
1,1,0.99838513
3,3,0.99998754
5,5,0.99982405
0,0,0.99998826
7,7,0.9998338
8,8,0.9999992
1,1,0.99959844
5,5,0.99999756
1,1,0.99990803
4,4,0.9999998
6,6,0.9999997
0,0,0.9999992
0,0,0.99999934
4,4,0.99999815
9,9,0.9998572
1,1,0.99956936
6,6,0.9999998
6,6,0.9999985
9,9,0.9992221
0,0,0.999993
7,7,0.9996793
6,6,0.9999992
1,1,0.9998696
1,1,0.9998348
0,0,0.9999681
1,1,0.9995108
2,2,0.99967813
3,3,0.9999997
4,4,0.9998734
7,2,0.83383226
2,2,0.9600358
3,3,0.99999684
4,4,0.99824005
5,5,0.9998823
6,6,0.99962217
7,7,0.5097468
0,0,0.9961362
1,1,0.9986549
2,2,0.9998286
7,7,0.938842
8,8,0.9999326
6,6,0.9999992
3,3,0.9999681
9,9,0.99840444
7,7,0.95474803
1,1,0.99510765
9,9,0.99831635
3,3,0.99999136
9,9,0.9941982
6,6,0.99996895
1,1,0.99976873
7,7,0.99971914
2,2,0.99977374
4,4,0.99994963
4,4,0.99995834
5,5,0.99963415
7,7,0.7979488
0,0,0.9999847
0,0,0.99971616
1,1,0.99966335
6,6,0.99974215
6,6,0.9999587
8,8,0.999996
2,2,0.99883515
7,7,0.9966823
7,7,0.99778754
2,2,0.99721116
4,4,0.99995273
2,2,0.9999997
1,1,0.9996136
6,6,0.9999619
1,1,0.9801502
0,0,0.9999632
6,6,0.9999997
9,9,0.9976977
8,8,0.9999998
3,3,0.9999992
9,9,0.9989049
6,6,0.9999983
3,3,0.9999899
0,0,0.99999934
1,1,0.9967268
2,2,0.99703103
3,3,0.9999903
4,4,0.9999996
5,5,0.99999994
6,6,0.9999998
7,7,0.9999998
8,8,0.99999326
9,9,0.9991968
0,0,0.99999577
1,1,0.88476986
2,2,0.999958
3,3,0.999991
4,4,0.99999934
5,5,0.99999994
6,6,0.9999991
7,7,0.99999994
8,8,0.99999946
9,9,0.99998003
0,0,0.99999887
1,1,0.9990367
2,2,0.99992186
3,3,0.99999994
4,4,0.9999816
5,5,0.99999696
6,6,0.9999998
7,7,0.99999994
8,8,0.999999
9,9,0.9999289
1,1,0.99985003
6,6,0.99999994
8,8,0.9999985
9,9,0.9992788
9,9,0.9997245
0,0,0.99999994
1,1,0.99953705
2,2,0.9999986
4,4,0.99998826
4,4,0.9999948
3,3,0.99999994
7,7,0.9999996
4,4,0.999994
4,4,0.96776634
4,4,0.9999706
0,0,0.9999941
3,3,0.99999994
8,8,0.99999994
7,7,0.99999994
5,5,0.99999994
8,8,0.99996895
2,2,0.9999916
1,1,0.99862987
7,7,0.999999
5,5,0.9999998
3,3,0.99999994
8,8,0.9999942
5,5,0.99987835
2,2,0.9999899
5,5,0.99999994
1,1,0.9996778
1,1,0.99975824
6,6,0.99999696
2,2,0.99999887
1,1,0.9999146
3,3,0.99999994
8,8,0.9999983
6,6,0.99997824
4,4,0.9887017
2,2,0.99998313
6,6,0.9999992
2,2,0.9999779
5,5,0.9999984
5,5,0.9999997
0,0,0.99999255
2,2,0.9999935
8,8,0.99999744
0,0,0.99999875
6,6,0.99999946
8,8,0.99995714
1,1,0.99993926
7,7,0.9999773
9,9,0.99961597
1,1,0.99981856
9,9,0.9998424
2,2,0.9999804
6,6,0.9999959
7,7,0.9999998
6,6,0.99998325
6,6,0.9999793
8,8,0.9998986
7,7,0.9999971
4,4,0.9999979
9,9,0.9978981
2,2,0.99999934
1,1,0.9994122
3,3,0.9999985
3,3,0.99999994
0,0,0.99955565
5,5,0.99999994
5,5,0.99999994
8,8,0.9999934
0,0,0.99994475
3,3,0.9948081
7,7,0.99999994
9,9,0.9995938
7,7,0.99999994
0,0,0.99999994
2,2,0.99992806
7,7,0.99995834
9,9,0.9965025
1,1,0.9998188
7,7,0.99999756
8,8,0.99999887
0,0,0.99999934
3,3,0.9999897
5,5,0.9999996
3,3,0.9999998
6,6,0.99999994
0,0,0.99999696
1,1,0.99991494
2,2,0.9999965
3,3,0.999996
4,4,0.99992734
5,5,0.9999996
6,6,0.9999911
7,7,0.99989146
8,8,0.99989897
9,9,0.9987608
0,0,0.9999965
1,1,0.9999264
2,2,0.99972427
3,3,0.99999315
4,4,0.9999947
5,5,0.9997878
6,6,0.99998575
7,7,0.99997383
8,8,0.99988204
9,9,0.9991687
0,0,0.999973
1,1,0.9999476
2,2,0.99997824
3,3,0.9987485
4,4,0.99999124
7,7,0.9995523
8,8,0.99830484
9,9,0.9997988
6,6,0.9999295
4,4,0.99898124
2,2,0.99998516
6,6,0.9995989
4,4,0.998635
7,7,0.9999226
8,8,0.9999978
9,9,0.99739
2,2,0.99998635
9,9,0.99851805
3,3,0.99998385
9,9,0.9989536
3,3,0.9999984
0,0,0.99999815
0,0,0.9999923
1,1,0.99919873
0,0,0.9999674
4,4,0.9999978
2,2,0.97748876
6,6,0.9999955
3,3,0.9998286
5,5,0.99999076
3,3,0.9999991
0,0,0.99999756
3,3,0.9999885
4,4,0.9999942
1,1,0.99980044
5,5,0.9999942
3,3,0.9999998
0,0,0.99997205
8,8,0.9999841
3,3,0.9999886
0,0,0.9999998
6,6,0.9999636
1,1,0.99986124
7,7,0.9999228
8,8,0.9970832
0,0,0.9999911
9,9,0.99891275
2,2,0.9999899
6,6,0.9999923
7,7,0.99951166
1,1,0.99988824
9,9,0.9998307
6,6,0.99999005
9,9,0.99187964
4,4,0.99850476
9,9,0.99945295
9,9,0.9986732
6,6,0.9999464
7,7,0.9978177
1,1,0.9997213
2,2,0.9992245
5,5,0.99998695
3,3,0.9999996
7,7,0.9998522
8,8,0.99999934
0,0,0.9999986
1,1,0.9992336
2,2,0.9999984
4,4,0.99999815
5,5,0.9999873
6,6,0.9999996
7,7,0.9999983
8,8,0.99999994
9,9,0.9999742
0,0,0.99999446
1,1,0.99984527
3,3,0.99996465
4,4,0.99999994
5,5,0.9999983
6,6,0.99999946
7,7,0.9999996
8,8,0.9933326
0,0,0.9998622
1,1,0.9996057
3,3,0.9999946
4,4,0.9999998
7,7,0.9999998
8,8,0.9999998
9,9,0.99981666
7,7,0.999999
5,5,0.9999855
5,5,0.99998885
1,1,0.99988955
9,9,0.9998948
9,9,0.9980461
7,7,0.9999984
1,1,0.99954945
0,0,0.99998873
0,0,0.99999243
5,5,0.9999998
9,9,0.9998794
7,7,0.99999994
1,1,0.9997587
7,7,0.9999997
2,2,0.9999749
2,2,0.99999934
3,3,0.99990207
6,6,0.99999994
8,8,0.99999946
3,3,0.9979688
2,2,0.99993366
0,0,0.99997824
0,0,0.9999071
6,6,0.99999994
1,1,0.9997432
7,7,0.99999887
5,5,0.9999718
8,8,0.99579
6,6,0.9999986
2,2,0.99995023
9,9,0.999815
4,4,0.999991
8,8,0.9999983
8,8,0.99999875
7,7,0.9999997
1,1,0.9998305
0,0,0.9999897
8,8,0.9999792
7,7,0.9999997
7,7,0.9999992
5,5,0.999999
8,8,0.99998313
5,5,0.999763
3,3,0.9997339
4,4,0.99999887
6,6,0.99999934
1,1,0.99975216
1,1,0.99989325
5,5,0.99998134
5,5,0.99998087
0,0,0.999981
7,7,0.99999756
2,2,0.9998968
3,3,0.99803704
6,6,0.9999992
4,4,0.9999954
1,1,0.99989086
2,2,0.99886763
4,4,0.99999243
1,1,0.9999469
5,5,0.9999935
4,4,0.99998945
2,2,0.9999946
0,0,0.9999996
4,4,0.99999696
8,8,0.99999696
6,6,0.9999986
1,1,0.99974227
9,9,0.9990385
0,0,0.99999434
2,2,0.999999
5,5,0.9999991
6,6,0.99999994
9,9,0.9994179
3,3,0.9999618
6,6,0.99999875
3,3,0.9999992
6,6,0.99999803
0,0,0.9999998
1,1,0.9998746
2,2,0.9999799
3,3,0.9999998
4,4,0.9999996
5,5,0.9999915
6,6,0.99999994
7,7,0.9999997
8,8,0.99537426
9,9,0.9999911
0,0,0.99999934
1,1,0.999845
2,2,0.9999947
3,3,0.99999803
4,4,0.9999973
5,5,0.99864024
6,6,0.99999994
7,7,0.9999984
8,8,0.9972591
9,9,0.9996935
0,0,0.99999315
1,1,0.99848974
2,2,0.99999994
3,3,0.9999965
5,5,0.9999892
6,6,0.99999064
7,7,0.9999998
8,8,0.999993
1,1,0.9995851
0,0,0.99999994
9,9,0.9999686
5,5,0.9999576
7,7,0.99999946
5,5,0.9999421
1,1,0.9998324
8,8,0.9999986
6,6,0.99999994
9,9,0.9999936
0,0,0.9999983
4,4,0.9999929
1,1,0.99904305
9,9,0.9999973
3,3,0.9999996
8,8,0.9996068
4,4,0.9999848
4,4,0.9999952
7,7,0.9997935
0,0,0.9999998
1,1,0.99990207
9,9,0.9998993
2,2,0.9999941
8,8,0.9999991
7,7,0.99999815
8,8,0.99999946
2,2,0.99589497
5,5,0.9992434
9,9,0.9951164
6,6,0.99999994
0,0,0.9999624
6,6,0.9999829
5,5,0.99994797
5,5,0.99999946
3,3,0.999999
3,3,0.999999
3,3,0.9999997
9,9,0.9999955
8,8,0.9999488
1,1,0.99982715
1,1,0.9996241
0,0,0.9999625
6,6,0.9999985
1,1,0.9999321
0,0,0.99999934
0,0,0.9999984
6,6,0.99999934
2,2,0.9999996
1,1,0.99986005
1,1,0.99939096
3,3,0.99999994
2,2,0.97054434
7,7,0.9997909
7,7,0.9999736
8,8,0.9999954
8,8,0.9987843
7,7,0.99999636
8,8,0.9999973
4,4,0.9999996
6,6,0.99999887
0,0,0.9999978
2,2,0.9912706
0,0,0.9999829
7,7,0.99999946
0,0,0.9999992
3,3,0.99999994
6,6,0.99999994
8,8,0.99999994
7,7,0.9997165
1,1,0.99972284
5,5,0.99999803
9,9,0.999196
9,9,0.99967885
3,3,0.99999875
7,7,0.9994081
2,2,0.9999917
4,4,0.99986005
9,9,0.99998015
4,4,0.9999971
3,3,0.9999153
6,6,0.99999994
2,2,0.9999997
2,2,0.99993044
5,5,0.9993979
3,3,0.9999916
2,2,0.99999946
5,5,0.9999804
5,5,0.9999917
9,9,0.99968565
4,4,0.99998456
1,1,0.99992603
7,7,0.9999922
2,2,0.9999743
0,0,0.9999986
1,1,0.99982953
2,2,0.9999141
3,3,0.99451065
4,4,0.9977706
5,5,0.99999005
6,6,0.99999803
7,7,0.99997264
8,8,0.9999992
9,9,0.9384576
0,0,0.9999998
1,1,0.99950427
2,2,0.9954866
3,3,0.99986434
4,4,0.99999887
5,5,0.9999985
6,6,0.99999994
7,7,0.99883765
8,8,0.9999966
9,9,0.99260426
0,0,0.9997995
1,1,0.99786294
2,2,0.99998885
3,3,0.9999868
4,4,0.9998312
5,5,0.9999421
6,6,0.9999998
7,7,0.9999952
8,8,0.9999998
9,9,0.87424403
1,1,0.9997897
0,0,0.9999997
1,1,0.99988395
2,2,0.9999741
7,7,0.9998653
5,5,0.99999887
3,3,0.99997157
4,4,0.99996406
4,4,0.999975
0,0,0.9993656
0,0,0.9999998
6,6,0.9999998
9,8,0.5954005
6,6,0.99999946
6,6,0.99999815
5,5,0.999971
7,7,0.9971775
2,2,0.9994465
3,3,0.9981174
4,4,0.9999892
4,4,0.9649213
9,9,0.9646107
1,1,0.9452253
4,4,0.99867904
0,0,0.9999687
7,7,0.9999978
9,9,0.996402
5,5,0.99999374
7,7,0.99994963
2,2,0.9999998
3,3,0.9999972
1,1,0.99855083
4,4,0.99993974
4,4,0.99997514
0,0,0.9999812
9,9,0.98998743
9,9,0.98787224
6,6,0.9999997
1,1,0.9972381
8,8,0.99999565
3,3,0.9999766
3,3,0.9999948
7,7,0.99857306
3,3,0.9999948
9,9,0.9889762
8,8,0.9999886
8,8,0.9999898
4,4,0.9999991
7,7,0.99997777
7,7,0.9999549
6,6,0.99999994
2,2,0.9999928
1,1,0.9998555
9,9,0.98959875
8,8,0.99999565
7,7,0.9999952
8,8,0.9999997
8,8,0.9999992
7,7,0.9988436
2,2,0.9999793
2,2,0.9999996
3,3,0.99997884
9,9,0.9979505
3,3,0.999999
3,3,0.9999942
5,5,0.999958
5,5,0.9999955
0,0,0.99998385
7,7,0.9999718
9,9,0.8696535
5,5,0.99998707
6,6,0.99999994
5,5,0.9999997
1,1,0.99773103
4,4,0.9999601
1,1,0.999898
1,1,0.98748016
2,2,0.99581707
8,8,0.9994701
2,2,0.9999997
6,6,0.99999994
1,1,0.99186957
5,5,0.9999923
0,0,0.9999965
1,1,0.9998219
2,2,0.99999267
3,3,0.99999946
4,4,0.99973476
5,5,0.99991125
6,6,0.9977097
7,7,0.9999662
8,8,0.99999946
9,9,0.99910367
0,0,0.99999875
1,1,0.975689
2,2,0.8688484
3,3,0.99949974
4,4,0.9145872
5,5,0.99999934
6,6,0.99958605
7,7,0.9998985
8,8,0.99998003
9,9,0.58857954
0,0,0.99996585
1,1,0.98898906
2,2,0.99999505
3,3,0.9999967
4,4,0.8526857
5,5,0.99991137
6,6,0.9906138
7,7,0.99987316
8,8,0.9995827
8,8,0.9999718
0,0,0.9999792
6,6,0.9993376
0,0,0.9999936
0,0,0.64121705
2,2,0.9999996
3,3,0.9830379
7,7,0.9994771
9,9,0.911313
4,4,0.9993108
7,7,0.99953145
1,1,0.9923816
9,7,0.82496494
1,1,0.9180534
7,7,0.99896073
1,1,0.99223655
4,4,0.99679834
0,0,0.9999985
0,0,0.99999815
1,1,0.9992509
7,7,0.9999135
5,5,0.9994772
7,7,0.97848874
1,1,0.98944104
3,3,0.9999977
3,3,0.94572985
3,3,0.99784625
1,1,0.9995708
6,6,0.9997885
9,9,0.9985614
7,7,0.99995846
1,1,0.99694383
3,3,0.9999828
0,0,0.999209
2,7,0.83636653
6,6,0.999878
0,0,0.99931043
8,8,0.99999875
9,9,0.99994916
4,4,0.70107293
3,3,0.9999984
5,5,0.9999954
4,4,0.9655531
8,8,0.99999255
1,1,0.9992259
5,5,0.999975
9,9,0.9983935
0,0,0.9907167
6,6,0.99950224
6,6,0.31812897
3,3,0.9999984
8,8,0.9999321
1,1,0.99956447
4,4,0.99854666
7,7,0.9999954
5,5,0.99999493
2,2,0.99917763
0,0,0.9995615
0,0,0.9999209
1,1,0.99963963
7,7,0.9998998
8,8,0.9991007
9,7,0.69672203
6,6,0.98736644
8,8,0.9992399
8,8,0.99960846
2,2,0.99331844
3,3,0.99998873
6,5,0.8328009
1,1,0.99140066
2,2,0.9661265
9,9,0.9981562
5,5,0.99999624
2,2,0.999579
0,0,0.9999954
1,1,0.9999476
2,2,0.9999574
3,3,0.99999994
4,4,0.99992985
5,5,0.9984084
6,6,0.9998286
7,7,0.999345
8,8,0.98958284
9,9,0.9948678
0,0,0.9974802
1,1,0.9998193
2,2,0.992728
3,3,0.9999972
4,4,0.9999996
5,5,0.9899166
6,6,0.9994946
7,7,0.99679434
8,8,0.99998134
9,9,0.9962315
0,0,0.9999737
1,1,0.9997488
2,2,0.9928126
3,3,0.99999684
4,4,0.9998164
5,6,0.9892535
6,6,0.9998992
7,7,0.99942386
8,8,0.9998734
9,9,0.94985735
7,7,0.99941194
4,4,0.9726414
6,6,0.99901646
1,1,0.9997716
4,4,0.9991545
0,0,0.9999282
9,9,0.99262035
9,9,0.9807042
3,3,0.9998338
7,7,0.9995249
8,8,0.99779236
4,4,0.99308896
7,7,0.99969876
5,5,0.99942935
8,8,0.9999718
5,5,0.98985183
3,3,0.9991374
2,2,0.99465954
2,2,0.9993979
0,0,0.9998603
5,5,0.9764828
8,8,0.9681664
6,6,0.99968576
0,0,0.9999948
3,3,0.9999812
8,8,0.9999648
1,1,0.9995957
0,0,0.9999613
3,3,0.99256116
0,0,0.99988264
4,4,0.9957988
7,7,0.9997828
4,4,0.99997205
9,9,0.9954749
2,2,0.3475622
9,9,0.99849164
5,0,0.91481775
7,7,0.99984694
1,1,0.9999445
7,7,0.9993685
1,1,0.9998181
6,6,0.9999804
6,6,0.9999563
5,5,0.98045415
6,6,0.9999866
2,2,0.91539866
8,8,0.9982904
7,7,0.9958095
6,6,0.9931491
4,4,0.9999369
9,9,0.9993126
9,9,0.99984646
5,5,0.99975157
3,3,0.9999915
7,7,0.9992191
4,4,0.99936014
3,3,0.9999623
0,0,0.99999326
4,4,0.64936036
6,6,0.9873176
6,6,0.9999731
1,1,0.9994229
1,1,0.99974644
3,3,0.9999828
2,2,0.9999564
1,1,0.99928355
0,0,0.9982883
0,0,0.999999
1,1,0.99987435
2,2,0.99964714
3,3,0.99988455
4,4,0.9999997
7,7,0.9999873
8,8,0.99999934
9,9,0.9943945
0,0,0.9999959
1,1,0.9996243
2,2,0.8313181
3,3,0.9999905
4,4,0.9999576
5,5,0.99993473
6,6,0.99991685
7,7,0.9994396
8,8,0.9993567
0,0,0.9999804
1,1,0.9997792
2,2,0.9995355
3,3,0.9999997
4,4,0.99999994
7,7,0.99999505
8,8,0.9999446
9,9,0.9997859
0,0,0.99976444
8,8,0.9999717
3,3,0.99405855
9,9,0.9984859
5,5,0.99999183
5,5,0.99848354
2,2,0.98892504
6,6,0.99949294
8,8,0.99812514
4,4,0.9999772
1,1,0.99978995
7,7,0.99989
1,1,0.9996371
2,7,0.7578482
3,3,0.996714
5,5,0.9999407
6,6,0.9995685
9,9,0.99551606
1,1,0.9998114
1,1,0.99978256
1,1,0.9995653
2,2,0.99764514
1,1,0.9999016
2,2,0.9995666
0,0,0.91178626
7,7,0.9999897
7,7,0.99983335
5,5,0.9998307
8,8,0.9993606
2,2,0.9969143
9,9,0.503049
8,8,0.9987056
6,6,0.99193203
7,7,0.9999775
3,3,0.99997765
4,4,0.9999985
6,6,0.9968548
8,8,0.9885657
7,7,0.9990421
0,0,0.99998707
4,4,0.99999934
2,2,0.99680287
7,7,0.9998324
7,7,0.9999983
5,5,0.99987173
4,4,0.99999946
3,3,0.9999973
4,4,0.9999842
2,2,0.99125016
8,8,0.99964964
1,1,0.99990207
5,5,0.99999875
1,1,0.99986315
0,0,0.8974302
2,2,0.9986677
3,3,0.9998379
3,3,0.9995064
5,5,0.96876127
7,7,0.99798995
0,0,0.9999915
6,6,0.99984694
8,8,0.99335915
6,6,0.83234435
3,3,0.99999946
9,9,0.98351
9,9,0.69374645
8,8,0.9713545
2,2,0.90389496
7,7,0.99835956
7,7,0.9999531
1,1,0.99981356
0,0,0.99999756
1,1,0.9999271
7,7,0.99994534
8,8,0.99998266
9,9,0.999919
0,0,0.9998586
1,1,0.99866354
2,8,0.946996
3,7,0.5913279
4,4,0.99570763
5,5,0.9998942
6,6,0.99999815
7,7,0.9999327
8,8,0.9998419
0,0,0.99997824
1,1,0.99987054
2,2,0.9965089
3,3,0.99981666
4,4,0.9999526
7,7,0.99973464
8,8,0.9999997
9,9,0.9997766
7,7,0.999846
8,8,0.99999946
6,6,0.99991053
4,4,0.90774643
1,1,0.99991447
9,9,0.99785984
3,3,0.9997964
8,8,0.999942
4,4,0.9999955
4,4,0.99999946
7,7,0.9999612
0,0,0.9999992
1,1,0.9996939
9,9,0.9998959
2,2,0.9999972
8,8,0.99998575
7,7,0.9972786
8,8,0.9999719
2,2,0.9999878
6,6,0.9999959
0,0,0.99998623
6,6,0.9999004
5,5,0.9987848
3,3,0.99998885
3,3,0.999924
3,3,0.99971366
9,9,0.99710566
1,1,0.9998634
4,4,0.99942315
0,0,0.99990803
6,6,0.9999996
1,1,0.99980927
0,0,0.9999452
0,0,0.9999966
6,6,0.9999742
2,2,0.9987862
1,1,0.99992496
1,1,0.9998195
7,7,0.9993462
7,7,0.99986386
8,8,0.99924254
4,4,0.99999636
6,6,0.9999986
0,0,0.9999897
7,7,0.9998412
0,0,0.9998338
3,3,0.99997514
6,6,0.99999815
8,8,0.99999017
7,7,0.9999127
1,1,0.99981
5,5,0.9994527
2,2,0.99996966
4,4,0.99999744
9,9,0.9997847
4,4,0.9999743
3,3,0.99859035
6,6,0.99902207
4,4,0.99997705
1,1,0.99894625
7,7,0.99987316
2,2,0.99989897
6,6,0.9994914
5,5,0.85645205
0,0,0.9999998
1,1,0.99952716
2,2,0.99960464
3,3,0.99999565
4,4,0.999999
5,5,0.99993986
6,6,0.9999984
7,7,0.99999493
8,8,0.9999731
9,9,0.9995895
0,0,0.99888694
1,1,0.99982905
2,2,0.99999934
3,3,0.99998206
4,4,0.999986
5,5,0.9993122
6,6,0.9999965
Number_2 (3).jpeg,2,0.627813994884491
